auc,mrr,ndcg@5,ndcg@10,recall@5,recall@10,recall@50,recall@100,recall@200,diversity@50,diversity@100,novelty@50,novelty@100,user_id,history_len
,0.0,0.0,0.0,0.0,0.0,0.0,0.0,0.0,0.12,0.09,0.72,0.82,U10008,23
,0.0,0.0,0.0,0.0,0.0,0.0,0.0,0.0,0.24,0.13,0.68,0.83,U10012,18
,0.0,0.0,0.0,0.0,0.0,0.0,0.0,0.0,0.14,0.08,0.7,0.84,U10044,20
,0.0,0.0,0.0,0.0,0.0,0.0,0.0,0.0,0.08,0.05,0.76,0.83,U10045,53
,0.0,0.0,0.0,0.0,0.0,0.0,0.0,0.0,0.24,0.13,0.84,0.92,U10050,8
,0.0,0.0,0.0,0.0,0.0,0.0,0.0,0.0,0.14,0.08,0.76,0.86,U10061,23
,0.0,0.0,0.0,0.0,0.0,0.0,0.0,0.0,0.12,0.07,1.0,0.97,U10062,141
,0.0,0.0,0.0,0.0,0.0,0.0,0.0,0.0,0.18,0.11,0.76,0.88,U10063,13
,0.0,0.0,0.0,0.0,0.0,0.0,0.0,0.0,0.18,0.1,0.82,0.91,U10065,9
,0.0,0.0,0.0,0.0,0.0,0.0,0.0,0.0,0.12,0.11,0.78,0.89,U10075,12
,0.0,0.0,0.0,0.0,0.0,0.0,0.0,0.0,0.26,0.14,0.84,0.92,U10086,8
,0.0,0.0,0.0,0.0,0.0,0.0,0.0,0.0,0.2,0.13,0.92,0.96,U10103,161
,0.0,0.0,0.0,0.0,0.0,0.0,0.0,0.0,0.2,0.12,0.56,0.77,U10133,27
,0.0,0.0,0.0,0.0,0.0,0.0,0.0,0.0,0.16,0.1,0.96,0.98,U10152,2
,0.0,0.0,0.0,0.0,0.0,0.0,0.0,0.0,0.2,0.12,0.76,0.88,U1017,14
0.5303030303030303,0.015384615384615385,0.0,0.0,0.0,0.0,0.0,0.25,0.5,0.12,0.09,0.82,0.83,U10182,36
,0.0,0.0,0.0,0.0,0.0,0.0,0.0,0.0,0.14,0.08,0.74,0.85,U10185,46
,0.0,0.0,0.0,0.0,0.0,0.0,0.0,0.0,0.14,0.08,0.88,0.94,U1019,6
,0.0,0.0,0.0,0.0,0.0,0.0,0.0,0.0,0.12,0.09,0.78,0.83,U10191,41
,0.0,0.0,0.0,0.0,0.0,0.0,0.0,0.0,0.12,0.08,0.82,0.91,U10195,9
,0.0,0.0,0.0,0.0,0.0,0.0,0.0,0.0,0.22,0.12,0.6,0.76,U10201,35
,0.0,0.0,0.0,0.0,0.0,0.0,0.0,0.0,0.08,0.04,0.74,0.86,U10218,15
,0.0,0.0,0.0,0.0,0.0,0.0,0.0,0.0,0.18,0.11,0.96,0.94,U10233,74
,0.0,0.0,0.0,0.0,0.0,0.0,0.0,0.0,0.1,0.06,0.68,0.81,U10239,22
,0.0,0.0,0.0,0.0,0.0,0.0,0.0,0.0,0.2,0.11,0.88,0.94,U10259,6
,0.0,0.0,0.0,0.0,0.0,0.0,0.0,0.0,0.12,0.1,0.78,0.86,U10265,40
,0.0,0.0,0.0,0.0,0.0,0.0,0.0,0.0,0.06,0.03,0.84,0.91,U10285,23
,0.0,0.0,0.0,0.0,0.0,0.0,0.0,0.0,0.18,0.1,0.92,0.96,U10296,4
,0.0,0.0,0.0,0.0,0.0,0.0,0.0,0.0,0.1,0.09,0.94,0.95,U1030,63
,0.0,0.0,0.0,0.0,0.0,0.0,0.0,0.0,0.18,0.11,0.96,0.95,U10306,87
,0.0,0.0,0.0,0.0,0.0,0.0,0.0,0.0,0.22,0.14,0.8,0.9,U10311,10
,0.0,0.0,0.0,0.0,0.0,0.0,0.0,0.0,0.04,0.02,0.84,0.92,U10332,8
,0.0,0.0,0.0,0.0,0.0,0.0,0.0,0.0,0.22,0.12,0.86,0.9,U10338,99
,0.0,0.0,0.0,0.0,0.0,0.0,0.0,0.0,0.04,0.02,0.9,0.91,U10404,36
,0.0,0.0,0.0,0.0,0.0,0.0,0.0,0.0,0.2,0.14,0.82,0.88,U1045,37
,0.0,0.0,0.0,0.0,0.0,0.0,0.0,0.0,0.06,0.08,0.8,0.81,U10450,38
,0.0,0.0,0.0,0.0,0.0,0.0,0.0,0.0,0.16,0.11,0.7,0.82,U10451,30
,0.0,0.0,0.0,0.0,0.0,0.0,0.0,0.0,0.2,0.11,0.84,0.92,U10455,8
,0.0,0.0,0.0,0.0,0.0,0.0,0.0,0.0,0.14,0.11,0.7,0.83,U10474,20
,0.0,0.0,0.0,0.0,0.0,0.0,0.0,0.0,0.14,0.09,0.98,0.99,U10478,1
,0.0,0.0,0.0,0.0,0.0,0.0,0.0,0.0,0.08,0.05,0.84,0.89,U10482,50
,0.0,0.0,0.0,0.0,0.0,0.0,0.0,0.0,0.12,0.09,0.86,0.93,U10491,7
,0.0,0.0,0.0,0.0,0.0,0.0,0.0,0.0,0.12,0.06,0.8,0.89,U10507,11
,0.0,0.0,0.0,0.0,0.0,0.0,0.0,0.0,0.12,0.06,0.8,0.87,U10516,15
,0.0,0.0,0.0,0.0,0.0,0.0,0.0,0.0,0.18,0.1,0.68,0.83,U10524,19
,0.0,0.0,0.0,0.0,0.0,0.0,0.0,0.0,0.16,0.08,0.76,0.88,U1053,12
,0.0,0.0,0.0,0.0,0.0,0.0,0.0,0.0,0.2,0.11,0.68,0.8,U10585,38
,0.0,0.0,0.0,0.0,0.0,0.0,0.0,0.0,0.08,0.08,0.92,0.9,U10604,50
,0.0,0.0,0.0,0.0,0.0,0.0,0.0,0.0,0.2,0.11,0.9,0.95,U10611,5
0.5025125628140703,0.01,0.0,0.0,0.0,0.0,0.0,0.3333333333333333,0.3333333333333333,0.08,0.05,0.72,0.8,U10635,146
,0.0,0.0,0.0,0.0,0.0,0.0,0.0,0.0,0.2,0.12,0.76,0.88,U10674,12
,0.0,0.0,0.0,0.0,0.0,0.0,0.0,0.0,0.1,0.08,0.84,0.86,U10700,48
,0.0,0.0,0.0,0.0,0.0,0.0,0.0,0.0,0.06,0.04,0.8,0.88,U10703,40
,0.0,0.0,0.0,0.0,0.0,0.0,0.0,0.0,0.1,0.07,0.66,0.77,U10729,48
,0.0,0.0,0.0,0.0,0.0,0.0,0.0,0.0,0.2,0.11,0.82,0.86,U10742,50
,0.0,0.0,0.0,0.0,0.0,0.0,0.0,0.0,0.16,0.08,0.72,0.85,U10773,16
,0.0,0.0,0.0,0.0,0.0,0.0,0.0,0.0,0.24,0.13,0.74,0.81,U10822,49
,0.0,0.0,0.0,0.0,0.0,0.0,0.0,0.0,0.1,0.07,0.84,0.91,U1083,51
,0.0,0.0,0.0,0.0,0.0,0.0,0.0,0.0,0.1,0.06,0.76,0.88,U10855,13
,0.0,0.0,0.0,0.0,0.0,0.0,0.0,0.0,0.14,0.1,0.92,0.96,U10862,4
0.6080402010050251,0.012658227848101266,0.0,0.0,0.0,0.0,0.0,0.5,0.5,0.12,0.09,0.74,0.81,U10866,29
,0.0,0.0,0.0,0.0,0.0,0.0,0.0,0.0,0.1,0.06,0.94,0.97,U10868,3
,0.0,0.0,0.0,0.0,0.0,0.0,0.0,0.0,0.1,0.06,0.9,0.95,U10906,5
,0.0,0.0,0.0,0.0,0.0,0.0,0.0,0.0,0.2,0.11,0.84,0.92,U10909,8
,0.0,0.0,0.0,0.0,0.0,0.0,0.0,0.0,0.04,0.03,0.82,0.91,U10910,9
,0.0,0.0,0.0,0.0,0.0,0.0,0.0,0.0,0.16,0.08,0.62,0.78,U10928,52
0.20603015075376885,0.006289308176100629,0.0,0.0,0.0,0.0,0.0,0.0,1.0,0.04,0.03,0.92,0.94,U10936,59
0.7788944723618091,0.022222222222222223,0.0,0.0,0.0,0.0,0.3333333333333333,0.3333333333333333,0.3333333333333333,0.1,0.08,0.8,0.88,U10944,30
,0.0,0.0,0.0,0.0,0.0,0.0,0.0,0.0,0.14,0.07,0.66,0.82,U10979,18
,0.0,0.0,0.0,0.0,0.0,0.0,0.0,0.0,0.16,0.1,0.94,0.96,U1098,205
,0.0,0.0,0.0,0.0,0.0,0.0,0.0,0.0,0.14,0.1,0.64,0.77,U11007,29
,0.0,0.0,0.0,0.0,0.0,0.0,0.0,0.0,0.14,0.11,0.82,0.89,U11014,69
0.8391959798994975,0.030303030303030304,0.0,0.0,0.0,0.0,1.0,1.0,1.0,0.1,0.07,0.82,0.89,U1103,17
,0.0,0.0,0.0,0.0,0.0,0.0,0.0,0.0,0.16,0.08,0.76,0.87,U11059,13
,0.0,0.0,0.0,0.0,0.0,0.0,0.0,0.0,0.24,0.14,0.74,0.85,U11075,17
,0.0,0.0,0.0,0.0,0.0,0.0,0.0,0.0,0.2,0.1,0.78,0.84,U11124,59
,0.0,0.0,0.0,0.0,0.0,0.0,0.0,0.0,0.18,0.1,0.68,0.81,U11146,37
,0.0,0.0,0.0,0.0,0.0,0.0,0.0,0.0,0.1,0.05,0.78,0.89,U11157,11
,0.0,0.0,0.0,0.0,0.0,0.0,0.0,0.0,0.22,0.12,0.62,0.78,U11159,31
,0.0,0.0,0.0,0.0,0.0,0.0,0.0,0.0,0.08,0.07,0.66,0.8,U11165,34
,0.0,0.0,0.0,0.0,0.0,0.0,0.0,0.0,0.14,0.09,0.96,0.98,U11178,2
,0.0,0.0,0.0,0.0,0.0,0.0,0.0,0.0,0.16,0.12,0.68,0.84,U11185,16
,0.0,0.0,0.0,0.0,0.0,0.0,0.0,0.0,0.18,0.11,0.52,0.75,U112,25
,0.0,0.0,0.0,0.0,0.0,0.0,0.0,0.0,0.1,0.05,0.84,0.92,U1121,9
,0.0,0.0,0.0,0.0,0.0,0.0,0.0,0.0,0.22,0.13,1.0,0.99,U11232,117
,0.0,0.0,0.0,0.0,0.0,0.0,0.0,0.0,0.2,0.11,0.9,0.93,U11250,91
,0.0,0.0,0.0,0.0,0.0,0.0,0.0,0.0,0.14,0.08,0.68,0.83,U11255,31
,0.0,0.0,0.0,0.0,0.0,0.0,0.0,0.0,0.22,0.11,0.66,0.8,U11271,44
,0.0,0.0,0.0,0.0,0.0,0.0,0.0,0.0,0.12,0.1,0.98,0.99,U11274,1
,0.0,0.0,0.0,0.0,0.0,0.0,0.0,0.0,0.14,0.1,0.84,0.92,U11277,8
,0.0,0.0,0.0,0.0,0.0,0.0,0.0,0.0,0.12,0.09,0.74,0.85,U11292,38
,0.0,0.0,0.0,0.0,0.0,0.0,0.0,0.0,0.06,0.06,0.68,0.79,U11304,74
,0.0,0.0,0.0,0.0,0.0,0.0,0.0,0.0,0.14,0.08,0.6,0.79,U11316,23
,0.0,0.0,0.0,0.0,0.0,0.0,0.0,0.0,0.1,0.11,0.74,0.84,U11320,43
,0.0,0.0,0.0,0.0,0.0,0.0,0.0,0.0,0.18,0.1,0.72,0.83,U11324,41
,0.0,0.0,0.0,0.0,0.0,0.0,0.0,0.0,0.18,0.12,0.74,0.85,U11340,42
,0.0,0.0,0.0,0.0,0.0,0.0,0.0,0.0,0.1,0.09,0.88,0.89,U11341,31
,0.0,0.0,0.0,0.0,0.0,0.0,0.0,0.0,0.16,0.1,0.64,0.75,U11344,28
0.6582914572864321,0.014492753623188406,0.0,0.0,0.0,0.0,0.0,0.14285714285714285,0.14285714285714285,0.22,0.12,0.68,0.81,U11356,45
,0.0,0.0,0.0,0.0,0.0,0.0,0.0,0.0,0.08,0.06,0.74,0.83,U11357,22
,0.0,0.0,0.0,0.0,0.0,0.0,0.0,0.0,0.22,0.13,0.7,0.85,U11453,16
,0.0,0.0,0.0,0.0,0.0,0.0,0.0,0.0,0.2,0.13,0.86,0.9,U11454,63
,0.0,0.0,0.0,0.0,0.0,0.0,0.0,0.0,0.18,0.12,0.94,0.97,U11465,3
,0.0,0.0,0.0,0.0,0.0,0.0,0.0,0.0,0.1,0.06,0.68,0.84,U11473,16
,0.0,0.0,0.0,0.0,0.0,0.0,0.0,0.0,0.22,0.12,0.8,0.9,U11474,10
,0.0,0.0,0.0,0.0,0.0,0.0,0.0,0.0,0.2,0.11,0.92,0.94,U11489,98
,0.0,0.0,0.0,0.0,0.0,0.0,0.0,0.0,0.18,0.12,0.74,0.86,U1150,18
,0.0,0.0,0.0,0.0,0.0,0.0,0.0,0.0,0.16,0.11,0.92,0.92,U11506,122
,0.0,0.0,0.0,0.0,0.0,0.0,0.0,0.0,0.1,0.09,0.92,0.96,U11508,4
,0.0,0.0,0.0,0.0,0.0,0.0,0.0,0.0,0.1,0.07,0.92,0.94,U11511,80
,0.0,0.0,0.0,0.0,0.0,0.0,0.0,0.0,0.26,0.13,0.74,0.86,U11536,16
,0.0,0.0,0.0,0.0,0.0,0.0,0.0,0.0,0.2,0.11,0.9,0.95,U11547,5
,0.0,0.0,0.0,0.0,0.0,0.0,0.0,0.0,0.1,0.09,0.98,0.99,U11552,1
,0.0,0.0,0.0,0.0,0.0,0.0,0.0,0.0,0.24,0.12,0.66,0.79,U11556,28
,0.0,0.0,0.0,0.0,0.0,0.0,0.0,0.0,0.14,0.1,0.74,0.84,U1158,41
,0.0,0.0,0.0,0.0,0.0,0.0,0.0,0.0,0.18,0.13,0.84,0.92,U11610,8
0.7035175879396985,0.016666666666666666,0.0,0.0,0.0,0.0,0.0,0.16666666666666666,0.16666666666666666,0.1,0.08,0.88,0.87,U1163,42
,0.0,0.0,0.0,0.0,0.0,0.0,0.0,0.0,0.16,0.08,0.62,0.79,U11633,41
,0.0,0.0,0.0,0.0,0.0,0.0,0.0,0.0,0.16,0.1,0.92,0.96,U11672,4
,0.0,0.0,0.0,0.0,0.0,0.0,0.0,0.0,0.18,0.13,0.58,0.77,U11706,24
,0.0,0.0,0.0,0.0,0.0,0.0,0.0,0.0,0.14,0.11,0.94,0.96,U11713,85
,0.0,0.0,0.0,0.0,0.0,0.0,0.0,0.0,0.08,0.08,0.94,0.97,U11792,3
,0.0,0.0,0.0,0.0,0.0,0.0,0.0,0.0,0.14,0.1,0.82,0.91,U11801,9
,0.0,0.0,0.0,0.0,0.0,0.0,0.0,0.0,0.12,0.07,0.78,0.88,U11828,13
,0.0,0.0,0.0,0.0,0.0,0.0,0.0,0.0,0.16,0.12,0.76,0.87,U11858,13
,0.0,0.0,0.0,0.0,0.0,0.0,0.0,0.0,0.2,0.11,0.74,0.82,U11876,64
,0.0,0.0,0.0,0.0,0.0,0.0,0.0,0.0,0.14,0.07,0.96,0.98,U11892,2
,0.0,0.0,0.0,0.0,0.0,0.0,0.0,0.0,0.16,0.09,0.78,0.84,U11894,41
,0.0,0.0,0.0,0.0,0.0,0.0,0.0,0.0,0.18,0.11,0.82,0.91,U11895,9
,0.0,0.0,0.0,0.0,0.0,0.0,0.0,0.0,0.16,0.1,0.92,0.96,U11921,178
,0.0,0.0,0.0,0.0,0.0,0.0,0.0,0.0,0.12,0.09,0.7,0.85,U11935,20
,0.0,0.0,0.0,0.0,0.0,0.0,0.0,0.0,0.18,0.11,0.7,0.8,U11945,31
,0.0,0.0,0.0,0.0,0.0,0.0,0.0,0.0,0.16,0.1,0.7,0.82,U11963,18
,0.0,0.0,0.0,0.0,0.0,0.0,0.0,0.0,0.16,0.08,0.88,0.94,U11979,6
,0.0,0.0,0.0,0.0,0.0,0.0,0.0,0.0,0.08,0.05,0.88,0.94,U11994,6
,0.0,0.0,0.0,0.0,0.0,0.0,0.0,0.0,0.2,0.1,0.68,0.8,U12001,38
,0.0,0.0,0.0,0.0,0.0,0.0,0.0,0.0,0.14,0.12,0.82,0.88,U12023,44
,0.0,0.0,0.0,0.0,0.0,0.0,0.0,0.0,0.18,0.09,0.78,0.89,U12026,12
,0.0,0.0,0.0,0.0,0.0,0.0,0.0,0.0,0.06,0.05,0.88,0.9,U12027,92
,0.0,0.0,0.0,0.0,0.0,0.0,0.0,0.0,0.18,0.1,0.86,0.91,U12032,44
,0.0,0.0,0.0,0.0,0.0,0.0,0.0,0.0,0.14,0.08,0.78,0.87,U12045,17
,0.0,0.0,0.0,0.0,0.0,0.0,0.0,0.0,0.1,0.05,0.74,0.81,U12091,45
,0.0,0.0,0.0,0.0,0.0,0.0,0.0,0.0,0.12,0.06,0.58,0.77,U12108,45
,0.0,0.0,0.0,0.0,0.0,0.0,0.0,0.0,0.24,0.13,0.64,0.79,U12124,30
,0.0,0.0,0.0,0.0,0.0,0.0,0.0,0.0,0.06,0.03,0.98,0.99,U12146,1
,0.0,0.0,0.0,0.0,0.0,0.0,0.0,0.0,0.16,0.1,0.84,0.88,U12147,70
,0.0,0.0,0.0,0.0,0.0,0.0,0.0,0.0,0.12,0.06,0.84,0.92,U12148,9
,0.0,0.0,0.0,0.0,0.0,0.0,0.0,0.0,0.22,0.12,0.86,0.93,U1215,7
,0.0,0.0,0.0,0.0,0.0,0.0,0.0,0.0,0.18,0.11,0.74,0.86,U12166,15
,0.0,0.0,0.0,0.0,0.0,0.0,0.0,0.0,0.2,0.12,0.92,0.96,U1217,4
,0.0,0.0,0.0,0.0,0.0,0.0,0.0,0.0,0.1,0.1,0.9,0.95,U12183,5
,0.0,0.0,0.0,0.0,0.0,0.0,0.0,0.0,0.12,0.08,0.76,0.85,U12226,32
,0.0,0.0,0.0,0.0,0.0,0.0,0.0,0.0,0.06,0.03,0.88,0.93,U12239,77
,0.0,0.0,0.0,0.0,0.0,0.0,0.0,0.0,0.2,0.13,0.64,0.8,U12265,29
,0.0,0.0,0.0,0.0,0.0,0.0,0.0,0.0,0.18,0.1,0.76,0.88,U12282,13
,0.0,0.0,0.0,0.0,0.0,0.0,0.0,0.0,0.14,0.1,0.84,0.92,U12316,8
,0.0,0.0,0.0,0.0,0.0,0.0,0.0,0.0,0.16,0.11,0.82,0.9,U12325,13
,0.0,0.0,0.0,0.0,0.0,0.0,0.0,0.0,0.1,0.05,0.76,0.88,U12345,12
,0.0,0.0,0.0,0.0,0.0,0.0,0.0,0.0,0.18,0.11,0.82,0.89,U12367,44
,0.0,0.0,0.0,0.0,0.0,0.0,0.0,0.0,0.18,0.11,0.76,0.81,U1240,83
,0.0,0.0,0.0,0.0,0.0,0.0,0.0,0.0,0.18,0.13,0.64,0.82,U12409,20
,0.0,0.0,0.0,0.0,0.0,0.0,0.0,0.0,0.1,0.05,0.9,0.95,U12412,5
0.4472361809045226,0.009009009009009009,0.0,0.0,0.0,0.0,0.0,0.0,0.5,0.14,0.09,0.82,0.91,U12425,9
,0.0,0.0,0.0,0.0,0.0,0.0,0.0,0.0,0.2,0.11,0.6,0.79,U12430,23
,0.0,0.0,0.0,0.0,0.0,0.0,0.0,0.0,0.06,0.04,0.74,0.84,U12452,24
,0.0,0.0,0.0,0.0,0.0,0.0,0.0,0.0,0.26,0.13,0.84,0.92,U12460,8
,0.0,0.0,0.0,0.0,0.0,0.0,0.0,0.0,0.14,0.09,0.92,0.96,U12466,4
,0.0,0.0,0.0,0.0,0.0,0.0,0.0,0.0,0.18,0.1,0.8,0.82,U12485,71
,0.0,0.0,0.0,0.0,0.0,0.0,0.0,0.0,0.24,0.13,0.92,0.96,U12488,4
,0.0,0.0,0.0,0.0,0.0,0.0,0.0,0.0,0.18,0.1,0.72,0.82,U12536,29
,0.0,0.0,0.0,0.0,0.0,0.0,0.0,0.0,0.18,0.12,0.9,0.95,U12543,5
,0.0,0.0,0.0,0.0,0.0,0.0,0.0,0.0,0.26,0.14,0.72,0.84,U12556,39
,0.0,0.0,0.0,0.0,0.0,0.0,0.0,0.0,0.24,0.12,0.66,0.81,U12564,21
,0.0,0.0,0.0,0.0,0.0,0.0,0.0,0.0,0.2,0.11,0.68,0.83,U12580,24
,0.0,0.0,0.0,0.0,0.0,0.0,0.0,0.0,0.24,0.14,0.62,0.81,U12611,20
,0.0,0.0,0.0,0.0,0.0,0.0,0.0,0.0,0.24,0.14,0.64,0.8,U12618,26
,0.0,0.0,0.0,0.0,0.0,0.0,0.0,0.0,0.06,0.05,0.92,0.96,U12620,4
,0.0,0.0,0.0,0.0,0.0,0.0,0.0,0.0,0.02,0.03,0.8,0.82,U12623,74
,0.0,0.0,0.0,0.0,0.0,0.0,0.0,0.0,0.2,0.12,0.58,0.77,U12630,36
,0.0,0.0,0.0,0.0,0.0,0.0,0.0,0.0,0.12,0.09,0.74,0.83,U12631,18
,0.0,0.0,0.0,0.0,0.0,0.0,0.0,0.0,0.14,0.08,0.82,0.91,U12633,9
,0.0,0.0,0.0,0.0,0.0,0.0,0.0,0.0,0.18,0.1,0.54,0.76,U1266,27
,0.0,0.0,0.0,0.0,0.0,0.0,0.0,0.0,0.16,0.09,0.64,0.79,U12667,46
,0.0,0.0,0.0,0.0,0.0,0.0,0.0,0.0,0.18,0.12,0.7,0.81,U12671,57
,0.0,0.0,0.0,0.0,0.0,0.0,0.0,0.0,0.26,0.14,0.8,0.88,U12683,13
,0.0,0.0,0.0,0.0,0.0,0.0,0.0,0.0,0.18,0.13,0.72,0.83,U12727,39
,0.0,0.0,0.0,0.0,0.0,0.0,0.0,0.0,0.18,0.12,0.66,0.78,U12730,39
,0.0,0.0,0.0,0.0,0.0,0.0,0.0,0.0,0.2,0.11,0.74,0.83,U12732,45
,0.0,0.0,0.0,0.0,0.0,0.0,0.0,0.0,0.22,0.12,0.78,0.86,U12736,50
,0.0,0.0,0.0,0.0,0.0,0.0,0.0,0.0,0.12,0.08,0.94,0.97,U12737,3
,0.0,0.0,0.0,0.0,0.0,0.0,0.0,0.0,0.18,0.1,0.6,0.78,U1277,33
,0.0,0.0,0.0,0.0,0.0,0.0,0.0,0.0,0.14,0.11,0.9,0.95,U12818,5
,0.0,0.0,0.0,0.0,0.0,0.0,0.0,0.0,0.12,0.1,0.88,0.94,U1285,6
,0.0,0.0,0.0,0.0,0.0,0.0,0.0,0.0,0.12,0.08,0.82,0.91,U12851,9
,0.0,0.0,0.0,0.0,0.0,0.0,0.0,0.0,0.24,0.13,0.8,0.9,U12852,10
,0.0,0.0,0.0,0.0,0.0,0.0,0.0,0.0,0.14,0.08,0.68,0.83,U12857,18
,0.0,0.0,0.0,0.0,0.0,0.0,0.0,0.0,0.14,0.08,0.94,0.97,U12883,3
,0.0,0.0,0.0,0.0,0.0,0.0,0.0,0.0,0.14,0.1,0.7,0.85,U12885,17
,0.0,0.0,0.0,0.0,0.0,0.0,0.0,0.0,0.14,0.09,0.84,0.92,U12889,8
,0.0,0.0,0.0,0.0,0.0,0.0,0.0,0.0,0.16,0.09,0.84,0.92,U12893,8
,0.0,0.0,0.0,0.0,0.0,0.0,0.0,0.0,0.22,0.12,0.98,0.99,U129,1
,0.0,0.0,0.0,0.0,0.0,0.0,0.0,0.0,0.1,0.1,0.66,0.8,U12912,25
,0.0,0.0,0.0,0.0,0.0,0.0,0.0,0.0,0.04,0.06,0.92,0.96,U12947,157
,0.0,0.0,0.0,0.0,0.0,0.0,0.0,0.0,0.16,0.11,0.88,0.94,U12958,7
,0.0,0.0,0.0,0.0,0.0,0.0,0.0,0.0,0.18,0.1,0.68,0.81,U12986,23
,0.0,0.0,0.0,0.0,0.0,0.0,0.0,0.0,0.14,0.09,0.88,0.94,U12992,6
,0.0,0.0,0.0,0.0,0.0,0.0,0.0,0.0,0.22,0.12,0.78,0.88,U13009,12
,0.0,0.0,0.0,0.0,0.0,0.0,0.0,0.0,0.12,0.09,0.92,0.93,U13016,65
,0.0,0.0,0.0,0.0,0.0,0.0,0.0,0.0,0.12,0.07,0.9,0.95,U13018,5
,0.0,0.0,0.0,0.0,0.0,0.0,0.0,0.0,0.1,0.07,0.94,0.97,U13031,3
,0.0,0.0,0.0,0.0,0.0,0.0,0.0,0.0,0.16,0.09,0.88,0.94,U1305,6
,0.0,0.0,0.0,0.0,0.0,0.0,0.0,0.0,0.08,0.04,0.92,0.95,U13061,119
,0.0,0.0,0.0,0.0,0.0,0.0,0.0,0.0,0.22,0.11,0.6,0.74,U13084,35
,0.0,0.0,0.0,0.0,0.0,0.0,0.0,0.0,0.2,0.12,0.7,0.79,U13088,27
,0.0,0.0,0.0,0.0,0.0,0.0,0.0,0.0,0.18,0.11,0.7,0.82,U1310,30
,0.0,0.0,0.0,0.0,0.0,0.0,0.0,0.0,0.14,0.09,0.92,0.96,U1312,4
,0.0,0.0,0.0,0.0,0.0,0.0,0.0,0.0,0.14,0.11,0.72,0.86,U13132,15
,0.0,0.0,0.0,0.0,0.0,0.0,0.0,0.0,0.18,0.12,0.62,0.78,U13151,29
,0.0,0.0,0.0,0.0,0.0,0.0,0.0,0.0,0.1,0.08,0.86,0.93,U13203,7
,0.0,0.0,0.0,0.0,0.0,0.0,0.0,0.0,0.04,0.02,0.78,0.87,U13216,39
,0.0,0.0,0.0,0.0,0.0,0.0,0.0,0.0,0.22,0.12,0.64,0.82,U13239,19
,0.0,0.0,0.0,0.0,0.0,0.0,0.0,0.0,0.08,0.04,0.88,0.89,U13282,11
,0.0,0.0,0.0,0.0,0.0,0.0,0.0,0.0,0.14,0.09,0.96,0.98,U13284,2
,0.0,0.0,0.0,0.0,0.0,0.0,0.0,0.0,0.02,0.03,0.74,0.82,U1331,110
,0.0,0.0,0.0,0.0,0.0,0.0,0.0,0.0,0.16,0.11,0.92,0.95,U13314,214
0.592964824120603,0.012195121951219513,0.0,0.0,0.0,0.0,0.0,0.1111111111111111,0.1111111111111111,0.18,0.09,0.84,0.91,U13319,171
,0.0,0.0,0.0,0.0,0.0,0.0,0.0,0.0,0.2,0.12,0.7,0.82,U1336,23
,0.0,0.0,0.0,0.0,0.0,0.0,0.0,0.0,0.12,0.1,0.8,0.87,U13377,54
,0.0,0.0,0.0,0.0,0.0,0.0,0.0,0.0,0.2,0.11,0.7,0.85,U13390,16
,0.0,0.0,0.0,0.0,0.0,0.0,0.0,0.0,0.08,0.04,0.74,0.87,U13399,13
,0.0,0.0,0.0,0.0,0.0,0.0,0.0,0.0,0.16,0.1,0.78,0.84,U13406,52
,0.0,0.0,0.0,0.0,0.0,0.0,0.0,0.0,0.08,0.07,0.88,0.94,U13463,6
,0.0,0.0,0.0,0.0,0.0,0.0,0.0,0.0,0.16,0.12,0.78,0.89,U1347,12
,0.0,0.0,0.0,0.0,0.0,0.0,0.0,0.0,0.04,0.02,0.84,0.89,U13496,21
,0.0,0.0,0.0,0.0,0.0,0.0,0.0,0.0,0.14,0.1,0.74,0.86,U13537,14
,0.0,0.0,0.0,0.0,0.0,0.0,0.0,0.0,0.14,0.07,0.78,0.88,U1354,12
,0.0,0.0,0.0,0.0,0.0,0.0,0.0,0.0,0.08,0.04,0.86,0.91,U13551,9
,0.0,0.0,0.0,0.0,0.0,0.0,0.0,0.0,0.16,0.1,0.8,0.9,U13582,10
,0.0,0.0,0.0,0.0,0.0,0.0,0.0,0.0,0.24,0.14,0.72,0.86,U13589,14
,0.0,0.0,0.0,0.0,0.0,0.0,0.0,0.0,0.14,0.1,0.68,0.84,U136,18
,0.0,0.0,0.0,0.0,0.0,0.0,0.0,0.0,0.26,0.14,0.66,0.81,U13608,24
,0.0,0.0,0.0,0.0,0.0,0.0,0.0,0.0,0.22,0.12,0.62,0.81,U13638,20
,0.0,0.0,0.0,0.0,0.0,0.0,0.0,0.0,0.18,0.11,0.76,0.88,U1366,12
,0.0,0.0,0.0,0.0,0.0,0.0,0.0,0.0,0.16,0.09,0.74,0.86,U13669,15
,0.0,0.0,0.0,0.0,0.0,0.0,0.0,0.0,0.1,0.05,0.72,0.85,U13675,22
,0.0,0.0,0.0,0.0,0.0,0.0,0.0,0.0,0.08,0.05,0.62,0.78,U13683,33
0.7437185929648241,0.019230769230769232,0.0,0.0,0.0,0.0,0.0,0.3333333333333333,0.3333333333333333,0.14,0.12,0.66,0.8,U137,29
,0.0,0.0,0.0,0.0,0.0,0.0,0.0,0.0,0.18,0.1,0.68,0.82,U13708,19
,0.0,0.0,0.0,0.0,0.0,0.0,0.0,0.0,0.12,0.06,0.8,0.9,U13720,10
,0.0,0.0,0.0,0.0,0.0,0.0,0.0,0.0,0.2,0.13,0.7,0.82,U13844,27
0.5778894472361809,0.011764705882352941,0.0,0.0,0.0,0.0,0.0,0.3333333333333333,0.3333333333333333,0.16,0.11,0.9,0.95,U13853,5
,0.0,0.0,0.0,0.0,0.0,0.0,0.0,0.0,0.16,0.1,0.8,0.89,U13880,11
,0.0,0.0,0.0,0.0,0.0,0.0,0.0,0.0,0.16,0.08,0.78,0.89,U13882,11
,0.0,0.0,0.0,0.0,0.0,0.0,0.0,0.0,0.04,0.05,0.88,0.92,U13899,27
,0.0,0.0,0.0,0.0,0.0,0.0,0.0,0.0,0.14,0.1,0.78,0.87,U13919,17
,0.0,0.0,0.0,0.0,0.0,0.0,0.0,0.0,0.2,0.13,0.96,0.98,U13933,2
,0.0,0.0,0.0,0.0,0.0,0.0,0.0,0.0,0.14,0.09,0.9,0.95,U13944,5
,0.0,0.0,0.0,0.0,0.0,0.0,0.0,0.0,0.14,0.09,0.98,0.99,U13959,1
,0.0,0.0,0.0,0.0,0.0,0.0,0.0,0.0,0.2,0.13,0.58,0.78,U13961,35
,0.0,0.0,0.0,0.0,0.0,0.0,0.0,0.0,0.2,0.1,0.84,0.92,U13983,8
,0.0,0.0,0.0,0.0,0.0,0.0,0.0,0.0,0.1,0.07,0.94,0.97,U13986,3
,0.0,0.0,0.0,0.0,0.0,0.0,0.0,0.0,0.18,0.11,0.64,0.81,U14025,21
,0.0,0.0,0.0,0.0,0.0,0.0,0.0,0.0,0.18,0.12,0.76,0.88,U14038,12
,0.0,0.0,0.0,0.0,0.0,0.0,0.0,0.0,0.12,0.07,0.76,0.88,U14053,12
,0.0,0.0,0.0,0.0,0.0,0.0,0.0,0.0,0.18,0.12,0.8,0.9,U14081,10
,0.0,0.0,0.0,0.0,0.0,0.0,0.0,0.0,0.14,0.12,0.78,0.86,U14098,19
,0.0,0.0,0.0,0.0,0.0,0.0,0.0,0.0,0.14,0.08,0.82,0.87,U14100,61
,0.0,0.0,0.0,0.0,0.0,0.0,0.0,0.0,0.2,0.12,0.8,0.87,U14122,16
,0.0,0.0,0.0,0.0,0.0,0.0,0.0,0.0,0.12,0.08,0.82,0.91,U1413,9
,0.0,0.0,0.0,0.0,0.0,0.0,0.0,0.0,0.16,0.11,0.68,0.82,U14154,19
,0.0,0.0,0.0,0.0,0.0,0.0,0.0,0.0,0.24,0.13,0.88,0.94,U14162,6
,0.0,0.0,0.0,0.0,0.0,0.0,0.0,0.0,0.1,0.06,0.74,0.8,U14190,60
,0.0,0.0,0.0,0.0,0.0,0.0,0.0,0.0,0.2,0.12,0.78,0.89,U14199,12
,0.0,0.0,0.0,0.0,0.0,0.0,0.0,0.0,0.16,0.12,0.9,0.95,U14213,5
,0.0,0.0,0.0,0.0,0.0,0.0,0.0,0.0,0.22,0.14,0.9,0.95,U14235,5
,0.0,0.0,0.0,0.0,0.0,0.0,0.0,0.0,0.18,0.11,0.62,0.77,U14241,30
,0.0,0.0,0.0,0.0,0.0,0.0,0.0,0.0,0.1,0.06,0.78,0.89,U14251,11
,0.0,0.0,0.0,0.0,0.0,0.0,0.0,0.0,0.26,0.13,0.62,0.79,U1426,31
,0.0,0.0,0.0,0.0,0.0,0.0,0.0,0.0,0.16,0.08,0.82,0.91,U14262,9
,0.0,0.0,0.0,0.0,0.0,0.0,0.0,0.0,0.18,0.11,0.74,0.87,U14267,13
,0.0,0.0,0.0,0.0,0.0,0.0,0.0,0.0,0.18,0.12,0.56,0.78,U14269,28
,0.0,0.0,0.0,0.0,0.0,0.0,0.0,0.0,0.18,0.09,0.96,0.97,U14271,214
,0.0,0.0,0.0,0.0,0.0,0.0,0.0,0.0,0.18,0.12,0.74,0.87,U14281,13
,0.0,0.0,0.0,0.0,0.0,0.0,0.0,0.0,0.18,0.11,0.92,0.96,U14318,4
,0.0,0.0,0.0,0.0,0.0,0.0,0.0,0.0,0.12,0.1,0.72,0.84,U14329,44
,0.0,0.0,0.0,0.0,0.0,0.0,0.0,0.0,0.16,0.12,0.86,0.93,U14333,7
,0.0,0.0,0.0,0.0,0.0,0.0,0.0,0.0,0.18,0.09,0.6,0.78,U14341,26
,0.0,0.0,0.0,0.0,0.0,0.0,0.0,0.0,0.12,0.08,0.7,0.8,U14344,39
,0.0,0.0,0.0,0.0,0.0,0.0,0.0,0.0,0.1,0.08,0.74,0.84,U14354,23
,0.0,0.0,0.0,0.0,0.0,0.0,0.0,0.0,0.12,0.08,0.94,0.97,U14378,3
,0.0,0.0,0.0,0.0,0.0,0.0,0.0,0.0,0.12,0.07,0.82,0.91,U14383,9
,0.0,0.0,0.0,0.0,0.0,0.0,0.0,0.0,0.2,0.13,0.92,0.96,U14394,4
,0.0,0.0,0.0,0.0,0.0,0.0,0.0,0.0,0.18,0.12,0.6,0.74,U14410,33
,0.0,0.0,0.0,0.0,0.0,0.0,0.0,0.0,0.06,0.03,0.88,0.94,U14416,6
,0.0,0.0,0.0,0.0,0.0,0.0,0.0,0.0,0.26,0.14,0.84,0.92,U1443,8
,0.0,0.0,0.0,0.0,0.0,0.0,0.0,0.0,0.14,0.08,0.86,0.93,U14434,7
,0.0,0.0,0.0,0.0,0.0,0.0,0.0,0.0,0.16,0.1,0.66,0.81,U14447,37
,0.0,0.0,0.0,0.0,0.0,0.0,0.0,0.0,0.22,0.13,0.78,0.86,U14448,70
,0.0,0.0,0.0,0.0,0.0,0.0,0.0,0.0,0.18,0.1,0.72,0.86,U1445,15
,0.0,0.0,0.0,0.0,0.0,0.0,0.0,0.0,0.06,0.05,0.72,0.82,U14462,48
,0.0,0.0,0.0,0.0,0.0,0.0,0.0,0.0,0.16,0.12,0.78,0.86,U14484,72
,0.0,0.0,0.0,0.0,0.0,0.0,0.0,0.0,0.2,0.12,0.74,0.86,U14496,19
,0.0,0.0,0.0,0.0,0.0,0.0,0.0,0.0,0.14,0.11,0.84,0.92,U14521,8
,0.0,0.0,0.0,0.0,0.0,0.0,0.0,0.0,0.16,0.13,0.88,0.94,U14536,6
,0.0,0.0,0.0,0.0,0.0,0.0,0.0,0.0,0.16,0.1,0.64,0.77,U14596,33
,0.0,0.0,0.0,0.0,0.0,0.0,0.0,0.0,0.18,0.11,0.74,0.86,U14609,14
,0.0,0.0,0.0,0.0,0.0,0.0,0.0,0.0,0.2,0.12,0.66,0.82,U14617,22
,0.0,0.0,0.0,0.0,0.0,0.0,0.0,0.0,0.16,0.08,0.68,0.79,U14621,34
,0.0,0.0,0.0,0.0,0.0,0.0,0.0,0.0,0.14,0.08,0.62,0.75,U14623,31
,0.0,0.0,0.0,0.0,0.0,0.0,0.0,0.0,0.16,0.13,0.66,0.79,U14655,27
,0.0,0.0,0.0,0.0,0.0,0.0,0.0,0.0,0.16,0.11,0.88,0.94,U14728,6
,0.0,0.0,0.0,0.0,0.0,0.0,0.0,0.0,0.14,0.08,0.94,0.96,U14738,118
,0.0,0.0,0.0,0.0,0.0,0.0,0.0,0.0,0.1,0.07,0.8,0.84,U14740,63
,0.0,0.0,0.0,0.0,0.0,0.0,0.0,0.0,0.2,0.11,0.78,0.89,U14814,11
,0.0,0.0,0.0,0.0,0.0,0.0,0.0,0.0,0.16,0.12,0.66,0.73,U14817,37
,0.0,0.0,0.0,0.0,0.0,0.0,0.0,0.0,0.1,0.05,0.76,0.85,U14865,33
,0.0,0.0,0.0,0.0,0.0,0.0,0.0,0.0,0.22,0.13,0.72,0.83,U14886,50
,0.0,0.0,0.0,0.0,0.0,0.0,0.0,0.0,0.22,0.12,0.8,0.87,U1490,37
,0.0,0.0,0.0,0.0,0.0,0.0,0.0,0.0,0.12,0.07,0.76,0.88,U14918,12
,0.0,0.0,0.0,0.0,0.0,0.0,0.0,0.0,0.02,0.02,0.8,0.84,U14929,57
0.7738693467336684,0.021739130434782608,0.0,0.0,0.0,0.0,0.1,0.1,0.1,0.12,0.11,0.88,0.93,U1493,57
,0.0,0.0,0.0,0.0,0.0,0.0,0.0,0.0,0.1,0.05,0.84,0.92,U14939,8
0.37185929648241206,0.007936507936507936,0.0,0.0,0.0,0.0,0.0,0.0,0.5,0.22,0.13,0.72,0.83,U1494,43
,0.0,0.0,0.0,0.0,0.0,0.0,0.0,0.0,0.12,0.08,0.86,0.93,U14962,7
,0.0,0.0,0.0,0.0,0.0,0.0,0.0,0.0,0.12,0.07,0.78,0.86,U14970,44
,0.0,0.0,0.0,0.0,0.0,0.0,0.0,0.0,0.12,0.08,0.66,0.76,U15015,28
,0.0,0.0,0.0,0.0,0.0,0.0,0.0,0.0,0.04,0.02,0.88,0.92,U15022,81
,0.0,0.0,0.0,0.0,0.0,0.0,0.0,0.0,0.1,0.06,0.94,0.97,U15053,3
,0.0,0.0,0.0,0.0,0.0,0.0,0.0,0.0,0.14,0.1,0.64,0.77,U15081,42
,0.0,0.0,0.0,0.0,0.0,0.0,0.0,0.0,0.2,0.11,0.86,0.93,U15083,7
,0.0,0.0,0.0,0.0,0.0,0.0,0.0,0.0,0.04,0.03,0.92,0.93,U15084,90
,0.0,0.0,0.0,0.0,0.0,0.0,0.0,0.0,0.16,0.12,0.68,0.8,U15094,38
,0.0,0.0,0.0,0.0,0.0,0.0,0.0,0.0,0.2,0.11,0.62,0.79,U15108,25
,0.0,0.0,0.0,0.0,0.0,0.0,0.0,0.0,0.2,0.13,0.66,0.82,U15128,21
,0.0,0.0,0.0,0.0,0.0,0.0,0.0,0.0,0.1,0.09,0.96,0.98,U15130,2
,0.0,0.0,0.0,0.0,0.0,0.0,0.0,0.0,0.14,0.08,0.84,0.92,U15161,8
,0.0,0.0,0.0,0.0,0.0,0.0,0.0,0.0,0.14,0.12,0.88,0.91,U15210,78
,0.0,0.0,0.0,0.0,0.0,0.0,0.0,0.0,0.18,0.1,0.8,0.9,U15223,11
,0.0,0.0,0.0,0.0,0.0,0.0,0.0,0.0,0.14,0.08,0.96,0.98,U15234,2
,0.0,0.0,0.0,0.0,0.0,0.0,0.0,0.0,0.2,0.12,0.84,0.88,U15248,67
,0.0,0.0,0.0,0.0,0.0,0.0,0.0,0.0,0.2,0.13,0.6,0.74,U15281,60
,0.0,0.0,0.0,0.0,0.0,0.0,0.0,0.0,0.08,0.04,0.78,0.88,U15283,13
,0.0,0.0,0.0,0.0,0.0,0.0,0.0,0.0,0.2,0.11,0.6,0.79,U1529,23
,0.0,0.0,0.0,0.0,0.0,0.0,0.0,0.0,0.2,0.13,0.76,0.88,U15302,12
,0.0,0.0,0.0,0.0,0.0,0.0,0.0,0.0,0.2,0.12,0.92,0.96,U15316,4
,0.0,0.0,0.0,0.0,0.0,0.0,0.0,0.0,0.16,0.1,0.7,0.81,U15320,37
,0.0,0.0,0.0,0.0,0.0,0.0,0.0,0.0,0.12,0.08,0.86,0.91,U15324,25
,0.0,0.0,0.0,0.0,0.0,0.0,0.0,0.0,0.22,0.12,0.72,0.86,U15347,18
,0.0,0.0,0.0,0.0,0.0,0.0,0.0,0.0,0.18,0.1,0.78,0.88,U15359,13
,0.0,0.0,0.0,0.0,0.0,0.0,0.0,0.0,0.24,0.12,0.7,0.8,U15387,28
,0.0,0.0,0.0,0.0,0.0,0.0,0.0,0.0,0.1,0.07,0.98,0.99,U15404,1
,0.0,0.0,0.0,0.0,0.0,0.0,0.0,0.0,0.24,0.13,0.62,0.76,U15432,30
,0.0,0.0,0.0,0.0,0.0,0.0,0.0,0.0,0.1,0.07,0.64,0.79,U15469,39
,0.0,0.0,0.0,0.0,0.0,0.0,0.0,0.0,0.24,0.13,0.82,0.91,U15483,9
,0.0,0.0,0.0,0.0,0.0,0.0,0.0,0.0,0.1,0.06,0.88,0.94,U15488,6
,0.0,0.0,0.0,0.0,0.0,0.0,0.0,0.0,0.22,0.12,0.62,0.78,U1549,28
,0.0,0.0,0.0,0.0,0.0,0.0,0.0,0.0,0.12,0.06,0.96,0.98,U15495,2
,0.0,0.0,0.0,0.0,0.0,0.0,0.0,0.0,0.2,0.12,0.62,0.78,U155,28
,0.0,0.0,0.0,0.0,0.0,0.0,0.0,0.0,0.16,0.1,0.6,0.73,U15529,40
,0.0,0.0,0.0,0.0,0.0,0.0,0.0,0.0,0.22,0.11,0.84,0.92,U1553,8
,0.0,0.0,0.0,0.0,0.0,0.0,0.0,0.0,0.16,0.11,0.76,0.86,U15558,70
,0.0,0.0,0.0,0.0,0.0,0.0,0.0,0.0,0.14,0.09,0.86,0.93,U15561,7
,0.0,0.0,0.0,0.0,0.0,0.0,0.0,0.0,0.12,0.06,0.82,0.91,U15565,12
,0.0,0.0,0.0,0.0,0.0,0.0,0.0,0.0,0.18,0.12,0.94,0.97,U15574,3
,0.0,0.0,0.0,0.0,0.0,0.0,0.0,0.0,0.04,0.02,0.94,0.95,U15588,63
,0.0,0.0,0.0,0.0,0.0,0.0,0.0,0.0,0.2,0.13,0.58,0.76,U15589,37
,0.0,0.0,0.0,0.0,0.0,0.0,0.0,0.0,0.2,0.11,0.72,0.83,U15591,17
,0.0,0.0,0.0,0.0,0.0,0.0,0.0,0.0,0.04,0.03,0.82,0.88,U15612,29
0.5678391959798995,0.011494252873563218,0.0,0.0,0.0,0.0,0.0,1.0,1.0,0.08,0.07,0.82,0.88,U15624,38
,0.0,0.0,0.0,0.0,0.0,0.0,0.0,0.0,0.14,0.09,0.78,0.85,U15626,57
,0.0,0.0,0.0,0.0,0.0,0.0,0.0,0.0,0.18,0.1,0.74,0.87,U15633,14
,0.0,0.0,0.0,0.0,0.0,0.0,0.0,0.0,0.12,0.06,0.64,0.8,U15683,26
,0.0,0.0,0.0,0.0,0.0,0.0,0.0,0.0,0.22,0.13,0.94,0.97,U1569,3
,0.0,0.0,0.0,0.0,0.0,0.0,0.0,0.0,0.12,0.13,0.82,0.91,U15697,10
,0.0,0.0,0.0,0.0,0.0,0.0,0.0,0.0,0.18,0.11,0.74,0.87,U15703,14
,0.0,0.0,0.0,0.0,0.0,0.0,0.0,0.0,0.2,0.11,0.6,0.79,U15708,23
,0.0,0.0,0.0,0.0,0.0,0.0,0.0,0.0,0.16,0.11,0.84,0.92,U15710,8
,0.0,0.0,0.0,0.0,0.0,0.0,0.0,0.0,0.12,0.09,0.92,0.93,U15740,72
,0.0,0.0,0.0,0.0,0.0,0.0,0.0,0.0,0.16,0.08,0.66,0.8,U15753,25
,0.0,0.0,0.0,0.0,0.0,0.0,0.0,0.0,0.18,0.1,0.78,0.85,U15767,58
,0.0,0.0,0.0,0.0,0.0,0.0,0.0,0.0,0.22,0.13,0.78,0.87,U15775,13
,0.0,0.0,0.0,0.0,0.0,0.0,0.0,0.0,0.1,0.07,0.8,0.89,U15803,12
,0.0,0.0,0.0,0.0,0.0,0.0,0.0,0.0,0.18,0.11,0.7,0.81,U15816,60
,0.0,0.0,0.0,0.0,0.0,0.0,0.0,0.0,0.12,0.08,0.82,0.91,U15824,9
,0.0,0.0,0.0,0.0,0.0,0.0,0.0,0.0,0.2,0.11,0.58,0.77,U15827,48
,0.0,0.0,0.0,0.0,0.0,0.0,0.0,0.0,0.18,0.11,0.74,0.86,U15834,19
,0.0,0.0,0.0,0.0,0.0,0.0,0.0,0.0,0.12,0.06,0.86,0.93,U15847,7
,0.0,0.0,0.0,0.0,0.0,0.0,0.0,0.0,0.16,0.11,0.74,0.84,U15849,19
,0.0,0.0,0.0,0.0,0.0,0.0,0.0,0.0,0.26,0.13,0.64,0.8,U15879,26
,0.0,0.0,0.0,0.0,0.0,0.0,0.0,0.0,0.08,0.1,0.94,0.92,U15895,85
,0.0,0.0,0.0,0.0,0.0,0.0,0.0,0.0,0.16,0.1,0.58,0.79,U15908,22
,0.0,0.0,0.0,0.0,0.0,0.0,0.0,0.0,0.18,0.12,0.56,0.76,U15921,25
,0.0,0.0,0.0,0.0,0.0,0.0,0.0,0.0,0.06,0.06,0.98,0.99,U15927,1
,0.0,0.0,0.0,0.0,0.0,0.0,0.0,0.0,0.24,0.13,0.6,0.77,U1595,47
,0.0,0.0,0.0,0.0,0.0,0.0,0.0,0.0,0.22,0.12,0.66,0.79,U15953,27
,0.0,0.0,0.0,0.0,0.0,0.0,0.0,0.0,0.14,0.11,0.88,0.92,U1597,72
,0.0,0.0,0.0,0.0,0.0,0.0,0.0,0.0,0.24,0.14,0.8,0.88,U15980,58
,0.0,0.0,0.0,0.0,0.0,0.0,0.0,0.0,0.2,0.13,0.84,0.92,U160,8
,0.0,0.0,0.0,0.0,0.0,0.0,0.0,0.0,0.22,0.12,0.68,0.83,U16025,21
,0.0,0.0,0.0,0.0,0.0,0.0,0.0,0.0,0.08,0.05,0.8,0.86,U16037,27
,0.0,0.0,0.0,0.0,0.0,0.0,0.0,0.0,0.22,0.12,0.66,0.82,U16064,23
,0.0,0.0,0.0,0.0,0.0,0.0,0.0,0.0,0.04,0.02,0.86,0.92,U16067,41
,0.0,0.0,0.0,0.0,0.0,0.0,0.0,0.0,0.12,0.1,0.96,0.98,U16068,2
,0.0,0.0,0.0,0.0,0.0,0.0,0.0,0.0,0.2,0.12,0.62,0.77,U1608,39
,0.0,0.0,0.0,0.0,0.0,0.0,0.0,0.0,0.16,0.09,0.84,0.91,U16104,10
,0.0,0.0,0.0,0.0,0.0,0.0,0.0,0.0,0.16,0.09,0.82,0.86,U1612,70
,0.0,0.0,0.0,0.0,0.0,0.0,0.0,0.0,0.24,0.14,0.94,0.97,U16125,3
,0.0,0.0,0.0,0.0,0.0,0.0,0.0,0.0,0.18,0.11,0.62,0.8,U16131,27
0.03015075376884422,0.005154639175257732,0.0,0.0,0.0,0.0,0.0,0.0,1.0,0.18,0.11,0.78,0.89,U16134,12
,0.0,0.0,0.0,0.0,0.0,0.0,0.0,0.0,0.12,0.07,0.84,0.9,U16137,10
,0.0,0.0,0.0,0.0,0.0,0.0,0.0,0.0,0.2,0.12,0.9,0.95,U16144,96
,0.0,0.0,0.0,0.0,0.0,0.0,0.0,0.0,0.2,0.13,0.68,0.79,U162,39
,0.0,0.0,0.0,0.0,0.0,0.0,0.0,0.0,0.16,0.09,0.68,0.82,U1621,34
,0.0,0.0,0.0,0.0,0.0,0.0,0.0,0.0,0.22,0.14,0.68,0.82,U16213,45
,0.0,0.0,0.0,0.0,0.0,0.0,0.0,0.0,0.12,0.09,0.88,0.91,U16219,29
,0.0,0.0,0.0,0.0,0.0,0.0,0.0,0.0,0.16,0.11,0.84,0.92,U16251,8
,0.0,0.0,0.0,0.0,0.0,0.0,0.0,0.0,0.18,0.1,0.86,0.93,U16258,70
,0.0,0.0,0.0,0.0,0.0,0.0,0.0,0.0,0.1,0.06,0.9,0.88,U16262,62
,0.0,0.0,0.0,0.0,0.0,0.0,0.0,0.0,0.22,0.12,0.96,0.98,U16265,172
,0.0,0.0,0.0,0.0,0.0,0.0,0.0,0.0,0.06,0.03,0.94,0.97,U16310,3
,0.0,0.0,0.0,0.0,0.0,0.0,0.0,0.0,0.18,0.11,0.76,0.88,U16317,14
,0.0,0.0,0.0,0.0,0.0,0.0,0.0,0.0,0.18,0.09,0.76,0.85,U16334,21
,0.0,0.0,0.0,0.0,0.0,0.0,0.0,0.0,0.2,0.12,0.82,0.91,U16353,9
,0.0,0.0,0.0,0.0,0.0,0.0,0.0,0.0,0.16,0.09,0.64,0.78,U16382,44
,0.0,0.0,0.0,0.0,0.0,0.0,0.0,0.0,0.16,0.1,0.9,0.95,U16400,5
,0.0,0.0,0.0,0.0,0.0,0.0,0.0,0.0,0.24,0.12,0.86,0.91,U16426,84
,0.0,0.0,0.0,0.0,0.0,0.0,0.0,0.0,0.12,0.07,0.9,0.95,U16433,5
,0.0,0.0,0.0,0.0,0.0,0.0,0.0,0.0,0.28,0.14,0.6,0.76,U16499,27
,0.0,0.0,0.0,0.0,0.0,0.0,0.0,0.0,0.04,0.05,0.86,0.86,U16530,41
,0.0,0.0,0.0,0.0,0.0,0.0,0.0,0.0,0.08,0.05,0.94,0.97,U16572,3
,0.0,0.0,0.0,0.0,0.0,0.0,0.0,0.0,0.18,0.09,0.7,0.83,U16577,25
,0.0,0.0,0.0,0.0,0.0,0.0,0.0,0.0,0.14,0.08,0.82,0.91,U16592,9
,0.0,0.0,0.0,0.0,0.0,0.0,0.0,0.0,0.2,0.1,0.66,0.81,U16603,20
0.5769881556683587,0.013513513513513514,0.0,0.0,0.0,0.0,0.0,1.0,1.0,0.12,0.06,0.82,0.9,U16610,12
,0.0,0.0,0.0,0.0,0.0,0.0,0.0,0.0,0.1,0.08,0.84,0.87,U16641,43
,0.0,0.0,0.0,0.0,0.0,0.0,0.0,0.0,0.2,0.13,0.92,0.96,U16647,4
,0.0,0.0,0.0,0.0,0.0,0.0,0.0,0.0,0.18,0.12,0.8,0.83,U16679,49
,0.0,0.0,0.0,0.0,0.0,0.0,0.0,0.0,0.14,0.11,0.68,0.82,U16691,23
,0.0,0.0,0.0,0.0,0.0,0.0,0.0,0.0,0.18,0.1,0.82,0.91,U16705,9
,0.0,0.0,0.0,0.0,0.0,0.0,0.0,0.0,0.06,0.04,0.92,0.95,U16720,6
,0.0,0.0,0.0,0.0,0.0,0.0,0.0,0.0,0.18,0.12,0.88,0.94,U16768,6
,0.0,0.0,0.0,0.0,0.0,0.0,0.0,0.0,0.04,0.03,0.84,0.89,U16782,31
,0.0,0.0,0.0,0.0,0.0,0.0,0.0,0.0,0.22,0.13,0.8,0.9,U16791,10
,0.0,0.0,0.0,0.0,0.0,0.0,0.0,0.0,0.24,0.13,0.88,0.94,U16794,6
,0.0,0.0,0.0,0.0,0.0,0.0,0.0,0.0,0.12,0.09,0.76,0.88,U16844,13
,0.0,0.0,0.0,0.0,0.0,0.0,0.0,0.0,0.02,0.01,0.86,0.9,U16861,56
,0.0,0.0,0.0,0.0,0.0,0.0,0.0,0.0,0.18,0.11,0.86,0.93,U16887,7
,0.0,0.0,0.0,0.0,0.0,0.0,0.0,0.0,0.16,0.09,0.82,0.91,U16913,9
,0.0,0.0,0.0,0.0,0.0,0.0,0.0,0.0,0.2,0.12,0.76,0.88,U16921,13
,0.0,0.0,0.0,0.0,0.0,0.0,0.0,0.0,0.18,0.09,0.88,0.94,U1696,72
,0.0,0.0,0.0,0.0,0.0,0.0,0.0,0.0,0.1,0.06,0.82,0.89,U16965,67
,0.0,0.0,0.0,0.0,0.0,0.0,0.0,0.0,0.18,0.13,0.78,0.89,U17,11
,0.0,0.0,0.0,0.0,0.0,0.0,0.0,0.0,0.22,0.12,0.7,0.85,U17005,15
,0.0,0.0,0.0,0.0,0.0,0.0,0.0,0.0,0.16,0.09,0.8,0.9,U17010,10
,0.0,0.0,0.0,0.0,0.0,0.0,0.0,0.0,0.06,0.04,0.96,0.98,U17028,2
,0.0,0.0,0.0,0.0,0.0,0.0,0.0,0.0,0.12,0.08,0.9,0.95,U17033,5
,0.0,0.0,0.0,0.0,0.0,0.0,0.0,0.0,0.06,0.04,0.78,0.85,U17037,39
,0.0,0.0,0.0,0.0,0.0,0.0,0.0,0.0,0.08,0.05,0.9,0.94,U17054,45
,0.0,0.0,0.0,0.0,0.0,0.0,0.0,0.0,0.2,0.14,0.68,0.84,U17065,20
,0.0,0.0,0.0,0.0,0.0,0.0,0.0,0.0,0.2,0.11,0.84,0.92,U17067,8
,0.0,0.0,0.0,0.0,0.0,0.0,0.0,0.0,0.18,0.12,0.82,0.87,U17094,76
,0.0,0.0,0.0,0.0,0.0,0.0,0.0,0.0,0.18,0.1,0.7,0.84,U171,17
,0.0,0.0,0.0,0.0,0.0,0.0,0.0,0.0,0.1,0.08,0.88,0.94,U17110,6
,0.0,0.0,0.0,0.0,0.0,0.0,0.0,0.0,0.14,0.08,0.72,0.83,U17112,26
,0.0,0.0,0.0,0.0,0.0,0.0,0.0,0.0,0.16,0.12,0.76,0.84,U17127,27
,0.0,0.0,0.0,0.0,0.0,0.0,0.0,0.0,0.18,0.13,0.9,0.95,U17185,5
,0.0,0.0,0.0,0.0,0.0,0.0,0.0,0.0,0.24,0.13,0.76,0.88,U17200,13
,0.0,0.0,0.0,0.0,0.0,0.0,0.0,0.0,0.18,0.09,0.74,0.81,U17207,51
0.49748743718592964,0.009900990099009901,0.0,0.0,0.0,0.0,0.0,0.0,0.5,0.08,0.1,0.88,0.88,U17217,39
,0.0,0.0,0.0,0.0,0.0,0.0,0.0,0.0,0.08,0.05,0.84,0.9,U17230,64
,0.0,0.0,0.0,0.0,0.0,0.0,0.0,0.0,0.22,0.12,0.66,0.8,U17233,26
,0.0,0.0,0.0,0.0,0.0,0.0,0.0,0.0,0.18,0.12,0.9,0.94,U17236,6
,0.0,0.0,0.0,0.0,0.0,0.0,0.0,0.0,0.08,0.05,0.82,0.89,U17241,13
,0.0,0.0,0.0,0.0,0.0,0.0,0.0,0.0,0.14,0.11,0.76,0.88,U17242,12
,0.0,0.0,0.0,0.0,0.0,0.0,0.0,0.0,0.18,0.14,0.88,0.93,U17253,7
,0.0,0.0,0.0,0.0,0.0,0.0,0.0,0.0,0.14,0.12,0.9,0.95,U17261,5
0.8484848484848485,0.07692307692307693,0.0,0.0,0.0,0.0,0.4,0.4,0.4,0.06,0.05,0.9,0.94,U17271,70
,0.0,0.0,0.0,0.0,0.0,0.0,0.0,0.0,0.16,0.1,0.66,0.81,U17275,28
,0.0,0.0,0.0,0.0,0.0,0.0,0.0,0.0,0.18,0.12,0.92,0.96,U17295,4
,0.0,0.0,0.0,0.0,0.0,0.0,0.0,0.0,0.18,0.1,0.74,0.81,U17299,20
,0.0,0.0,0.0,0.0,0.0,0.0,0.0,0.0,0.08,0.06,0.84,0.92,U17323,8
,0.0,0.0,0.0,0.0,0.0,0.0,0.0,0.0,0.18,0.11,0.9,0.93,U17344,50
,0.0,0.0,0.0,0.0,0.0,0.0,0.0,0.0,0.2,0.13,0.64,0.8,U17347,33
,0.0,0.0,0.0,0.0,0.0,0.0,0.0,0.0,0.14,0.09,0.92,0.96,U17359,4
,0.0,0.0,0.0,0.0,0.0,0.0,0.0,0.0,0.16,0.11,0.8,0.83,U17400,45
,0.0,0.0,0.0,0.0,0.0,0.0,0.0,0.0,0.18,0.09,0.6,0.79,U17402,25
,0.0,0.0,0.0,0.0,0.0,0.0,0.0,0.0,0.02,0.03,0.86,0.91,U17425,26
,0.0,0.0,0.0,0.0,0.0,0.0,0.0,0.0,0.22,0.14,0.62,0.79,U17428,23
,0.0,0.0,0.0,0.0,0.0,0.0,0.0,0.0,0.22,0.11,0.64,0.81,U17430,20
,0.0,0.0,0.0,0.0,0.0,0.0,0.0,0.0,0.26,0.14,0.9,0.95,U17437,5
,0.0,0.0,0.0,0.0,0.0,0.0,0.0,0.0,0.16,0.12,0.84,0.88,U17447,47
,0.0,0.0,0.0,0.0,0.0,0.0,0.0,0.0,0.2,0.11,0.94,0.97,U17488,3
,0.0,0.0,0.0,0.0,0.0,0.0,0.0,0.0,0.2,0.12,0.94,0.96,U17493,114
,0.0,0.0,0.0,0.0,0.0,0.0,0.0,0.0,0.14,0.11,0.82,0.9,U1751,10
,0.0,0.0,0.0,0.0,0.0,0.0,0.0,0.0,0.1,0.08,0.9,0.95,U17571,5
,0.0,0.0,0.0,0.0,0.0,0.0,0.0,0.0,0.16,0.09,0.88,0.94,U17582,6
,0.0,0.0,0.0,0.0,0.0,0.0,0.0,0.0,0.12,0.08,0.72,0.81,U17588,21
,0.0,0.0,0.0,0.0,0.0,0.0,0.0,0.0,0.22,0.12,0.58,0.79,U17664,22
,0.0,0.0,0.0,0.0,0.0,0.0,0.0,0.0,0.14,0.07,0.72,0.84,U17673,16
,0.0,0.0,0.0,0.0,0.0,0.0,0.0,0.0,0.2,0.12,0.98,0.99,U17689,1
,0.0,0.0,0.0,0.0,0.0,0.0,0.0,0.0,0.12,0.09,0.78,0.85,U17697,23
,0.0,0.0,0.0,0.0,0.0,0.0,0.0,0.0,0.06,0.06,0.98,0.99,U1776,1
,0.0,0.0,0.0,0.0,0.0,0.0,0.0,0.0,0.16,0.12,0.88,0.93,U17776,7
,0.0,0.0,0.0,0.0,0.0,0.0,0.0,0.0,0.14,0.09,0.62,0.8,U17798,20
,0.0,0.0,0.0,0.0,0.0,0.0,0.0,0.0,0.18,0.13,0.66,0.83,U17816,20
,0.0,0.0,0.0,0.0,0.0,0.0,0.0,0.0,0.16,0.09,0.8,0.9,U17825,20
,0.0,0.0,0.0,0.0,0.0,0.0,0.0,0.0,0.08,0.09,0.68,0.81,U17828,75
,0.0,0.0,0.0,0.0,0.0,0.0,0.0,0.0,0.2,0.13,0.68,0.77,U17841,39
,0.0,0.0,0.0,0.0,0.0,0.0,0.0,0.0,0.2,0.12,0.86,0.93,U17889,7
,0.0,0.0,0.0,0.0,0.0,0.0,0.0,0.0,0.2,0.12,0.96,0.98,U17902,2
,0.0,0.0,0.0,0.0,0.0,0.0,0.0,0.0,0.12,0.08,0.64,0.78,U17913,27
,0.0,0.0,0.0,0.0,0.0,0.0,0.0,0.0,0.24,0.12,0.9,0.95,U17916,5
,0.0,0.0,0.0,0.0,0.0,0.0,0.0,0.0,0.12,0.08,0.74,0.86,U17941,14
,0.0,0.0,0.0,0.0,0.0,0.0,0.0,0.0,0.14,0.11,0.9,0.95,U17949,5
,0.0,0.0,0.0,0.0,0.0,0.0,0.0,0.0,0.18,0.13,0.92,0.96,U17964,4
,0.0,0.0,0.0,0.0,0.0,0.0,0.0,0.0,0.18,0.11,0.96,0.98,U17969,2
,0.0,0.0,0.0,0.0,0.0,0.0,0.0,0.0,0.16,0.09,0.84,0.91,U17972,42
,0.0,0.0,0.0,0.0,0.0,0.0,0.0,0.0,0.06,0.06,0.84,0.86,U17973,53
,0.0,0.0,0.0,0.0,0.0,0.0,0.0,0.0,0.18,0.12,0.92,0.96,U18019,4
,0.0,0.0,0.0,0.0,0.0,0.0,0.0,0.0,0.16,0.11,0.72,0.84,U18032,64
0.964824120603015,0.125,0.0,0.31546487678572877,0.0,0.25,0.25,0.25,0.25,0.14,0.08,0.82,0.91,U18039,10
,0.0,0.0,0.0,0.0,0.0,0.0,0.0,0.0,0.16,0.09,0.66,0.83,U18040,21
,0.0,0.0,0.0,0.0,0.0,0.0,0.0,0.0,0.24,0.12,0.8,0.9,U18048,10
,0.0,0.0,0.0,0.0,0.0,0.0,0.0,0.0,0.16,0.1,0.62,0.75,U18058,44
,0.0,0.0,0.0,0.0,0.0,0.0,0.0,0.0,0.12,0.07,0.84,0.92,U18065,8
0.005025125628140704,0.005025125628140704,0.0,0.0,0.0,0.0,0.0,0.0,1.0,0.08,0.08,0.84,0.92,U18088,13
,0.0,0.0,0.0,0.0,0.0,0.0,0.0,0.0,0.18,0.12,0.7,0.84,U18104,16
,0.0,0.0,0.0,0.0,0.0,0.0,0.0,0.0,0.12,0.07,0.74,0.87,U18117,17
,0.0,0.0,0.0,0.0,0.0,0.0,0.0,0.0,0.08,0.07,0.82,0.91,U18121,9
,0.0,0.0,0.0,0.0,0.0,0.0,0.0,0.0,0.1,0.07,0.82,0.87,U18159,24
,0.0,0.0,0.0,0.0,0.0,0.0,0.0,0.0,0.14,0.08,0.96,0.98,U1816,2
,0.0,0.0,0.0,0.0,0.0,0.0,0.0,0.0,0.2,0.13,0.96,0.98,U18217,2
,0.0,0.0,0.0,0.0,0.0,0.0,0.0,0.0,0.2,0.1,0.52,0.76,U18250,26
,0.0,0.0,0.0,0.0,0.0,0.0,0.0,0.0,0.22,0.12,0.68,0.81,U18262,21
,0.0,0.0,0.0,0.0,0.0,0.0,0.0,0.0,0.12,0.08,0.76,0.88,U18266,14
,0.0,0.0,0.0,0.0,0.0,0.0,0.0,0.0,0.12,0.11,0.76,0.87,U18276,15
,0.0,0.0,0.0,0.0,0.0,0.0,0.0,0.0,0.18,0.09,0.96,0.98,U18291,2
,0.0,0.0,0.0,0.0,0.0,0.0,0.0,0.0,0.18,0.11,0.88,0.94,U18309,6
,0.0,0.0,0.0,0.0,0.0,0.0,0.0,0.0,0.14,0.07,0.92,0.96,U18311,4
,0.0,0.0,0.0,0.0,0.0,0.0,0.0,0.0,0.2,0.11,0.56,0.77,U18312,29
,0.0,0.0,0.0,0.0,0.0,0.0,0.0,0.0,0.18,0.13,0.86,0.93,U18315,7
,0.0,0.0,0.0,0.0,0.0,0.0,0.0,0.0,0.16,0.08,0.8,0.9,U18324,10
,0.0,0.0,0.0,0.0,0.0,0.0,0.0,0.0,0.24,0.13,0.64,0.82,U18339,21
,0.0,0.0,0.0,0.0,0.0,0.0,0.0,0.0,0.1,0.08,0.82,0.9,U18364,93
,0.0,0.0,0.0,0.0,0.0,0.0,0.0,0.0,0.14,0.11,0.78,0.89,U1837,11
,0.0,0.0,0.0,0.0,0.0,0.0,0.0,0.0,0.08,0.04,0.84,0.9,U18392,64
,0.0,0.0,0.0,0.0,0.0,0.0,0.0,0.0,0.14,0.08,0.78,0.85,U18454,21
,0.0,0.0,0.0,0.0,0.0,0.0,0.0,0.0,0.18,0.13,0.82,0.89,U18465,54
,0.0,0.0,0.0,0.0,0.0,0.0,0.0,0.0,0.18,0.1,0.68,0.84,U18470,19
,0.0,0.0,0.0,0.0,0.0,0.0,0.0,0.0,0.1,0.06,0.78,0.86,U18475,45
,0.0,0.0,0.0,0.0,0.0,0.0,0.0,0.0,0.16,0.09,0.6,0.8,U18489,21
,0.0,0.0,0.0,0.0,0.0,0.0,0.0,0.0,0.18,0.13,0.74,0.85,U185,26
,0.0,0.0,0.0,0.0,0.0,0.0,0.0,0.0,0.26,0.14,0.68,0.81,U18508,24
,0.0,0.0,0.0,0.0,0.0,0.0,0.0,0.0,0.06,0.04,0.8,0.88,U18560,34
,0.0,0.0,0.0,0.0,0.0,0.0,0.0,0.0,0.22,0.13,0.74,0.86,U18599,14
,0.0,0.0,0.0,0.0,0.0,0.0,0.0,0.0,0.14,0.12,0.66,0.82,U18615,26
,0.0,0.0,0.0,0.0,0.0,0.0,0.0,0.0,0.18,0.11,0.8,0.9,U18638,11
,0.0,0.0,0.0,0.0,0.0,0.0,0.0,0.0,0.08,0.06,0.92,0.96,U18641,4
,0.0,0.0,0.0,0.0,0.0,0.0,0.0,0.0,0.16,0.1,0.94,0.97,U18670,3
,0.0,0.0,0.0,0.0,0.0,0.0,0.0,0.0,0.16,0.1,0.72,0.84,U18677,30
,0.0,0.0,0.0,0.0,0.0,0.0,0.0,0.0,0.12,0.11,0.86,0.91,U1869,66
,0.0,0.0,0.0,0.0,0.0,0.0,0.0,0.0,0.2,0.12,0.78,0.82,U18690,38
0.5125628140703518,0.01020408163265306,0.0,0.0,0.0,0.0,0.0,0.5,0.5,0.14,0.07,0.8,0.9,U18721,10
,0.0,0.0,0.0,0.0,0.0,0.0,0.0,0.0,0.12,0.07,0.76,0.82,U18748,35
,0.0,0.0,0.0,0.0,0.0,0.0,0.0,0.0,0.16,0.1,0.86,0.91,U18780,40
,0.0,0.0,0.0,0.0,0.0,0.0,0.0,0.0,0.24,0.14,0.74,0.85,U18804,16
,0.0,0.0,0.0,0.0,0.0,0.0,0.0,0.0,0.08,0.09,0.78,0.88,U18815,13
,0.0,0.0,0.0,0.0,0.0,0.0,0.0,0.0,0.18,0.12,0.92,0.96,U18878,4
,0.0,0.0,0.0,0.0,0.0,0.0,0.0,0.0,0.22,0.12,0.78,0.87,U18931,13
,0.0,0.0,0.0,0.0,0.0,0.0,0.0,0.0,0.14,0.1,0.82,0.91,U18945,9
,0.0,0.0,0.0,0.0,0.0,0.0,0.0,0.0,0.2,0.12,0.6,0.77,U18955,31
,0.0,0.0,0.0,0.0,0.0,0.0,0.0,0.0,0.26,0.13,0.66,0.83,U18960,24
,0.0,0.0,0.0,0.0,0.0,0.0,0.0,0.0,0.14,0.09,0.78,0.89,U1897,11
,0.0,0.0,0.0,0.0,0.0,0.0,0.0,0.0,0.18,0.11,0.64,0.8,U19004,25
0.457286432160804,0.009174311926605505,0.0,0.0,0.0,0.0,0.0,0.0,0.25,0.12,0.06,0.78,0.85,U19056,51
,0.0,0.0,0.0,0.0,0.0,0.0,0.0,0.0,0.22,0.12,0.72,0.8,U19079,37
,0.0,0.0,0.0,0.0,0.0,0.0,0.0,0.0,0.18,0.11,0.68,0.81,U19123,34
,0.0,0.0,0.0,0.0,0.0,0.0,0.0,0.0,0.16,0.09,0.86,0.93,U19126,8
,0.0,0.0,0.0,0.0,0.0,0.0,0.0,0.0,0.14,0.12,0.82,0.89,U19128,21
,0.0,0.0,0.0,0.0,0.0,0.0,0.0,0.0,0.18,0.12,0.62,0.76,U19131,38
,0.0,0.0,0.0,0.0,0.0,0.0,0.0,0.0,0.04,0.03,0.92,0.95,U19165,178
,0.0,0.0,0.0,0.0,0.0,0.0,0.0,0.0,0.18,0.1,0.8,0.9,U19174,10
,0.0,0.0,0.0,0.0,0.0,0.0,0.0,0.0,0.24,0.14,0.88,0.94,U19177,6
,0.0,0.0,0.0,0.0,0.0,0.0,0.0,0.0,0.14,0.08,0.62,0.8,U19214,23
,0.0,0.0,0.0,0.0,0.0,0.0,0.0,0.0,0.2,0.12,0.68,0.83,U1922,20
,0.0,0.0,0.0,0.0,0.0,0.0,0.0,0.0,0.2,0.11,0.58,0.77,U19246,42
,0.0,0.0,0.0,0.0,0.0,0.0,0.0,0.0,0.24,0.13,0.64,0.82,U1926,18
,0.0,0.0,0.0,0.0,0.0,0.0,0.0,0.0,0.22,0.13,0.6,0.78,U19277,27
,0.0,0.0,0.0,0.0,0.0,0.0,0.0,0.0,0.12,0.08,0.86,0.9,U19326,54
,0.0,0.0,0.0,0.0,0.0,0.0,0.0,0.0,0.12,0.08,0.96,0.98,U1933,2
,0.0,0.0,0.0,0.0,0.0,0.0,0.0,0.0,0.12,0.08,0.74,0.86,U19333,49
,0.0,0.0,0.0,0.0,0.0,0.0,0.0,0.0,0.18,0.1,0.88,0.93,U19335,7
,0.0,0.0,0.0,0.0,0.0,0.0,0.0,0.0,0.16,0.09,0.64,0.8,U19338,24
,0.0,0.0,0.0,0.0,0.0,0.0,0.0,0.0,0.2,0.1,0.64,0.81,U19340,42
,0.0,0.0,0.0,0.0,0.0,0.0,0.0,0.0,0.24,0.12,0.92,0.96,U19350,4
,0.0,0.0,0.0,0.0,0.0,0.0,0.0,0.0,0.04,0.02,0.82,0.91,U19351,14
,0.0,0.0,0.0,0.0,0.0,0.0,0.0,0.0,0.12,0.07,0.86,0.89,U19367,14
,0.0,0.0,0.0,0.0,0.0,0.0,0.0,0.0,0.14,0.08,0.88,0.94,U19392,6
,0.0,0.0,0.0,0.0,0.0,0.0,0.0,0.0,0.18,0.09,0.78,0.89,U19396,11
,0.0,0.0,0.0,0.0,0.0,0.0,0.0,0.0,0.12,0.06,0.96,0.98,U19407,2
,0.0,0.0,0.0,0.0,0.0,0.0,0.0,0.0,0.08,0.07,0.62,0.79,U19418,38
,0.0,0.0,0.0,0.0,0.0,0.0,0.0,0.0,0.12,0.09,0.86,0.85,U1944,30
,0.0,0.0,0.0,0.0,0.0,0.0,0.0,0.0,0.16,0.12,0.82,0.91,U1945,9
,0.0,0.0,0.0,0.0,0.0,0.0,0.0,0.0,0.24,0.14,0.6,0.78,U19468,25
,0.0,0.0,0.0,0.0,0.0,0.0,0.0,0.0,0.18,0.12,0.74,0.86,U19470,14
,0.0,0.0,0.0,0.0,0.0,0.0,0.0,0.0,0.22,0.12,0.62,0.81,U19478,23
,0.0,0.0,0.0,0.0,0.0,0.0,0.0,0.0,0.16,0.11,0.86,0.93,U19480,7
,0.0,0.0,0.0,0.0,0.0,0.0,0.0,0.0,0.26,0.13,0.92,0.92,U19522,61
0.964824120603015,0.125,0.0,0.31546487678572877,0.0,0.5,0.5,0.5,0.5,0.18,0.13,0.64,0.78,U19554,35
,0.0,0.0,0.0,0.0,0.0,0.0,0.0,0.0,0.16,0.1,0.74,0.83,U19572,47
,0.0,0.0,0.0,0.0,0.0,0.0,0.0,0.0,0.08,0.09,0.98,0.99,U19574,1
,0.0,0.0,0.0,0.0,0.0,0.0,0.0,0.0,0.1,0.07,0.7,0.81,U1962,37
,0.0,0.0,0.0,0.0,0.0,0.0,0.0,0.0,0.1,0.09,0.72,0.79,U19633,27
,0.0,0.0,0.0,0.0,0.0,0.0,0.0,0.0,0.16,0.09,0.72,0.81,U19634,36
,0.0,0.0,0.0,0.0,0.0,0.0,0.0,0.0,0.2,0.12,0.62,0.79,U19644,28
,0.0,0.0,0.0,0.0,0.0,0.0,0.0,0.0,0.26,0.13,0.92,0.96,U19657,4
,0.0,0.0,0.0,0.0,0.0,0.0,0.0,0.0,0.22,0.12,0.8,0.89,U1966,13
,0.0,0.0,0.0,0.0,0.0,0.0,0.0,0.0,0.18,0.11,0.9,0.95,U19675,5
,0.0,0.0,0.0,0.0,0.0,0.0,0.0,0.0,0.22,0.14,0.72,0.86,U19703,14
,0.0,0.0,0.0,0.0,0.0,0.0,0.0,0.0,0.14,0.1,0.84,0.89,U19731,45
,0.0,0.0,0.0,0.0,0.0,0.0,0.0,0.0,0.08,0.05,0.9,0.89,U19739,34
,0.0,0.0,0.0,0.0,0.0,0.0,0.0,0.0,0.12,0.07,0.88,0.94,U19740,6
,0.0,0.0,0.0,0.0,0.0,0.0,0.0,0.0,0.18,0.12,0.7,0.81,U19744,21
,0.0,0.0,0.0,0.0,0.0,0.0,0.0,0.0,0.04,0.05,0.86,0.86,U19747,39
,0.0,0.0,0.0,0.0,0.0,0.0,0.0,0.0,0.14,0.12,0.74,0.79,U1975,37
,0.0,0.0,0.0,0.0,0.0,0.0,0.0,0.0,0.18,0.11,0.82,0.91,U19761,9
,0.0,0.0,0.0,0.0,0.0,0.0,0.0,0.0,0.14,0.11,0.86,0.93,U19797,7
,0.0,0.0,0.0,0.0,0.0,0.0,0.0,0.0,0.14,0.11,0.88,0.94,U19812,6
,0.0,0.0,0.0,0.0,0.0,0.0,0.0,0.0,0.08,0.04,0.9,0.91,U19827,104
,0.0,0.0,0.0,0.0,0.0,0.0,0.0,0.0,0.2,0.12,0.78,0.84,U19873,52
,0.0,0.0,0.0,0.0,0.0,0.0,0.0,0.0,0.14,0.11,0.94,0.97,U19880,3
,0.0,0.0,0.0,0.0,0.0,0.0,0.0,0.0,0.08,0.05,0.78,0.88,U19896,14
,0.0,0.0,0.0,0.0,0.0,0.0,0.0,0.0,0.2,0.11,0.78,0.89,U19910,11
,0.0,0.0,0.0,0.0,0.0,0.0,0.0,0.0,0.16,0.09,0.84,0.88,U19911,75
,0.0,0.0,0.0,0.0,0.0,0.0,0.0,0.0,0.16,0.09,0.74,0.82,U1992,40
,0.0,0.0,0.0,0.0,0.0,0.0,0.0,0.0,0.24,0.14,0.76,0.88,U19936,12
,0.0,0.0,0.0,0.0,0.0,0.0,0.0,0.0,0.16,0.13,0.88,0.9,U1994,105
,0.0,0.0,0.0,0.0,0.0,0.0,0.0,0.0,0.16,0.1,0.88,0.94,U19943,6
,0.0,0.0,0.0,0.0,0.0,0.0,0.0,0.0,0.2,0.13,0.68,0.84,U19958,17
,0.0,0.0,0.0,0.0,0.0,0.0,0.0,0.0,0.18,0.11,0.56,0.78,U19988,24
,0.0,0.0,0.0,0.0,0.0,0.0,0.0,0.0,0.2,0.12,0.82,0.9,U19999,79
,0.0,0.0,0.0,0.0,0.0,0.0,0.0,0.0,0.22,0.13,0.76,0.85,U200,43
,0.0,0.0,0.0,0.0,0.0,0.0,0.0,0.0,0.14,0.08,0.8,0.9,U2000,10
,0.0,0.0,0.0,0.0,0.0,0.0,0.0,0.0,0.16,0.08,0.72,0.84,U20001,18
,0.0,0.0,0.0,0.0,0.0,0.0,0.0,0.0,0.24,0.12,0.88,0.94,U20014,6
,0.0,0.0,0.0,0.0,0.0,0.0,0.0,0.0,0.2,0.11,0.66,0.82,U20030,19
,0.0,0.0,0.0,0.0,0.0,0.0,0.0,0.0,0.2,0.12,0.9,0.95,U2005,5
,0.0,0.0,0.0,0.0,0.0,0.0,0.0,0.0,0.24,0.12,0.94,0.96,U2006,192
,0.0,0.0,0.0,0.0,0.0,0.0,0.0,0.0,0.1,0.06,0.8,0.9,U20098,10
,0.0,0.0,0.0,0.0,0.0,0.0,0.0,0.0,0.18,0.11,0.6,0.8,U201,23
,0.0,0.0,0.0,0.0,0.0,0.0,0.0,0.0,0.2,0.11,0.66,0.83,U20128,22
,0.0,0.0,0.0,0.0,0.0,0.0,0.0,0.0,0.24,0.14,0.78,0.89,U20138,11
,0.0,0.0,0.0,0.0,0.0,0.0,0.0,0.0,0.04,0.02,0.88,0.88,U20186,129
,0.0,0.0,0.0,0.0,0.0,0.0,0.0,0.0,0.2,0.13,0.88,0.94,U20192,6
,0.0,0.0,0.0,0.0,0.0,0.0,0.0,0.0,0.08,0.05,0.86,0.93,U20234,8
,0.0,0.0,0.0,0.0,0.0,0.0,0.0,0.0,0.24,0.12,0.8,0.9,U20255,10
,0.0,0.0,0.0,0.0,0.0,0.0,0.0,0.0,0.16,0.08,0.64,0.79,U20262,23
,0.0,0.0,0.0,0.0,0.0,0.0,0.0,0.0,0.14,0.09,0.8,0.84,U20287,143
,0.0,0.0,0.0,0.0,0.0,0.0,0.0,0.0,0.2,0.11,0.8,0.9,U20288,10
,0.0,0.0,0.0,0.0,0.0,0.0,0.0,0.0,0.2,0.11,0.94,0.96,U20308,221
,0.0,0.0,0.0,0.0,0.0,0.0,0.0,0.0,0.04,0.03,0.92,0.96,U20319,4
,0.0,0.0,0.0,0.0,0.0,0.0,0.0,0.0,0.1,0.09,0.8,0.88,U20336,45
,0.0,0.0,0.0,0.0,0.0,0.0,0.0,0.0,0.16,0.13,0.86,0.85,U20340,56
,0.0,0.0,0.0,0.0,0.0,0.0,0.0,0.0,0.06,0.04,0.76,0.81,U2037,48
,0.0,0.0,0.0,0.0,0.0,0.0,0.0,0.0,0.06,0.04,0.96,0.98,U20380,2
,0.0,0.0,0.0,0.0,0.0,0.0,0.0,0.0,0.16,0.11,0.82,0.9,U20394,10
,0.0,0.0,0.0,0.0,0.0,0.0,0.0,0.0,0.1,0.05,0.74,0.87,U20398,14
,0.0,0.0,0.0,0.0,0.0,0.0,0.0,0.0,0.22,0.12,0.78,0.86,U20420,43
,0.0,0.0,0.0,0.0,0.0,0.0,0.0,0.0,0.18,0.12,0.84,0.92,U20431,8
,0.0,0.0,0.0,0.0,0.0,0.0,0.0,0.0,0.1,0.08,0.7,0.84,U20440,19
,0.0,0.0,0.0,0.0,0.0,0.0,0.0,0.0,0.08,0.05,0.94,0.97,U20487,3
,0.0,0.0,0.0,0.0,0.0,0.0,0.0,0.0,0.14,0.11,0.7,0.82,U20493,18
,0.0,0.0,0.0,0.0,0.0,0.0,0.0,0.0,0.14,0.11,0.66,0.81,U20495,26
,0.0,0.0,0.0,0.0,0.0,0.0,0.0,0.0,0.22,0.11,0.84,0.92,U20507,8
,0.0,0.0,0.0,0.0,0.0,0.0,0.0,0.0,0.12,0.07,0.72,0.84,U20555,20
,0.0,0.0,0.0,0.0,0.0,0.0,0.0,0.0,0.1,0.09,0.94,0.97,U2056,3
,0.0,0.0,0.0,0.0,0.0,0.0,0.0,0.0,0.14,0.1,0.66,0.82,U20563,22
,0.0,0.0,0.0,0.0,0.0,0.0,0.0,0.0,0.16,0.09,0.68,0.81,U20580,28
,0.0,0.0,0.0,0.0,0.0,0.0,0.0,0.0,0.18,0.11,0.96,0.98,U20588,2
,0.0,0.0,0.0,0.0,0.0,0.0,0.0,0.0,0.04,0.02,0.92,0.96,U20589,4
,0.0,0.0,0.0,0.0,0.0,0.0,0.0,0.0,0.18,0.13,0.66,0.81,U20601,46
,0.0,0.0,0.0,0.0,0.0,0.0,0.0,0.0,0.2,0.12,0.98,0.99,U2061,1
,0.0,0.0,0.0,0.0,0.0,0.0,0.0,0.0,0.12,0.11,0.68,0.84,U20619,17
,0.0,0.0,0.0,0.0,0.0,0.0,0.0,0.0,0.22,0.12,0.66,0.81,U20621,32
,0.0,0.0,0.0,0.0,0.0,0.0,0.0,0.0,0.22,0.12,0.8,0.88,U2063,48
0.864321608040201,0.03571428571428571,0.0,0.0,0.0,0.0,1.0,1.0,1.0,0.14,0.1,0.8,0.88,U20649,12
,0.0,0.0,0.0,0.0,0.0,0.0,0.0,0.0,0.18,0.11,0.64,0.8,U20662,20
,0.0,0.0,0.0,0.0,0.0,0.0,0.0,0.0,0.06,0.05,0.86,0.93,U20677,10
0.457286432160804,0.009174311926605505,0.0,0.0,0.0,0.0,0.0,0.0,0.0625,0.1,0.08,0.86,0.88,U20689,79
,0.0,0.0,0.0,0.0,0.0,0.0,0.0,0.0,0.22,0.14,0.86,0.91,U2069,67
,0.0,0.0,0.0,0.0,0.0,0.0,0.0,0.0,0.16,0.1,0.98,0.99,U20693,1
,0.0,0.0,0.0,0.0,0.0,0.0,0.0,0.0,0.16,0.11,0.74,0.86,U20714,18
,0.0,0.0,0.0,0.0,0.0,0.0,0.0,0.0,0.14,0.08,0.7,0.84,U20715,18
,0.0,0.0,0.0,0.0,0.0,0.0,0.0,0.0,0.08,0.08,0.94,0.94,U20748,78
,0.0,0.0,0.0,0.0,0.0,0.0,0.0,0.0,0.18,0.11,0.94,0.97,U20783,3
,0.0,0.0,0.0,0.0,0.0,0.0,0.0,0.0,0.16,0.09,0.74,0.81,U20790,43
,0.0,0.0,0.0,0.0,0.0,0.0,0.0,0.0,0.14,0.07,0.84,0.92,U20808,8
,0.0,0.0,0.0,0.0,0.0,0.0,0.0,0.0,0.12,0.08,0.64,0.81,U20825,21
,0.0,0.0,0.0,0.0,0.0,0.0,0.0,0.0,0.08,0.06,0.82,0.89,U20856,41
,0.0,0.0,0.0,0.0,0.0,0.0,0.0,0.0,0.2,0.12,0.72,0.84,U20861,47
,0.0,0.0,0.0,0.0,0.0,0.0,0.0,0.0,0.2,0.1,0.82,0.88,U20899,63
,0.0,0.0,0.0,0.0,0.0,0.0,0.0,0.0,0.18,0.11,0.96,0.98,U20900,2
,0.0,0.0,0.0,0.0,0.0,0.0,0.0,0.0,0.14,0.09,0.78,0.82,U20977,48
,0.0,0.0,0.0,0.0,0.0,0.0,0.0,0.0,0.18,0.12,0.88,0.94,U20985,6
,0.0,0.0,0.0,0.0,0.0,0.0,0.0,0.0,0.12,0.08,0.78,0.84,U20995,82
,0.0,0.0,0.0,0.0,0.0,0.0,0.0,0.0,0.18,0.13,0.66,0.81,U21010,27
,0.0,0.0,0.0,0.0,0.0,0.0,0.0,0.0,0.22,0.12,0.66,0.81,U21022,19
,0.0,0.0,0.0,0.0,0.0,0.0,0.0,0.0,0.16,0.1,0.98,0.99,U21028,1
,0.0,0.0,0.0,0.0,0.0,0.0,0.0,0.0,0.12,0.08,0.66,0.76,U21032,36
,0.0,0.0,0.0,0.0,0.0,0.0,0.0,0.0,0.14,0.07,0.78,0.89,U21036,11
,0.0,0.0,0.0,0.0,0.0,0.0,0.0,0.0,0.04,0.02,0.92,0.95,U21037,101
,0.0,0.0,0.0,0.0,0.0,0.0,0.0,0.0,0.16,0.1,0.78,0.86,U21079,28
,0.0,0.0,0.0,0.0,0.0,0.0,0.0,0.0,0.14,0.12,0.98,0.98,U21081,107
,0.0,0.0,0.0,0.0,0.0,0.0,0.0,0.0,0.14,0.1,0.78,0.83,U21102,55
,0.0,0.0,0.0,0.0,0.0,0.0,0.0,0.0,0.12,0.08,0.62,0.8,U21137,21
,0.0,0.0,0.0,0.0,0.0,0.0,0.0,0.0,0.18,0.1,0.74,0.83,U2115,48
,0.0,0.0,0.0,0.0,0.0,0.0,0.0,0.0,0.16,0.1,0.78,0.87,U21151,32
,0.0,0.0,0.0,0.0,0.0,0.0,0.0,0.0,0.2,0.11,0.88,0.9,U21154,52
,0.0,0.0,0.0,0.0,0.0,0.0,0.0,0.0,0.08,0.07,0.78,0.88,U21189,52
,0.0,0.0,0.0,0.0,0.0,0.0,0.0,0.0,0.18,0.11,0.78,0.85,U21194,63
,0.0,0.0,0.0,0.0,0.0,0.0,0.0,0.0,0.14,0.1,0.76,0.82,U21215,68
,0.0,0.0,0.0,0.0,0.0,0.0,0.0,0.0,0.08,0.05,0.88,0.91,U21217,83
,0.0,0.0,0.0,0.0,0.0,0.0,0.0,0.0,0.14,0.09,0.86,0.9,U21232,58
,0.0,0.0,0.0,0.0,0.0,0.0,0.0,0.0,0.18,0.11,0.86,0.93,U21247,7
,0.0,0.0,0.0,0.0,0.0,0.0,0.0,0.0,0.2,0.11,0.7,0.81,U21261,35
,0.0,0.0,0.0,0.0,0.0,0.0,0.0,0.0,0.26,0.13,0.62,0.77,U2129,54
,0.0,0.0,0.0,0.0,0.0,0.0,0.0,0.0,0.1,0.08,0.72,0.83,U2132,27
,0.0,0.0,0.0,0.0,0.0,0.0,0.0,0.0,0.1,0.09,0.9,0.88,U21337,30
,0.0,0.0,0.0,0.0,0.0,0.0,0.0,0.0,0.22,0.12,0.84,0.86,U21343,29
,0.0,0.0,0.0,0.0,0.0,0.0,0.0,0.0,0.16,0.09,0.8,0.9,U21345,12
,0.0,0.0,0.0,0.0,0.0,0.0,0.0,0.0,0.12,0.07,0.86,0.93,U2135,8
,0.0,0.0,0.0,0.0,0.0,0.0,0.0,0.0,0.14,0.09,0.94,0.97,U21387,3
,0.0,0.0,0.0,0.0,0.0,0.0,0.0,0.0,0.1,0.05,0.76,0.88,U21409,12
,0.0,0.0,0.0,0.0,0.0,0.0,0.0,0.0,0.16,0.1,0.86,0.93,U21416,7
,0.0,0.0,0.0,0.0,0.0,0.0,0.0,0.0,0.16,0.08,0.98,0.99,U21426,1
,0.0,0.0,0.0,0.0,0.0,0.0,0.0,0.0,0.1,0.08,0.86,0.93,U21437,7
,0.0,0.0,0.0,0.0,0.0,0.0,0.0,0.0,0.14,0.1,0.96,0.98,U2146,2
,0.0,0.0,0.0,0.0,0.0,0.0,0.0,0.0,0.18,0.1,0.86,0.93,U21463,7
,0.0,0.0,0.0,0.0,0.0,0.0,0.0,0.0,0.2,0.12,0.84,0.92,U21472,8
,0.0,0.0,0.0,0.0,0.0,0.0,0.0,0.0,0.18,0.11,0.72,0.86,U21474,14
,0.0,0.0,0.0,0.0,0.0,0.0,0.0,0.0,0.16,0.08,0.86,0.92,U21524,61
,0.0,0.0,0.0,0.0,0.0,0.0,0.0,0.0,0.16,0.11,0.68,0.81,U2153,43
,0.0,0.0,0.0,0.0,0.0,0.0,0.0,0.0,0.08,0.1,0.76,0.82,U21553,45
,0.0,0.0,0.0,0.0,0.0,0.0,0.0,0.0,0.22,0.13,0.64,0.8,U21569,22
,0.0,0.0,0.0,0.0,0.0,0.0,0.0,0.0,0.16,0.1,0.94,0.95,U2157,131
0.07537688442211055,0.005405405405405406,0.0,0.0,0.0,0.0,0.0,0.0,0.5,0.22,0.14,0.68,0.8,U216,21
,0.0,0.0,0.0,0.0,0.0,0.0,0.0,0.0,0.22,0.12,0.74,0.83,U2160,37
,0.0,0.0,0.0,0.0,0.0,0.0,0.0,0.0,0.2,0.11,0.96,0.98,U21614,2
,0.0,0.0,0.0,0.0,0.0,0.0,0.0,0.0,0.22,0.12,0.6,0.79,U21615,25
,0.0,0.0,0.0,0.0,0.0,0.0,0.0,0.0,0.24,0.13,1.0,0.96,U21632,86
,0.0,0.0,0.0,0.0,0.0,0.0,0.0,0.0,0.06,0.03,0.78,0.87,U21641,36
,0.0,0.0,0.0,0.0,0.0,0.0,0.0,0.0,0.26,0.13,0.68,0.82,U21657,41
,0.0,0.0,0.0,0.0,0.0,0.0,0.0,0.0,0.14,0.09,0.64,0.79,U21679,25
,0.0,0.0,0.0,0.0,0.0,0.0,0.0,0.0,0.06,0.03,0.68,0.84,U21684,17
,0.0,0.0,0.0,0.0,0.0,0.0,0.0,0.0,0.14,0.1,0.92,0.96,U21686,4
,0.0,0.0,0.0,0.0,0.0,0.0,0.0,0.0,0.14,0.09,0.78,0.89,U21689,11
,0.0,0.0,0.0,0.0,0.0,0.0,0.0,0.0,0.08,0.05,0.76,0.86,U21700,21
,0.0,0.0,0.0,0.0,0.0,0.0,0.0,0.0,0.16,0.1,0.9,0.95,U21718,5
,0.0,0.0,0.0,0.0,0.0,0.0,0.0,0.0,0.12,0.08,0.72,0.82,U21722,37
,0.0,0.0,0.0,0.0,0.0,0.0,0.0,0.0,0.1,0.05,0.9,0.91,U21735,23
,0.0,0.0,0.0,0.0,0.0,0.0,0.0,0.0,0.18,0.09,0.7,0.84,U21775,22
,0.0,0.0,0.0,0.0,0.0,0.0,0.0,0.0,0.18,0.1,0.9,0.95,U21776,5
,0.0,0.0,0.0,0.0,0.0,0.0,0.0,0.0,0.12,0.07,0.8,0.84,U21784,67
,0.0,0.0,0.0,0.0,0.0,0.0,0.0,0.0,0.16,0.12,0.62,0.74,U21804,45
,0.0,0.0,0.0,0.0,0.0,0.0,0.0,0.0,0.16,0.1,0.96,0.98,U21810,2
0.7135678391959799,0.017241379310344827,0.0,0.0,0.0,0.0,0.0,0.3333333333333333,0.3333333333333333,0.06,0.05,0.86,0.89,U21813,21
,0.0,0.0,0.0,0.0,0.0,0.0,0.0,0.0,0.14,0.08,0.84,0.92,U21824,8
,0.0,0.0,0.0,0.0,0.0,0.0,0.0,0.0,0.14,0.07,0.7,0.82,U21830,31
,0.0,0.0,0.0,0.0,0.0,0.0,0.0,0.0,0.22,0.12,0.98,0.99,U21836,1
0.6381909547738693,0.0136986301369863,0.0,0.0,0.0,0.0,0.0,1.0,1.0,0.16,0.09,0.96,0.98,U21840,2
,0.0,0.0,0.0,0.0,0.0,0.0,0.0,0.0,0.2,0.11,0.94,0.97,U21844,3
,0.0,0.0,0.0,0.0,0.0,0.0,0.0,0.0,0.18,0.11,0.96,0.98,U2190,2
,0.0,0.0,0.0,0.0,0.0,0.0,0.0,0.0,0.14,0.12,0.84,0.91,U21915,9
,0.0,0.0,0.0,0.0,0.0,0.0,0.0,0.0,0.2,0.11,0.86,0.89,U21942,35
,0.0,0.0,0.0,0.0,0.0,0.0,0.0,0.0,0.12,0.06,0.94,0.97,U21968,3
,0.0,0.0,0.0,0.0,0.0,0.0,0.0,0.0,0.22,0.12,0.74,0.86,U21970,15
,0.0,0.0,0.0,0.0,0.0,0.0,0.0,0.0,0.2,0.12,0.92,0.91,U21980,97
,0.0,0.0,0.0,0.0,0.0,0.0,0.0,0.0,0.16,0.09,0.96,0.98,U21996,2
,0.0,0.0,0.0,0.0,0.0,0.0,0.0,0.0,0.26,0.13,0.78,0.89,U22,11
,0.0,0.0,0.0,0.0,0.0,0.0,0.0,0.0,0.16,0.11,0.66,0.79,U22009,24
,0.0,0.0,0.0,0.0,0.0,0.0,0.0,0.0,0.18,0.12,0.64,0.82,U22016,19
,0.0,0.0,0.0,0.0,0.0,0.0,0.0,0.0,0.26,0.13,0.92,0.96,U22022,4
,0.0,0.0,0.0,0.0,0.0,0.0,0.0,0.0,0.12,0.09,0.74,0.83,U22047,30
,0.0,0.0,0.0,0.0,0.0,0.0,0.0,0.0,0.16,0.1,0.94,0.97,U22069,3
,0.0,0.0,0.0,0.0,0.0,0.0,0.0,0.0,0.2,0.14,0.88,0.94,U22079,129
,0.0,0.0,0.0,0.0,0.0,0.0,0.0,0.0,0.14,0.13,0.98,0.99,U22092,1
,0.0,0.0,0.0,0.0,0.0,0.0,0.0,0.0,0.2,0.12,0.78,0.84,U22115,58
,0.0,0.0,0.0,0.0,0.0,0.0,0.0,0.0,0.1,0.06,0.86,0.92,U22140,8
,0.0,0.0,0.0,0.0,0.0,0.0,0.0,0.0,0.18,0.1,0.7,0.85,U22151,16
,0.0,0.0,0.0,0.0,0.0,0.0,0.0,0.0,0.2,0.12,0.74,0.87,U22193,13
,0.0,0.0,0.0,0.0,0.0,0.0,0.0,0.0,0.2,0.12,0.74,0.85,U22199,21
,0.0,0.0,0.0,0.0,0.0,0.0,0.0,0.0,0.24,0.12,0.68,0.82,U22204,21
,0.0,0.0,0.0,0.0,0.0,0.0,0.0,0.0,0.1,0.05,0.72,0.85,U22214,45
,0.0,0.0,0.0,0.0,0.0,0.0,0.0,0.0,0.18,0.11,0.86,0.93,U22222,7
,0.0,0.0,0.0,0.0,0.0,0.0,0.0,0.0,0.1,0.08,0.74,0.86,U22226,17
,0.0,0.0,0.0,0.0,0.0,0.0,0.0,0.0,0.2,0.11,0.7,0.83,U2223,35
,0.0,0.0,0.0,0.0,0.0,0.0,0.0,0.0,0.18,0.13,0.84,0.92,U22237,8
,0.0,0.0,0.0,0.0,0.0,0.0,0.0,0.0,0.12,0.06,0.76,0.88,U22278,12
,0.0,0.0,0.0,0.0,0.0,0.0,0.0,0.0,0.14,0.08,0.78,0.89,U223,11
,0.0,0.0,0.0,0.0,0.0,0.0,0.0,0.0,0.16,0.09,0.62,0.8,U22313,25
,0.0,0.0,0.0,0.0,0.0,0.0,0.0,0.0,0.08,0.04,0.9,0.94,U22326,6
,0.0,0.0,0.0,0.0,0.0,0.0,0.0,0.0,0.14,0.1,0.6,0.77,U22342,47
0.6277495769881557,0.018867924528301886,0.0,0.0,0.0,0.0,0.0,0.2,0.3,0.1,0.1,0.9,0.93,U22352,10
0.12562814070351758,0.005714285714285714,0.0,0.0,0.0,0.0,0.0,0.0,1.0,0.1,0.07,0.88,0.92,U22356,9
,0.0,0.0,0.0,0.0,0.0,0.0,0.0,0.0,0.04,0.03,0.84,0.89,U22361,26
,0.0,0.0,0.0,0.0,0.0,0.0,0.0,0.0,0.22,0.12,0.98,0.99,U22377,1
,0.0,0.0,0.0,0.0,0.0,0.0,0.0,0.0,0.22,0.14,0.64,0.77,U22390,26
,0.0,0.0,0.0,0.0,0.0,0.0,0.0,0.0,0.18,0.11,0.72,0.81,U22410,37
,0.0,0.0,0.0,0.0,0.0,0.0,0.0,0.0,0.2,0.14,0.62,0.79,U22419,30
,0.0,0.0,0.0,0.0,0.0,0.0,0.0,0.0,0.12,0.07,0.86,0.93,U22425,7
,0.0,0.0,0.0,0.0,0.0,0.0,0.0,0.0,0.18,0.11,0.84,0.92,U22439,8
,0.0,0.0,0.0,0.0,0.0,0.0,0.0,0.0,0.12,0.1,0.8,0.89,U22450,68
,0.0,0.0,0.0,0.0,0.0,0.0,0.0,0.0,0.12,0.07,0.8,0.9,U22473,10
,0.0,0.0,0.0,0.0,0.0,0.0,0.0,0.0,0.1,0.06,0.86,0.92,U22478,8
,0.0,0.0,0.0,0.0,0.0,0.0,0.0,0.0,0.2,0.11,0.78,0.88,U22482,14
,0.0,0.0,0.0,0.0,0.0,0.0,0.0,0.0,0.08,0.04,0.76,0.86,U22485,32
,0.0,0.0,0.0,0.0,0.0,0.0,0.0,0.0,0.06,0.03,0.86,0.93,U22486,7
,0.0,0.0,0.0,0.0,0.0,0.0,0.0,0.0,0.16,0.11,0.96,0.98,U22505,2
,0.0,0.0,0.0,0.0,0.0,0.0,0.0,0.0,0.18,0.11,0.82,0.9,U22551,101
,0.0,0.0,0.0,0.0,0.0,0.0,0.0,0.0,0.18,0.11,0.84,0.92,U22553,8
,0.0,0.0,0.0,0.0,0.0,0.0,0.0,0.0,0.16,0.09,0.7,0.85,U22576,15
,0.0,0.0,0.0,0.0,0.0,0.0,0.0,0.0,0.12,0.06,0.52,0.76,U22580,26
,0.0,0.0,0.0,0.0,0.0,0.0,0.0,0.0,0.16,0.1,0.68,0.83,U22597,19
,0.0,0.0,0.0,0.0,0.0,0.0,0.0,0.0,0.18,0.1,0.88,0.94,U226,6
,0.0,0.0,0.0,0.0,0.0,0.0,0.0,0.0,0.2,0.13,0.86,0.89,U22601,61
,0.0,0.0,0.0,0.0,0.0,0.0,0.0,0.0,0.24,0.12,0.74,0.87,U22628,13
,0.0,0.0,0.0,0.0,0.0,0.0,0.0,0.0,0.16,0.11,0.58,0.76,U22653,33
,0.0,0.0,0.0,0.0,0.0,0.0,0.0,0.0,0.18,0.13,0.94,0.97,U22660,3
,0.0,0.0,0.0,0.0,0.0,0.0,0.0,0.0,0.2,0.14,0.74,0.87,U22677,13
,0.0,0.0,0.0,0.0,0.0,0.0,0.0,0.0,0.22,0.13,0.64,0.74,U22697,47
,0.0,0.0,0.0,0.0,0.0,0.0,0.0,0.0,0.14,0.1,0.68,0.78,U22712,24
,0.0,0.0,0.0,0.0,0.0,0.0,0.0,0.0,0.18,0.1,0.78,0.88,U22721,13
,0.0,0.0,0.0,0.0,0.0,0.0,0.0,0.0,0.18,0.11,0.96,0.98,U22735,2
,0.0,0.0,0.0,0.0,0.0,0.0,0.0,0.0,0.2,0.12,0.64,0.81,U22740,19
,0.0,0.0,0.0,0.0,0.0,0.0,0.0,0.0,0.2,0.12,0.76,0.88,U22758,13
,0.0,0.0,0.0,0.0,0.0,0.0,0.0,0.0,0.1,0.08,0.74,0.86,U22761,15
,0.0,0.0,0.0,0.0,0.0,0.0,0.0,0.0,0.04,0.03,0.78,0.86,U22763,30
,0.0,0.0,0.0,0.0,0.0,0.0,0.0,0.0,0.06,0.03,0.9,0.95,U22778,5
,0.0,0.0,0.0,0.0,0.0,0.0,0.0,0.0,0.24,0.12,0.62,0.78,U22793,29
,0.0,0.0,0.0,0.0,0.0,0.0,0.0,0.0,0.18,0.12,0.86,0.93,U22807,8
,0.0,0.0,0.0,0.0,0.0,0.0,0.0,0.0,0.26,0.13,0.96,0.98,U22809,2
,0.0,0.0,0.0,0.0,0.0,0.0,0.0,0.0,0.04,0.03,0.86,0.92,U22811,37
,0.0,0.0,0.0,0.0,0.0,0.0,0.0,0.0,0.1,0.06,0.88,0.94,U22822,6
,0.0,0.0,0.0,0.0,0.0,0.0,0.0,0.0,0.18,0.12,0.6,0.79,U22836,23
,0.0,0.0,0.0,0.0,0.0,0.0,0.0,0.0,0.12,0.09,0.94,0.93,U22840,89
,0.0,0.0,0.0,0.0,0.0,0.0,0.0,0.0,0.18,0.09,0.62,0.79,U22848,26
,0.0,0.0,0.0,0.0,0.0,0.0,0.0,0.0,0.04,0.02,0.86,0.91,U22849,48
,0.0,0.0,0.0,0.0,0.0,0.0,0.0,0.0,0.16,0.09,0.76,0.88,U2285,13
,0.0,0.0,0.0,0.0,0.0,0.0,0.0,0.0,0.16,0.11,0.7,0.82,U22867,31
,0.0,0.0,0.0,0.0,0.0,0.0,0.0,0.0,0.18,0.11,0.74,0.83,U22871,17
,0.0,0.0,0.0,0.0,0.0,0.0,0.0,0.0,0.24,0.13,0.66,0.81,U2291,40
,0.0,0.0,0.0,0.0,0.0,0.0,0.0,0.0,0.22,0.13,0.78,0.89,U22920,11
,0.0,0.0,0.0,0.0,0.0,0.0,0.0,0.0,0.1,0.06,0.96,0.98,U22923,2
,0.0,0.0,0.0,0.0,0.0,0.0,0.0,0.0,0.24,0.13,0.78,0.84,U22938,73
,0.0,0.0,0.0,0.0,0.0,0.0,0.0,0.0,0.14,0.09,0.62,0.78,U2294,22
,0.0,0.0,0.0,0.0,0.0,0.0,0.0,0.0,0.18,0.12,0.7,0.84,U22951,21
,0.0,0.0,0.0,0.0,0.0,0.0,0.0,0.0,0.18,0.09,0.64,0.82,U22952,20
,0.0,0.0,0.0,0.0,0.0,0.0,0.0,0.0,0.1,0.07,0.76,0.88,U22954,12
,0.0,0.0,0.0,0.0,0.0,0.0,0.0,0.0,0.1,0.07,0.84,0.88,U22965,47
0.08040201005025126,0.00546448087431694,0.0,0.0,0.0,0.0,0.0,0.0,0.3333333333333333,0.06,0.04,0.72,0.82,U22971,62
,0.0,0.0,0.0,0.0,0.0,0.0,0.0,0.0,0.18,0.11,0.78,0.85,U22977,58
,0.0,0.0,0.0,0.0,0.0,0.0,0.0,0.0,0.18,0.12,0.76,0.83,U23002,42
,0.0,0.0,0.0,0.0,0.0,0.0,0.0,0.0,0.24,0.14,0.64,0.82,U23007,18
,0.0,0.0,0.0,0.0,0.0,0.0,0.0,0.0,0.18,0.11,0.86,0.93,U23009,7
,0.0,0.0,0.0,0.0,0.0,0.0,0.0,0.0,0.14,0.1,0.84,0.9,U23026,10
,0.0,0.0,0.0,0.0,0.0,0.0,0.0,0.0,0.14,0.09,0.66,0.79,U23039,42
,0.0,0.0,0.0,0.0,0.0,0.0,0.0,0.0,0.14,0.11,0.9,0.95,U23045,5
,0.0,0.0,0.0,0.0,0.0,0.0,0.0,0.0,0.2,0.11,0.86,0.93,U23062,7
,0.0,0.0,0.0,0.0,0.0,0.0,0.0,0.0,0.12,0.08,0.94,0.97,U23076,3
,0.0,0.0,0.0,0.0,0.0,0.0,0.0,0.0,0.24,0.12,0.66,0.81,U2309,22
,0.0,0.0,0.0,0.0,0.0,0.0,0.0,0.0,0.18,0.09,0.66,0.8,U2313,26
0.8693467336683417,0.037037037037037035,0.0,0.0,0.0,0.0,1.0,1.0,1.0,0.08,0.09,0.72,0.84,U23157,56
,0.0,0.0,0.0,0.0,0.0,0.0,0.0,0.0,0.04,0.03,0.92,0.96,U2317,4
,0.0,0.0,0.0,0.0,0.0,0.0,0.0,0.0,0.06,0.03,0.98,0.99,U23175,1
,0.0,0.0,0.0,0.0,0.0,0.0,0.0,0.0,0.06,0.03,0.66,0.79,U23187,44
,0.0,0.0,0.0,0.0,0.0,0.0,0.0,0.0,0.18,0.13,0.78,0.89,U2319,11
,0.0,0.0,0.0,0.0,0.0,0.0,0.0,0.0,0.22,0.12,0.82,0.83,U23199,48
,0.0,0.0,0.0,0.0,0.0,0.0,0.0,0.0,0.24,0.12,1.0,0.99,U23206,143
,0.0,0.0,0.0,0.0,0.0,0.0,0.0,0.0,0.12,0.08,0.94,0.97,U23230,3
,0.0,0.0,0.0,0.0,0.0,0.0,0.0,0.0,0.16,0.1,0.6,0.76,U23232,30
,0.0,0.0,0.0,0.0,0.0,0.0,0.0,0.0,0.22,0.12,0.7,0.85,U23235,15
,0.0,0.0,0.0,0.0,0.0,0.0,0.0,0.0,0.24,0.12,0.74,0.85,U23276,68
,0.0,0.0,0.0,0.0,0.0,0.0,0.0,0.0,0.24,0.13,0.96,0.98,U23281,2
,0.0,0.0,0.0,0.0,0.0,0.0,0.0,0.0,0.22,0.12,0.9,0.95,U23282,5
,0.0,0.0,0.0,0.0,0.0,0.0,0.0,0.0,0.24,0.13,0.56,0.73,U23297,40
,0.0,0.0,0.0,0.0,0.0,0.0,0.0,0.0,0.2,0.13,0.74,0.85,U2333,20
,0.0,0.0,0.0,0.0,0.0,0.0,0.0,0.0,0.1,0.08,0.84,0.92,U23334,44
,0.0,0.0,0.0,0.0,0.0,0.0,0.0,0.0,0.16,0.11,0.94,0.97,U2334,3
,0.0,0.0,0.0,0.0,0.0,0.0,0.0,0.0,0.18,0.11,0.72,0.85,U23371,24
,0.0,0.0,0.0,0.0,0.0,0.0,0.0,0.0,0.1,0.08,0.8,0.85,U23376,71
,0.0,0.0,0.0,0.0,0.0,0.0,0.0,0.0,0.16,0.12,0.72,0.84,U2338,20
,0.0,0.0,0.0,0.0,0.0,0.0,0.0,0.0,0.1,0.05,0.8,0.88,U23411,17
0.06030150753768844,0.005319148936170213,0.0,0.0,0.0,0.0,0.0,0.0,1.0,0.22,0.13,0.82,0.91,U23414,9
,0.0,0.0,0.0,0.0,0.0,0.0,0.0,0.0,0.22,0.12,0.72,0.85,U23459,15
,0.0,0.0,0.0,0.0,0.0,0.0,0.0,0.0,0.12,0.09,0.76,0.88,U23481,13
,0.0,0.0,0.0,0.0,0.0,0.0,0.0,0.0,0.14,0.08,0.94,0.97,U23483,3
,0.0,0.0,0.0,0.0,0.0,0.0,0.0,0.0,0.16,0.09,0.62,0.78,U2349,25
,0.0,0.0,0.0,0.0,0.0,0.0,0.0,0.0,0.12,0.07,0.64,0.8,U23515,22
,0.0,0.0,0.0,0.0,0.0,0.0,0.0,0.0,0.14,0.1,0.56,0.75,U23520,36
,0.0,0.0,0.0,0.0,0.0,0.0,0.0,0.0,0.22,0.12,0.72,0.84,U23543,19
,0.0,0.0,0.0,0.0,0.0,0.0,0.0,0.0,0.22,0.12,0.74,0.81,U23563,42
,0.0,0.0,0.0,0.0,0.0,0.0,0.0,0.0,0.2,0.1,0.82,0.91,U23591,9
,0.0,0.0,0.0,0.0,0.0,0.0,0.0,0.0,0.14,0.08,0.76,0.88,U23601,13
,0.0,0.0,0.0,0.0,0.0,0.0,0.0,0.0,0.12,0.06,0.86,0.93,U23610,7
,0.0,0.0,0.0,0.0,0.0,0.0,0.0,0.0,0.08,0.08,0.86,0.93,U23628,7
,0.0,0.0,0.0,0.0,0.0,0.0,0.0,0.0,0.06,0.05,0.86,0.9,U23642,13
,0.0,0.0,0.0,0.0,0.0,0.0,0.0,0.0,0.12,0.06,0.76,0.88,U23646,12
,0.0,0.0,0.0,0.0,0.0,0.0,0.0,0.0,0.2,0.1,0.8,0.9,U23672,11
,0.0,0.0,0.0,0.0,0.0,0.0,0.0,0.0,0.22,0.11,0.78,0.89,U23676,11
,0.0,0.0,0.0,0.0,0.0,0.0,0.0,0.0,0.24,0.13,0.9,0.95,U23707,5
,0.0,0.0,0.0,0.0,0.0,0.0,0.0,0.0,0.12,0.11,0.78,0.8,U23761,33
,0.0,0.0,0.0,0.0,0.0,0.0,0.0,0.0,0.22,0.12,0.7,0.83,U2377,23
,0.0,0.0,0.0,0.0,0.0,0.0,0.0,0.0,0.12,0.09,0.8,0.88,U23777,14
,0.0,0.0,0.0,0.0,0.0,0.0,0.0,0.0,0.12,0.08,0.84,0.92,U2379,19
,0.0,0.0,0.0,0.0,0.0,0.0,0.0,0.0,0.12,0.09,0.88,0.94,U23816,6
,0.0,0.0,0.0,0.0,0.0,0.0,0.0,0.0,0.16,0.08,0.62,0.77,U23841,32
,0.0,0.0,0.0,0.0,0.0,0.0,0.0,0.0,0.16,0.1,0.86,0.9,U23890,75
,0.0,0.0,0.0,0.0,0.0,0.0,0.0,0.0,0.14,0.08,0.66,0.81,U2392,23
,0.0,0.0,0.0,0.0,0.0,0.0,0.0,0.0,0.06,0.06,0.78,0.76,U2393,39
,0.0,0.0,0.0,0.0,0.0,0.0,0.0,0.0,0.06,0.03,0.8,0.89,U23931,74
,0.0,0.0,0.0,0.0,0.0,0.0,0.0,0.0,0.14,0.09,0.92,0.96,U23942,4
,0.0,0.0,0.0,0.0,0.0,0.0,0.0,0.0,0.16,0.12,0.56,0.76,U23960,28
,0.0,0.0,0.0,0.0,0.0,0.0,0.0,0.0,0.18,0.1,0.78,0.89,U23974,11
,0.0,0.0,0.0,0.0,0.0,0.0,0.0,0.0,0.06,0.04,0.9,0.94,U23978,7
,0.0,0.0,0.0,0.0,0.0,0.0,0.0,0.0,0.2,0.1,0.66,0.78,U23994,39
,0.0,0.0,0.0,0.0,0.0,0.0,0.0,0.0,0.26,0.13,0.66,0.82,U24006,19
,0.0,0.0,0.0,0.0,0.0,0.0,0.0,0.0,0.12,0.1,0.82,0.91,U24019,9
,0.0,0.0,0.0,0.0,0.0,0.0,0.0,0.0,0.08,0.08,0.9,0.91,U24020,36
,0.0,0.0,0.0,0.0,0.0,0.0,0.0,0.0,0.18,0.1,0.7,0.85,U2403,31
,0.0,0.0,0.0,0.0,0.0,0.0,0.0,0.0,0.12,0.06,0.8,0.87,U24036,37
,0.0,0.0,0.0,0.0,0.0,0.0,0.0,0.0,0.16,0.1,0.72,0.81,U24054,45
,0.0,0.0,0.0,0.0,0.0,0.0,0.0,0.0,0.2,0.13,0.68,0.78,U24063,35
,0.0,0.0,0.0,0.0,0.0,0.0,0.0,0.0,0.16,0.12,0.94,0.95,U24079,109
,0.0,0.0,0.0,0.0,0.0,0.0,0.0,0.0,0.08,0.05,0.84,0.86,U24085,32
,0.0,0.0,0.0,0.0,0.0,0.0,0.0,0.0,0.14,0.09,0.78,0.85,U24109,64
,0.0,0.0,0.0,0.0,0.0,0.0,0.0,0.0,0.1,0.06,0.96,0.98,U24127,2
,0.0,0.0,0.0,0.0,0.0,0.0,0.0,0.0,0.18,0.13,0.98,0.99,U24129,1
,0.0,0.0,0.0,0.0,0.0,0.0,0.0,0.0,0.18,0.11,0.84,0.92,U24131,9
,0.0,0.0,0.0,0.0,0.0,0.0,0.0,0.0,0.22,0.11,0.72,0.86,U24137,21
,0.0,0.0,0.0,0.0,0.0,0.0,0.0,0.0,0.1,0.05,0.76,0.88,U24138,12
,0.0,0.0,0.0,0.0,0.0,0.0,0.0,0.0,0.2,0.13,0.68,0.81,U24139,21
,0.0,0.0,0.0,0.0,0.0,0.0,0.0,0.0,0.16,0.11,0.72,0.82,U24158,24
,0.0,0.0,0.0,0.0,0.0,0.0,0.0,0.0,0.24,0.13,0.62,0.8,U24161,28
,0.0,0.0,0.0,0.0,0.0,0.0,0.0,0.0,0.08,0.06,0.92,0.94,U24162,52
,0.0,0.0,0.0,0.0,0.0,0.0,0.0,0.0,0.18,0.1,0.52,0.72,U24163,42
,0.0,0.0,0.0,0.0,0.0,0.0,0.0,0.0,0.14,0.08,1.0,0.99,U24180,134
,0.0,0.0,0.0,0.0,0.0,0.0,0.0,0.0,0.14,0.12,0.92,0.96,U24192,4
0.7878787878787878,0.0625,0.0,0.0,0.0,0.0,0.3333333333333333,0.6666666666666666,0.6666666666666666,0.18,0.12,0.74,0.86,U2422,17
,0.0,0.0,0.0,0.0,0.0,0.0,0.0,0.0,0.2,0.12,0.68,0.84,U24225,17
,0.0,0.0,0.0,0.0,0.0,0.0,0.0,0.0,0.22,0.13,0.7,0.83,U24228,33
,0.0,0.0,0.0,0.0,0.0,0.0,0.0,0.0,0.18,0.11,0.94,0.97,U24240,3
,0.0,0.0,0.0,0.0,0.0,0.0,0.0,0.0,0.18,0.12,0.9,0.95,U24251,5
,0.0,0.0,0.0,0.0,0.0,0.0,0.0,0.0,0.18,0.1,0.94,0.97,U24294,3
,0.0,0.0,0.0,0.0,0.0,0.0,0.0,0.0,0.14,0.09,0.92,0.96,U24314,4
,0.0,0.0,0.0,0.0,0.0,0.0,0.0,0.0,0.2,0.13,0.74,0.87,U24321,13
,0.0,0.0,0.0,0.0,0.0,0.0,0.0,0.0,0.12,0.08,0.92,0.94,U24338,61
,0.0,0.0,0.0,0.0,0.0,0.0,0.0,0.0,0.12,0.06,0.84,0.92,U24340,9
,0.0,0.0,0.0,0.0,0.0,0.0,0.0,0.0,0.04,0.03,0.86,0.93,U24348,7
,0.0,0.0,0.0,0.0,0.0,0.0,0.0,0.0,0.2,0.12,0.62,0.81,U24360,36
,0.0,0.0,0.0,0.0,0.0,0.0,0.0,0.0,0.18,0.11,0.96,0.98,U24378,2
,0.0,0.0,0.0,0.0,0.0,0.0,0.0,0.0,0.16,0.1,0.68,0.82,U24392,27
,0.0,0.0,0.0,0.0,0.0,0.0,0.0,0.0,0.16,0.11,0.86,0.93,U24438,7
,0.0,0.0,0.0,0.0,0.0,0.0,0.0,0.0,0.18,0.12,0.84,0.92,U24439,8
,0.0,0.0,0.0,0.0,0.0,0.0,0.0,0.0,0.2,0.11,0.58,0.77,U2444,30
,0.0,0.0,0.0,0.0,0.0,0.0,0.0,0.0,0.14,0.09,0.78,0.89,U24474,12
,0.0,0.0,0.0,0.0,0.0,0.0,0.0,0.0,0.04,0.04,0.94,0.96,U24492,39
,0.0,0.0,0.0,0.0,0.0,0.0,0.0,0.0,0.1,0.09,0.84,0.88,U2451,34
,0.0,0.0,0.0,0.0,0.0,0.0,0.0,0.0,0.2,0.11,0.64,0.8,U24512,25
,0.0,0.0,0.0,0.0,0.0,0.0,0.0,0.0,0.12,0.11,0.92,0.96,U24514,4
,0.0,0.0,0.0,0.0,0.0,0.0,0.0,0.0,0.08,0.05,0.74,0.83,U24533,29
,0.0,0.0,0.0,0.0,0.0,0.0,0.0,0.0,0.22,0.12,0.78,0.8,U24558,60
,0.0,0.0,0.0,0.0,0.0,0.0,0.0,0.0,0.24,0.12,0.72,0.83,U24559,17
,0.0,0.0,0.0,0.0,0.0,0.0,0.0,0.0,0.14,0.11,0.82,0.85,U2459,50
,0.0,0.0,0.0,0.0,0.0,0.0,0.0,0.0,0.18,0.11,0.66,0.79,U24592,41
,0.0,0.0,0.0,0.0,0.0,0.0,0.0,0.0,0.1,0.06,0.82,0.88,U24600,14
,0.0,0.0,0.0,0.0,0.0,0.0,0.0,0.0,0.12,0.08,0.88,0.94,U24615,6
,0.0,0.0,0.0,0.0,0.0,0.0,0.0,0.0,0.22,0.12,0.64,0.81,U2463,20
,0.0,0.0,0.0,0.0,0.0,0.0,0.0,0.0,0.2,0.12,0.48,0.73,U24655,29
,0.0,0.0,0.0,0.0,0.0,0.0,0.0,0.0,0.14,0.08,0.82,0.86,U24659,18
,0.0,0.0,0.0,0.0,0.0,0.0,0.0,0.0,0.16,0.11,0.84,0.92,U24663,8
,0.0,0.0,0.0,0.0,0.0,0.0,0.0,0.0,0.26,0.13,0.74,0.87,U24667,15
,0.0,0.0,0.0,0.0,0.0,0.0,0.0,0.0,0.04,0.02,0.94,0.96,U24686,165
,0.0,0.0,0.0,0.0,0.0,0.0,0.0,0.0,0.22,0.13,0.68,0.8,U24691,28
,0.0,0.0,0.0,0.0,0.0,0.0,0.0,0.0,0.16,0.11,0.76,0.84,U247,63
,0.0,0.0,0.0,0.0,0.0,0.0,0.0,0.0,0.2,0.11,0.78,0.89,U24760,11
,0.0,0.0,0.0,0.0,0.0,0.0,0.0,0.0,0.12,0.06,0.82,0.91,U24764,9
,0.0,0.0,0.0,0.0,0.0,0.0,0.0,0.0,0.22,0.14,0.84,0.92,U24775,8
,0.0,0.0,0.0,0.0,0.0,0.0,0.0,0.0,0.18,0.12,0.8,0.89,U24936,12
,0.0,0.0,0.0,0.0,0.0,0.0,0.0,0.0,0.14,0.08,0.86,0.89,U2494,32
,0.0,0.0,0.0,0.0,0.0,0.0,0.0,0.0,0.2,0.12,0.76,0.79,U24948,41
,0.0,0.0,0.0,0.0,0.0,0.0,0.0,0.0,0.16,0.09,0.84,0.92,U24984,8
,0.0,0.0,0.0,0.0,0.0,0.0,0.0,0.0,0.26,0.13,0.7,0.82,U25000,34
,0.0,0.0,0.0,0.0,0.0,0.0,0.0,0.0,0.1,0.05,0.74,0.86,U25006,14
,0.0,0.0,0.0,0.0,0.0,0.0,0.0,0.0,0.2,0.12,0.62,0.81,U25044,20
,0.0,0.0,0.0,0.0,0.0,0.0,0.0,0.0,0.16,0.09,0.94,0.97,U25049,3
,0.0,0.0,0.0,0.0,0.0,0.0,0.0,0.0,0.2,0.11,0.88,0.94,U2505,6
,0.0,0.0,0.0,0.0,0.0,0.0,0.0,0.0,0.14,0.09,0.68,0.84,U25061,17
,0.0,0.0,0.0,0.0,0.0,0.0,0.0,0.0,0.24,0.12,0.64,0.79,U25068,21
,0.0,0.0,0.0,0.0,0.0,0.0,0.0,0.0,0.08,0.04,0.78,0.86,U25083,62
,0.0,0.0,0.0,0.0,0.0,0.0,0.0,0.0,0.08,0.08,0.92,0.96,U25087,4
,0.0,0.0,0.0,0.0,0.0,0.0,0.0,0.0,0.16,0.11,0.96,0.98,U25106,2
,0.0,0.0,0.0,0.0,0.0,0.0,0.0,0.0,0.18,0.13,0.7,0.85,U25111,15
,0.0,0.0,0.0,0.0,0.0,0.0,0.0,0.0,0.18,0.1,0.72,0.84,U25153,23
,0.0,0.0,0.0,0.0,0.0,0.0,0.0,0.0,0.12,0.06,0.92,0.96,U25154,4
0.22613065326633167,0.0064516129032258064,0.0,0.0,0.0,0.0,0.0,0.0,0.125,0.08,0.08,0.82,0.9,U2516,44
0.7135678391959799,0.017241379310344827,0.0,0.0,0.0,0.0,0.0,0.5,0.5,0.22,0.13,0.9,0.95,U25178,5
,0.0,0.0,0.0,0.0,0.0,0.0,0.0,0.0,0.16,0.09,0.68,0.83,U25200,37
,0.0,0.0,0.0,0.0,0.0,0.0,0.0,0.0,0.18,0.13,0.82,0.9,U25205,12
,0.0,0.0,0.0,0.0,0.0,0.0,0.0,0.0,0.2,0.13,0.86,0.93,U25213,7
,0.0,0.0,0.0,0.0,0.0,0.0,0.0,0.0,0.14,0.08,0.74,0.86,U25215,17
,0.0,0.0,0.0,0.0,0.0,0.0,0.0,0.0,0.24,0.13,0.64,0.82,U25242,20
,0.0,0.0,0.0,0.0,0.0,0.0,0.0,0.0,0.08,0.07,0.72,0.82,U25262,37
,0.0,0.0,0.0,0.0,0.0,0.0,0.0,0.0,0.16,0.08,0.66,0.81,U25278,53
,0.0,0.0,0.0,0.0,0.0,0.0,0.0,0.0,0.2,0.12,0.56,0.76,U25279,28
,0.0,0.0,0.0,0.0,0.0,0.0,0.0,0.0,0.04,0.04,0.82,0.88,U25314,43
,0.0,0.0,0.0,0.0,0.0,0.0,0.0,0.0,0.14,0.07,0.8,0.9,U25348,12
,0.0,0.0,0.0,0.0,0.0,0.0,0.0,0.0,0.1,0.1,0.94,0.97,U25352,3
0.5829145728643216,0.011904761904761904,0.0,0.0,0.0,0.0,0.0,0.25,0.25,0.18,0.1,0.74,0.8,U25395,34
,0.0,0.0,0.0,0.0,0.0,0.0,0.0,0.0,0.04,0.05,0.94,0.94,U25407,26
,0.0,0.0,0.0,0.0,0.0,0.0,0.0,0.0,0.18,0.11,0.74,0.86,U25433,15
,0.0,0.0,0.0,0.0,0.0,0.0,0.0,0.0,0.08,0.05,0.7,0.82,U25440,45
,0.0,0.0,0.0,0.0,0.0,0.0,0.0,0.0,0.08,0.05,0.74,0.83,U25450,35
,0.0,0.0,0.0,0.0,0.0,0.0,0.0,0.0,0.16,0.09,0.58,0.75,U255,26
,0.0,0.0,0.0,0.0,0.0,0.0,0.0,0.0,0.18,0.12,0.74,0.86,U25510,46
,0.0,0.0,0.0,0.0,0.0,0.0,0.0,0.0,0.08,0.04,0.74,0.84,U25519,55
,0.0,0.0,0.0,0.0,0.0,0.0,0.0,0.0,0.16,0.09,0.78,0.89,U25535,11
,0.0,0.0,0.0,0.0,0.0,0.0,0.0,0.0,0.14,0.1,0.7,0.83,U25609,32
,0.0,0.0,0.0,0.0,0.0,0.0,0.0,0.0,0.16,0.09,0.66,0.83,U25611,17
,0.0,0.0,0.0,0.0,0.0,0.0,0.0,0.0,0.16,0.1,0.76,0.83,U25632,24
,0.0,0.0,0.0,0.0,0.0,0.0,0.0,0.0,0.18,0.1,0.68,0.79,U25647,38
,0.0,0.0,0.0,0.0,0.0,0.0,0.0,0.0,0.16,0.1,0.72,0.81,U2566,31
,0.0,0.0,0.0,0.0,0.0,0.0,0.0,0.0,0.18,0.12,0.82,0.91,U25666,9
,0.0,0.0,0.0,0.0,0.0,0.0,0.0,0.0,0.16,0.08,0.94,0.97,U25690,3
,0.0,0.0,0.0,0.0,0.0,0.0,0.0,0.0,0.16,0.1,0.74,0.87,U25710,13
,0.0,0.0,0.0,0.0,0.0,0.0,0.0,0.0,0.24,0.12,0.98,0.99,U25716,1
,0.0,0.0,0.0,0.0,0.0,0.0,0.0,0.0,0.16,0.12,0.8,0.86,U2572,75
,0.0,0.0,0.0,0.0,0.0,0.0,0.0,0.0,0.16,0.1,0.78,0.84,U25752,44
,0.0,0.0,0.0,0.0,0.0,0.0,0.0,0.0,0.14,0.08,0.72,0.85,U2579,37
,0.0,0.0,0.0,0.0,0.0,0.0,0.0,0.0,0.2,0.12,0.68,0.83,U2581,17
,0.0,0.0,0.0,0.0,0.0,0.0,0.0,0.0,0.18,0.13,0.76,0.88,U25813,13
,0.0,0.0,0.0,0.0,0.0,0.0,0.0,0.0,0.16,0.09,0.68,0.79,U25826,41
,0.0,0.0,0.0,0.0,0.0,0.0,0.0,0.0,0.1,0.07,0.7,0.85,U25828,22
,0.0,0.0,0.0,0.0,0.0,0.0,0.0,0.0,0.06,0.03,0.7,0.83,U25840,37
,0.0,0.0,0.0,0.0,0.0,0.0,0.0,0.0,0.12,0.11,0.94,0.97,U25849,3
,0.0,0.0,0.0,0.0,0.0,0.0,0.0,0.0,0.18,0.11,0.96,0.98,U25850,2
,0.0,0.0,0.0,0.0,0.0,0.0,0.0,0.0,0.2,0.13,0.62,0.79,U25861,29
,0.0,0.0,0.0,0.0,0.0,0.0,0.0,0.0,0.24,0.13,0.64,0.8,U25871,24
,0.0,0.0,0.0,0.0,0.0,0.0,0.0,0.0,0.12,0.06,0.86,0.93,U2591,7
,0.0,0.0,0.0,0.0,0.0,0.0,0.0,0.0,0.06,0.05,0.82,0.9,U25983,53
,0.0,0.0,0.0,0.0,0.0,0.0,0.0,0.0,0.18,0.11,0.8,0.9,U2602,10
,0.0,0.0,0.0,0.0,0.0,0.0,0.0,0.0,0.08,0.04,0.84,0.92,U26031,8
,0.0,0.0,0.0,0.0,0.0,0.0,0.0,0.0,0.2,0.12,0.6,0.76,U26042,39
,0.0,0.0,0.0,0.0,0.0,0.0,0.0,0.0,0.16,0.1,0.66,0.79,U26044,28
,0.0,0.0,0.0,0.0,0.0,0.0,0.0,0.0,0.12,0.08,0.84,0.9,U26081,71
,0.0,0.0,0.0,0.0,0.0,0.0,0.0,0.0,0.2,0.12,0.7,0.84,U26090,31
,0.0,0.0,0.0,0.0,0.0,0.0,0.0,0.0,0.22,0.11,0.98,0.95,U26095,179
,0.0,0.0,0.0,0.0,0.0,0.0,0.0,0.0,0.22,0.13,0.66,0.82,U26114,30
,0.0,0.0,0.0,0.0,0.0,0.0,0.0,0.0,0.12,0.09,0.66,0.78,U26116,36
,0.0,0.0,0.0,0.0,0.0,0.0,0.0,0.0,0.24,0.12,0.78,0.89,U26123,11
,0.0,0.0,0.0,0.0,0.0,0.0,0.0,0.0,0.1,0.07,0.6,0.72,U2613,43
,0.0,0.0,0.0,0.0,0.0,0.0,0.0,0.0,0.14,0.09,0.92,0.96,U26135,4
,0.0,0.0,0.0,0.0,0.0,0.0,0.0,0.0,0.18,0.11,0.86,0.93,U26142,8
,0.0,0.0,0.0,0.0,0.0,0.0,0.0,0.0,0.12,0.09,0.7,0.82,U26162,27
,0.0,0.0,0.0,0.0,0.0,0.0,0.0,0.0,0.16,0.11,0.92,0.96,U26167,4
,0.0,0.0,0.0,0.0,0.0,0.0,0.0,0.0,0.2,0.13,0.64,0.81,U26209,24
,0.0,0.0,0.0,0.0,0.0,0.0,0.0,0.0,0.2,0.12,0.72,0.81,U26213,32
,0.0,0.0,0.0,0.0,0.0,0.0,0.0,0.0,0.22,0.13,0.74,0.83,U26214,68
,0.0,0.0,0.0,0.0,0.0,0.0,0.0,0.0,0.2,0.11,0.6,0.76,U26227,29
,0.0,0.0,0.0,0.0,0.0,0.0,0.0,0.0,0.2,0.12,0.88,0.92,U2626,62
,0.0,0.0,0.0,0.0,0.0,0.0,0.0,0.0,0.1,0.07,0.92,0.96,U26276,4
,0.0,0.0,0.0,0.0,0.0,0.0,0.0,0.0,0.22,0.12,0.92,0.94,U26286,85
,0.0,0.0,0.0,0.0,0.0,0.0,0.0,0.0,0.12,0.08,0.88,0.94,U26300,6
,0.0,0.0,0.0,0.0,0.0,0.0,0.0,0.0,0.2,0.12,0.76,0.86,U26316,53
,0.0,0.0,0.0,0.0,0.0,0.0,0.0,0.0,0.18,0.12,0.52,0.76,U26328,28
,0.0,0.0,0.0,0.0,0.0,0.0,0.0,0.0,0.16,0.12,0.66,0.82,U26334,20
,0.0,0.0,0.0,0.0,0.0,0.0,0.0,0.0,0.22,0.12,0.68,0.82,U26351,21
,0.0,0.0,0.0,0.0,0.0,0.0,0.0,0.0,0.22,0.13,0.66,0.79,U26357,47
,0.0,0.0,0.0,0.0,0.0,0.0,0.0,0.0,0.2,0.11,0.84,0.9,U26369,75
,0.0,0.0,0.0,0.0,0.0,0.0,0.0,0.0,0.14,0.12,0.76,0.83,U26390,62
,0.0,0.0,0.0,0.0,0.0,0.0,0.0,0.0,0.22,0.13,0.74,0.86,U26393,27
,0.0,0.0,0.0,0.0,0.0,0.0,0.0,0.0,0.08,0.05,0.88,0.92,U26397,54
,0.0,0.0,0.0,0.0,0.0,0.0,0.0,0.0,0.16,0.09,0.82,0.91,U2642,9
,0.0,0.0,0.0,0.0,0.0,0.0,0.0,0.0,0.1,0.08,0.8,0.84,U26422,23
,0.0,0.0,0.0,0.0,0.0,0.0,0.0,0.0,0.14,0.07,0.76,0.84,U26424,60
,0.0,0.0,0.0,0.0,0.0,0.0,0.0,0.0,0.16,0.1,0.86,0.93,U26460,7
,0.0,0.0,0.0,0.0,0.0,0.0,0.0,0.0,0.16,0.09,0.64,0.81,U26469,21
,0.0,0.0,0.0,0.0,0.0,0.0,0.0,0.0,0.14,0.07,0.64,0.8,U26488,22
,0.0,0.0,0.0,0.0,0.0,0.0,0.0,0.0,0.02,0.01,0.8,0.89,U26496,38
,0.0,0.0,0.0,0.0,0.0,0.0,0.0,0.0,0.16,0.1,0.94,0.93,U26513,61
,0.0,0.0,0.0,0.0,0.0,0.0,0.0,0.0,0.04,0.02,0.92,0.94,U26515,102
,0.0,0.0,0.0,0.0,0.0,0.0,0.0,0.0,0.16,0.11,0.78,0.86,U26523,15
,0.0,0.0,0.0,0.0,0.0,0.0,0.0,0.0,0.18,0.11,0.64,0.81,U26536,23
,0.0,0.0,0.0,0.0,0.0,0.0,0.0,0.0,0.1,0.08,0.82,0.91,U26543,9
,0.0,0.0,0.0,0.0,0.0,0.0,0.0,0.0,0.22,0.12,0.82,0.91,U26586,9
,0.0,0.0,0.0,0.0,0.0,0.0,0.0,0.0,0.24,0.12,0.88,0.94,U26607,6
,0.0,0.0,0.0,0.0,0.0,0.0,0.0,0.0,0.14,0.1,0.56,0.77,U26616,56
,0.0,0.0,0.0,0.0,0.0,0.0,0.0,0.0,0.14,0.08,0.9,0.95,U26626,5
,0.0,0.0,0.0,0.0,0.0,0.0,0.0,0.0,0.12,0.07,0.88,0.91,U26637,82
,0.0,0.0,0.0,0.0,0.0,0.0,0.0,0.0,0.1,0.09,0.72,0.86,U26642,17
,0.0,0.0,0.0,0.0,0.0,0.0,0.0,0.0,0.2,0.11,0.64,0.8,U26646,23
,0.0,0.0,0.0,0.0,0.0,0.0,0.0,0.0,0.2,0.13,0.92,0.96,U26685,4
,0.0,0.0,0.0,0.0,0.0,0.0,0.0,0.0,0.2,0.12,0.84,0.92,U26692,8
,0.0,0.0,0.0,0.0,0.0,0.0,0.0,0.0,0.12,0.09,0.82,0.87,U26701,49
,0.0,0.0,0.0,0.0,0.0,0.0,0.0,0.0,0.2,0.13,0.7,0.82,U26710,21
,0.0,0.0,0.0,0.0,0.0,0.0,0.0,0.0,0.14,0.09,0.86,0.88,U26724,17
,0.0,0.0,0.0,0.0,0.0,0.0,0.0,0.0,0.2,0.12,0.8,0.9,U26728,10
,0.0,0.0,0.0,0.0,0.0,0.0,0.0,0.0,0.24,0.13,0.58,0.75,U26731,25
,0.0,0.0,0.0,0.0,0.0,0.0,0.0,0.0,0.16,0.09,0.88,0.94,U2674,6
,0.0,0.0,0.0,0.0,0.0,0.0,0.0,0.0,0.22,0.13,0.7,0.85,U26744,16
,0.0,0.0,0.0,0.0,0.0,0.0,0.0,0.0,0.1,0.09,0.68,0.84,U26771,16
,0.0,0.0,0.0,0.0,0.0,0.0,0.0,0.0,0.14,0.09,0.76,0.83,U26787,58
,0.0,0.0,0.0,0.0,0.0,0.0,0.0,0.0,0.18,0.11,0.82,0.88,U268,23
,0.0,0.0,0.0,0.0,0.0,0.0,0.0,0.0,0.12,0.1,0.86,0.93,U26800,7
,0.0,0.0,0.0,0.0,0.0,0.0,0.0,0.0,0.06,0.04,0.8,0.84,U26834,37
,0.0,0.0,0.0,0.0,0.0,0.0,0.0,0.0,0.2,0.1,0.62,0.79,U26863,28
,0.0,0.0,0.0,0.0,0.0,0.0,0.0,0.0,0.26,0.13,0.88,0.92,U26880,58
,0.0,0.0,0.0,0.0,0.0,0.0,0.0,0.0,0.1,0.05,0.7,0.85,U26884,15
,0.0,0.0,0.0,0.0,0.0,0.0,0.0,0.0,0.1,0.09,0.88,0.9,U26885,75
,0.0,0.0,0.0,0.0,0.0,0.0,0.0,0.0,0.14,0.08,0.82,0.89,U26898,65
,0.0,0.0,0.0,0.0,0.0,0.0,0.0,0.0,0.12,0.09,0.84,0.92,U26905,8
,0.0,0.0,0.0,0.0,0.0,0.0,0.0,0.0,0.18,0.11,0.9,0.95,U26908,82
,0.0,0.0,0.0,0.0,0.0,0.0,0.0,0.0,0.18,0.1,0.84,0.92,U26937,8
,0.0,0.0,0.0,0.0,0.0,0.0,0.0,0.0,0.12,0.06,0.88,0.94,U26941,7
,0.0,0.0,0.0,0.0,0.0,0.0,0.0,0.0,0.18,0.1,0.86,0.93,U26942,7
,0.0,0.0,0.0,0.0,0.0,0.0,0.0,0.0,0.18,0.1,0.86,0.9,U26988,83
,0.0,0.0,0.0,0.0,0.0,0.0,0.0,0.0,0.2,0.11,0.86,0.93,U26996,7
,0.0,0.0,0.0,0.0,0.0,0.0,0.0,0.0,0.04,0.04,0.9,0.93,U270,59
,0.0,0.0,0.0,0.0,0.0,0.0,0.0,0.0,0.18,0.14,0.96,0.98,U27029,2
,0.0,0.0,0.0,0.0,0.0,0.0,0.0,0.0,0.16,0.12,0.86,0.93,U2703,7
,0.0,0.0,0.0,0.0,0.0,0.0,0.0,0.0,0.24,0.13,0.6,0.8,U27037,21
0.5778894472361809,0.011764705882352941,0.0,0.0,0.0,0.0,0.0,0.2,0.2,0.18,0.13,0.72,0.83,U27043,38
,0.0,0.0,0.0,0.0,0.0,0.0,0.0,0.0,0.04,0.02,0.88,0.94,U27077,6
,0.0,0.0,0.0,0.0,0.0,0.0,0.0,0.0,0.12,0.1,0.8,0.82,U27103,48
,0.0,0.0,0.0,0.0,0.0,0.0,0.0,0.0,0.14,0.09,0.72,0.78,U27114,32
,0.0,0.0,0.0,0.0,0.0,0.0,0.0,0.0,0.08,0.05,0.9,0.94,U27123,56
,0.0,0.0,0.0,0.0,0.0,0.0,0.0,0.0,0.16,0.1,0.94,0.97,U27128,3
,0.0,0.0,0.0,0.0,0.0,0.0,0.0,0.0,0.26,0.14,0.68,0.83,U27159,22
,0.0,0.0,0.0,0.0,0.0,0.0,0.0,0.0,0.18,0.1,0.82,0.91,U27206,9
,0.0,0.0,0.0,0.0,0.0,0.0,0.0,0.0,0.12,0.11,0.76,0.87,U27209,13
,0.0,0.0,0.0,0.0,0.0,0.0,0.0,0.0,0.12,0.07,0.68,0.82,U27243,22
,0.0,0.0,0.0,0.0,0.0,0.0,0.0,0.0,0.04,0.02,0.86,0.91,U27251,81
,0.0,0.0,0.0,0.0,0.0,0.0,0.0,0.0,0.08,0.06,0.94,0.97,U27262,3
,0.0,0.0,0.0,0.0,0.0,0.0,0.0,0.0,0.22,0.13,0.62,0.74,U27280,39
,0.0,0.0,0.0,0.0,0.0,0.0,0.0,0.0,0.16,0.08,0.92,0.96,U27303,85
,0.0,0.0,0.0,0.0,0.0,0.0,0.0,0.0,0.18,0.1,0.88,0.94,U2731,6
,0.0,0.0,0.0,0.0,0.0,0.0,0.0,0.0,0.08,0.08,0.94,0.97,U27310,3
,0.0,0.0,0.0,0.0,0.0,0.0,0.0,0.0,0.18,0.1,0.82,0.91,U27315,9
,0.0,0.0,0.0,0.0,0.0,0.0,0.0,0.0,0.2,0.12,0.6,0.79,U27329,27
,0.0,0.0,0.0,0.0,0.0,0.0,0.0,0.0,0.16,0.11,0.82,0.89,U2733,12
,0.0,0.0,0.0,0.0,0.0,0.0,0.0,0.0,0.2,0.11,0.62,0.79,U27344,29
,0.0,0.0,0.0,0.0,0.0,0.0,0.0,0.0,0.06,0.04,0.74,0.86,U27348,22
,0.0,0.0,0.0,0.0,0.0,0.0,0.0,0.0,0.12,0.08,0.8,0.9,U27370,10
,0.0,0.0,0.0,0.0,0.0,0.0,0.0,0.0,0.14,0.09,0.84,0.92,U27371,8
,0.0,0.0,0.0,0.0,0.0,0.0,0.0,0.0,0.2,0.12,0.68,0.84,U27384,18
,0.0,0.0,0.0,0.0,0.0,0.0,0.0,0.0,0.06,0.04,0.82,0.91,U274,9
,0.0,0.0,0.0,0.0,0.0,0.0,0.0,0.0,0.12,0.07,0.96,0.98,U27407,2
,0.0,0.0,0.0,0.0,0.0,0.0,0.0,0.0,0.16,0.09,0.64,0.81,U27411,24
,0.0,0.0,0.0,0.0,0.0,0.0,0.0,0.0,0.16,0.11,0.72,0.84,U27422,53
,0.0,0.0,0.0,0.0,0.0,0.0,0.0,0.0,0.16,0.13,0.94,0.94,U27426,110
,0.0,0.0,0.0,0.0,0.0,0.0,0.0,0.0,0.18,0.1,0.72,0.83,U27453,29
,0.0,0.0,0.0,0.0,0.0,0.0,0.0,0.0,0.18,0.1,0.76,0.86,U27457,16
,0.0,0.0,0.0,0.0,0.0,0.0,0.0,0.0,0.14,0.08,0.82,0.85,U27459,20
,0.0,0.0,0.0,0.0,0.0,0.0,0.0,0.0,0.14,0.12,0.82,0.86,U2747,77
,0.0,0.0,0.0,0.0,0.0,0.0,0.0,0.0,0.24,0.13,0.96,0.98,U2749,2
,0.0,0.0,0.0,0.0,0.0,0.0,0.0,0.0,0.08,0.09,0.86,0.87,U27504,29
,0.0,0.0,0.0,0.0,0.0,0.0,0.0,0.0,0.22,0.12,0.7,0.85,U27554,17
,0.0,0.0,0.0,0.0,0.0,0.0,0.0,0.0,0.24,0.13,0.78,0.87,U27559,80
,0.0,0.0,0.0,0.0,0.0,0.0,0.0,0.0,0.04,0.04,0.9,0.9,U27583,61
,0.0,0.0,0.0,0.0,0.0,0.0,0.0,0.0,0.16,0.1,0.78,0.85,U2762,53
,0.0,0.0,0.0,0.0,0.0,0.0,0.0,0.0,0.2,0.13,0.9,0.95,U27639,5
,0.0,0.0,0.0,0.0,0.0,0.0,0.0,0.0,0.04,0.04,0.78,0.86,U27664,27
,0.0,0.0,0.0,0.0,0.0,0.0,0.0,0.0,0.18,0.1,0.82,0.89,U27678,109
,0.0,0.0,0.0,0.0,0.0,0.0,0.0,0.0,0.22,0.12,0.66,0.82,U27694,21
,0.0,0.0,0.0,0.0,0.0,0.0,0.0,0.0,0.18,0.12,0.94,0.97,U27736,3
,0.0,0.0,0.0,0.0,0.0,0.0,0.0,0.0,0.18,0.12,0.74,0.86,U27737,16
,0.0,0.0,0.0,0.0,0.0,0.0,0.0,0.0,0.22,0.11,0.56,0.74,U27759,27
,0.0,0.0,0.0,0.0,0.0,0.0,0.0,0.0,0.18,0.11,0.66,0.77,U27815,37
,0.0,0.0,0.0,0.0,0.0,0.0,0.0,0.0,0.12,0.09,0.84,0.87,U27826,39
,0.0,0.0,0.0,0.0,0.0,0.0,0.0,0.0,0.1,0.07,0.86,0.93,U27842,7
,0.0,0.0,0.0,0.0,0.0,0.0,0.0,0.0,0.14,0.09,0.74,0.87,U27891,13
,0.0,0.0,0.0,0.0,0.0,0.0,0.0,0.0,0.2,0.12,0.62,0.79,U2792,25
,0.0,0.0,0.0,0.0,0.0,0.0,0.0,0.0,0.14,0.09,0.76,0.84,U27936,19
,0.0,0.0,0.0,0.0,0.0,0.0,0.0,0.0,0.16,0.11,0.82,0.91,U27961,10
,0.0,0.0,0.0,0.0,0.0,0.0,0.0,0.0,0.18,0.12,0.86,0.93,U27966,7
,0.0,0.0,0.0,0.0,0.0,0.0,0.0,0.0,0.18,0.09,0.8,0.89,U27973,11
,0.0,0.0,0.0,0.0,0.0,0.0,0.0,0.0,0.18,0.1,0.76,0.85,U27994,62
,0.0,0.0,0.0,0.0,0.0,0.0,0.0,0.0,0.16,0.12,0.68,0.78,U27999,25
,0.0,0.0,0.0,0.0,0.0,0.0,0.0,0.0,0.12,0.07,0.82,0.91,U28014,9
0.4472361809045226,0.009009009009009009,0.0,0.0,0.0,0.0,0.0,0.0,0.25,0.22,0.12,0.66,0.8,U28025,23
,0.0,0.0,0.0,0.0,0.0,0.0,0.0,0.0,0.04,0.03,0.88,0.94,U28030,6
,0.0,0.0,0.0,0.0,0.0,0.0,0.0,0.0,0.22,0.13,0.68,0.84,U28048,16
,0.0,0.0,0.0,0.0,0.0,0.0,0.0,0.0,0.2,0.1,0.76,0.88,U28058,12
,0.0,0.0,0.0,0.0,0.0,0.0,0.0,0.0,0.18,0.11,0.66,0.81,U28070,30
,0.0,0.0,0.0,0.0,0.0,0.0,0.0,0.0,0.14,0.11,0.86,0.93,U28094,7
,0.0,0.0,0.0,0.0,0.0,0.0,0.0,0.0,0.1,0.07,0.78,0.85,U28097,38
,0.0,0.0,0.0,0.0,0.0,0.0,0.0,0.0,0.18,0.1,0.64,0.81,U2812,21
,0.0,0.0,0.0,0.0,0.0,0.0,0.0,0.0,0.2,0.11,0.74,0.81,U28121,33
,0.0,0.0,0.0,0.0,0.0,0.0,0.0,0.0,0.16,0.1,0.8,0.9,U28126,11
,0.0,0.0,0.0,0.0,0.0,0.0,0.0,0.0,0.16,0.09,0.9,0.95,U28129,5
,0.0,0.0,0.0,0.0,0.0,0.0,0.0,0.0,0.18,0.11,0.7,0.83,U28160,49
,0.0,0.0,0.0,0.0,0.0,0.0,0.0,0.0,0.18,0.09,0.7,0.84,U28167,20
,0.0,0.0,0.0,0.0,0.0,0.0,0.0,0.0,0.16,0.1,0.7,0.82,U28180,24
,0.0,0.0,0.0,0.0,0.0,0.0,0.0,0.0,0.18,0.12,0.92,0.96,U28185,102
,0.0,0.0,0.0,0.0,0.0,0.0,0.0,0.0,0.18,0.12,0.82,0.88,U28244,66
,0.0,0.0,0.0,0.0,0.0,0.0,0.0,0.0,0.08,0.05,0.96,0.98,U28257,2
,0.0,0.0,0.0,0.0,0.0,0.0,0.0,0.0,0.22,0.12,0.96,0.98,U28270,2
,0.0,0.0,0.0,0.0,0.0,0.0,0.0,0.0,0.16,0.09,0.74,0.84,U28292,16
,0.0,0.0,0.0,0.0,0.0,0.0,0.0,0.0,0.08,0.07,0.64,0.76,U28302,31
,0.0,0.0,0.0,0.0,0.0,0.0,0.0,0.0,0.18,0.1,0.94,0.97,U28304,3
,0.0,0.0,0.0,0.0,0.0,0.0,0.0,0.0,0.2,0.11,0.92,0.96,U28307,4
,0.0,0.0,0.0,0.0,0.0,0.0,0.0,0.0,0.04,0.03,0.92,0.9,U28313,74
,0.0,0.0,0.0,0.0,0.0,0.0,0.0,0.0,0.18,0.11,0.78,0.89,U28319,11
,0.0,0.0,0.0,0.0,0.0,0.0,0.0,0.0,0.22,0.13,0.72,0.85,U28320,15
,0.0,0.0,0.0,0.0,0.0,0.0,0.0,0.0,0.1,0.05,0.82,0.91,U28326,9
,0.0,0.0,0.0,0.0,0.0,0.0,0.0,0.0,0.08,0.05,0.84,0.92,U28333,8
0.8291457286432161,0.02857142857142857,0.0,0.0,0.0,0.0,1.0,1.0,1.0,0.16,0.11,0.9,0.95,U28348,5
,0.0,0.0,0.0,0.0,0.0,0.0,0.0,0.0,0.12,0.08,0.82,0.91,U28356,11
,0.0,0.0,0.0,0.0,0.0,0.0,0.0,0.0,0.16,0.09,0.92,0.96,U28433,4
,0.0,0.0,0.0,0.0,0.0,0.0,0.0,0.0,0.22,0.12,0.72,0.81,U28442,37
,0.0,0.0,0.0,0.0,0.0,0.0,0.0,0.0,0.14,0.08,0.74,0.84,U28451,24
,0.0,0.0,0.0,0.0,0.0,0.0,0.0,0.0,0.22,0.11,0.84,0.92,U28462,8
,0.0,0.0,0.0,0.0,0.0,0.0,0.0,0.0,0.2,0.13,0.74,0.86,U28476,14
,0.0,0.0,0.0,0.0,0.0,0.0,0.0,0.0,0.14,0.11,0.78,0.86,U28482,79
,0.0,0.0,0.0,0.0,0.0,0.0,0.0,0.0,0.18,0.11,0.66,0.79,U28498,24
,0.0,0.0,0.0,0.0,0.0,0.0,0.0,0.0,0.18,0.1,0.76,0.85,U28502,26
,0.0,0.0,0.0,0.0,0.0,0.0,0.0,0.0,0.18,0.13,0.88,0.94,U28518,6
,0.0,0.0,0.0,0.0,0.0,0.0,0.0,0.0,0.16,0.09,0.66,0.79,U28523,43
,0.0,0.0,0.0,0.0,0.0,0.0,0.0,0.0,0.08,0.08,0.86,0.93,U28533,7
,0.0,0.0,0.0,0.0,0.0,0.0,0.0,0.0,0.22,0.13,1.0,0.99,U28557,122
,0.0,0.0,0.0,0.0,0.0,0.0,0.0,0.0,0.22,0.14,0.64,0.82,U2856,18
,0.0,0.0,0.0,0.0,0.0,0.0,0.0,0.0,0.18,0.11,0.78,0.89,U28562,12
,0.0,0.0,0.0,0.0,0.0,0.0,0.0,0.0,0.2,0.13,0.74,0.82,U2859,32
,0.0,0.0,0.0,0.0,0.0,0.0,0.0,0.0,0.16,0.09,0.92,0.96,U2861,4
,0.0,0.0,0.0,0.0,0.0,0.0,0.0,0.0,0.12,0.07,0.74,0.85,U28613,17
,0.0,0.0,0.0,0.0,0.0,0.0,0.0,0.0,0.22,0.12,0.92,0.95,U28621,125
,0.0,0.0,0.0,0.0,0.0,0.0,0.0,0.0,0.22,0.13,0.94,0.97,U28632,3
,0.0,0.0,0.0,0.0,0.0,0.0,0.0,0.0,0.18,0.13,0.96,0.98,U28648,2
,0.0,0.0,0.0,0.0,0.0,0.0,0.0,0.0,0.28,0.14,0.6,0.78,U2867,37
,0.0,0.0,0.0,0.0,0.0,0.0,0.0,0.0,0.1,0.06,0.8,0.9,U28679,10
,0.0,0.0,0.0,0.0,0.0,0.0,0.0,0.0,0.12,0.09,0.84,0.92,U2869,8
,0.0,0.0,0.0,0.0,0.0,0.0,0.0,0.0,0.16,0.11,0.68,0.82,U28700,24
,0.0,0.0,0.0,0.0,0.0,0.0,0.0,0.0,0.2,0.11,0.9,0.95,U28704,5
,0.0,0.0,0.0,0.0,0.0,0.0,0.0,0.0,0.14,0.09,0.86,0.87,U28717,108
,0.0,0.0,0.0,0.0,0.0,0.0,0.0,0.0,0.24,0.13,0.74,0.85,U28718,59
0.6733668341708543,0.015151515151515152,0.0,0.0,0.0,0.0,0.0,0.5,0.5,0.14,0.1,0.88,0.94,U28727,6
,0.0,0.0,0.0,0.0,0.0,0.0,0.0,0.0,0.12,0.07,0.82,0.91,U28738,9
,0.0,0.0,0.0,0.0,0.0,0.0,0.0,0.0,0.18,0.09,0.84,0.92,U28744,8
,0.0,0.0,0.0,0.0,0.0,0.0,0.0,0.0,0.2,0.13,0.72,0.83,U28749,18
,0.0,0.0,0.0,0.0,0.0,0.0,0.0,0.0,0.18,0.12,0.92,0.96,U28757,4
,0.0,0.0,0.0,0.0,0.0,0.0,0.0,0.0,0.22,0.12,0.68,0.81,U28768,22
,0.0,0.0,0.0,0.0,0.0,0.0,0.0,0.0,0.18,0.11,0.52,0.76,U28774,31
,0.0,0.0,0.0,0.0,0.0,0.0,0.0,0.0,0.18,0.12,0.92,0.89,U28804,71
,0.0,0.0,0.0,0.0,0.0,0.0,0.0,0.0,0.14,0.1,0.94,0.97,U28814,3
,0.0,0.0,0.0,0.0,0.0,0.0,0.0,0.0,0.26,0.14,0.76,0.83,U28820,61
0.9095477386934674,0.05263157894736842,0.0,0.0,0.0,0.0,1.0,1.0,1.0,0.1,0.07,0.82,0.85,U28831,26
,0.0,0.0,0.0,0.0,0.0,0.0,0.0,0.0,0.18,0.1,0.68,0.83,U28850,17
,0.0,0.0,0.0,0.0,0.0,0.0,0.0,0.0,0.24,0.13,0.96,0.98,U28876,2
,0.0,0.0,0.0,0.0,0.0,0.0,0.0,0.0,0.2,0.1,0.72,0.8,U28898,43
,0.0,0.0,0.0,0.0,0.0,0.0,0.0,0.0,0.14,0.11,0.96,0.98,U28922,2
,0.0,0.0,0.0,0.0,0.0,0.0,0.0,0.0,0.06,0.06,0.64,0.79,U28941,41
,0.0,0.0,0.0,0.0,0.0,0.0,0.0,0.0,0.08,0.05,0.8,0.85,U28965,23
,0.0,0.0,0.0,0.0,0.0,0.0,0.0,0.0,0.22,0.13,0.68,0.84,U28979,19
,0.0,0.0,0.0,0.0,0.0,0.0,0.0,0.0,0.22,0.13,0.64,0.82,U29036,18
,0.0,0.0,0.0,0.0,0.0,0.0,0.0,0.0,0.16,0.1,0.82,0.91,U29043,9
,0.0,0.0,0.0,0.0,0.0,0.0,0.0,0.0,0.14,0.08,0.66,0.75,U29050,61
,0.0,0.0,0.0,0.0,0.0,0.0,0.0,0.0,0.16,0.1,0.82,0.91,U29057,9
,0.0,0.0,0.0,0.0,0.0,0.0,0.0,0.0,0.04,0.03,0.94,0.95,U2906,199
,0.0,0.0,0.0,0.0,0.0,0.0,0.0,0.0,0.24,0.14,0.62,0.78,U29060,30
,0.0,0.0,0.0,0.0,0.0,0.0,0.0,0.0,0.12,0.06,0.64,0.8,U29068,26
,0.0,0.0,0.0,0.0,0.0,0.0,0.0,0.0,0.18,0.12,0.94,0.95,U2908,105
,0.0,0.0,0.0,0.0,0.0,0.0,0.0,0.0,0.18,0.11,0.84,0.92,U29090,8
,0.0,0.0,0.0,0.0,0.0,0.0,0.0,0.0,0.18,0.09,0.68,0.81,U29096,43
,0.0,0.0,0.0,0.0,0.0,0.0,0.0,0.0,0.14,0.11,0.9,0.95,U2910,5
,0.0,0.0,0.0,0.0,0.0,0.0,0.0,0.0,0.14,0.11,0.92,0.96,U29106,4
,0.0,0.0,0.0,0.0,0.0,0.0,0.0,0.0,0.16,0.12,0.88,0.94,U29108,6
,0.0,0.0,0.0,0.0,0.0,0.0,0.0,0.0,0.2,0.12,0.58,0.78,U29187,25
,0.0,0.0,0.0,0.0,0.0,0.0,0.0,0.0,0.16,0.09,0.76,0.83,U29188,77
,0.0,0.0,0.0,0.0,0.0,0.0,0.0,0.0,0.22,0.13,0.76,0.87,U2919,81
,0.0,0.0,0.0,0.0,0.0,0.0,0.0,0.0,0.16,0.09,0.8,0.9,U29313,11
,0.0,0.0,0.0,0.0,0.0,0.0,0.0,0.0,0.2,0.1,0.94,0.97,U29314,3
,0.0,0.0,0.0,0.0,0.0,0.0,0.0,0.0,0.2,0.11,0.84,0.92,U29326,8
,0.0,0.0,0.0,0.0,0.0,0.0,0.0,0.0,0.18,0.12,0.8,0.85,U29334,26
,0.0,0.0,0.0,0.0,0.0,0.0,0.0,0.0,0.08,0.04,0.84,0.92,U2934,8
,0.0,0.0,0.0,0.0,0.0,0.0,0.0,0.0,0.14,0.09,0.78,0.89,U29365,11
,0.0,0.0,0.0,0.0,0.0,0.0,0.0,0.0,0.06,0.05,0.76,0.86,U29397,47
,0.0,0.0,0.0,0.0,0.0,0.0,0.0,0.0,0.14,0.07,0.78,0.89,U29402,11
,0.0,0.0,0.0,0.0,0.0,0.0,0.0,0.0,0.2,0.12,0.7,0.8,U2944,25
0.8090452261306532,0.02564102564102564,0.0,0.0,0.0,0.0,0.1111111111111111,0.1111111111111111,0.1111111111111111,0.18,0.12,0.9,0.89,U29449,51
,0.0,0.0,0.0,0.0,0.0,0.0,0.0,0.0,0.1,0.07,0.98,0.99,U29454,1
,0.0,0.0,0.0,0.0,0.0,0.0,0.0,0.0,0.2,0.12,0.72,0.85,U29484,15
,0.0,0.0,0.0,0.0,0.0,0.0,0.0,0.0,0.04,0.03,0.94,0.95,U29504,85
,0.0,0.0,0.0,0.0,0.0,0.0,0.0,0.0,0.22,0.13,0.82,0.91,U29508,10
,0.0,0.0,0.0,0.0,0.0,0.0,0.0,0.0,0.22,0.12,0.8,0.87,U29514,36
,0.0,0.0,0.0,0.0,0.0,0.0,0.0,0.0,0.12,0.08,0.88,0.92,U2952,121
,0.0,0.0,0.0,0.0,0.0,0.0,0.0,0.0,0.18,0.13,0.82,0.91,U29532,9
,0.0,0.0,0.0,0.0,0.0,0.0,0.0,0.0,0.22,0.12,0.6,0.79,U29564,22
,0.0,0.0,0.0,0.0,0.0,0.0,0.0,0.0,0.2,0.12,0.74,0.87,U29588,18
,0.0,0.0,0.0,0.0,0.0,0.0,0.0,0.0,0.12,0.07,0.74,0.8,U29596,32
,0.0,0.0,0.0,0.0,0.0,0.0,0.0,0.0,0.2,0.11,0.64,0.82,U29622,19
,0.0,0.0,0.0,0.0,0.0,0.0,0.0,0.0,0.08,0.04,0.74,0.83,U29623,31
,0.0,0.0,0.0,0.0,0.0,0.0,0.0,0.0,0.12,0.07,0.8,0.85,U29637,58
,0.0,0.0,0.0,0.0,0.0,0.0,0.0,0.0,0.18,0.13,0.9,0.95,U29650,5
,0.0,0.0,0.0,0.0,0.0,0.0,0.0,0.0,0.1,0.05,0.9,0.92,U29651,81
,0.0,0.0,0.0,0.0,0.0,0.0,0.0,0.0,0.2,0.11,0.64,0.81,U29661,19
,0.0,0.0,0.0,0.0,0.0,0.0,0.0,0.0,0.08,0.07,0.94,0.95,U29672,90
,0.0,0.0,0.0,0.0,0.0,0.0,0.0,0.0,0.12,0.1,0.68,0.81,U29681,26
,0.0,0.0,0.0,0.0,0.0,0.0,0.0,0.0,0.16,0.09,0.7,0.82,U29682,25
,0.0,0.0,0.0,0.0,0.0,0.0,0.0,0.0,0.16,0.1,0.92,0.96,U29704,4
,0.0,0.0,0.0,0.0,0.0,0.0,0.0,0.0,0.08,0.07,0.74,0.85,U29706,29
,0.0,0.0,0.0,0.0,0.0,0.0,0.0,0.0,0.14,0.09,0.96,0.98,U29733,2
,0.0,0.0,0.0,0.0,0.0,0.0,0.0,0.0,0.14,0.1,0.98,0.99,U2974,1
,0.0,0.0,0.0,0.0,0.0,0.0,0.0,0.0,0.22,0.13,0.9,0.92,U29758,76
,0.0,0.0,0.0,0.0,0.0,0.0,0.0,0.0,0.18,0.09,0.8,0.9,U29816,11
,0.0,0.0,0.0,0.0,0.0,0.0,0.0,0.0,0.16,0.12,0.6,0.76,U29817,37
,0.0,0.0,0.0,0.0,0.0,0.0,0.0,0.0,0.18,0.1,0.68,0.81,U29826,20
,0.0,0.0,0.0,0.0,0.0,0.0,0.0,0.0,0.22,0.14,0.64,0.77,U2985,49
,0.0,0.0,0.0,0.0,0.0,0.0,0.0,0.0,0.16,0.12,0.94,0.97,U29860,3
,0.0,0.0,0.0,0.0,0.0,0.0,0.0,0.0,0.22,0.12,0.64,0.79,U29869,30
,0.0,0.0,0.0,0.0,0.0,0.0,0.0,0.0,0.16,0.1,0.8,0.9,U29889,10
,0.0,0.0,0.0,0.0,0.0,0.0,0.0,0.0,0.16,0.11,0.82,0.88,U29898,70
,0.0,0.0,0.0,0.0,0.0,0.0,0.0,0.0,0.2,0.12,0.72,0.78,U29934,33
,0.0,0.0,0.0,0.0,0.0,0.0,0.0,0.0,0.18,0.11,0.78,0.88,U29950,14
,0.0,0.0,0.0,0.0,0.0,0.0,0.0,0.0,0.26,0.13,0.96,0.96,U29979,149
,0.0,0.0,0.0,0.0,0.0,0.0,0.0,0.0,0.14,0.08,0.8,0.88,U30041,13
,0.0,0.0,0.0,0.0,0.0,0.0,0.0,0.0,0.18,0.11,0.58,0.78,U3007,23
,0.0,0.0,0.0,0.0,0.0,0.0,0.0,0.0,0.18,0.11,0.86,0.93,U30072,7
,0.0,0.0,0.0,0.0,0.0,0.0,0.0,0.0,0.08,0.05,0.84,0.92,U30074,8
,0.0,0.0,0.0,0.0,0.0,0.0,0.0,0.0,0.18,0.1,0.84,0.92,U30080,8
,0.0,0.0,0.0,0.0,0.0,0.0,0.0,0.0,0.14,0.13,0.88,0.9,U30107,41
0.7738693467336684,0.021739130434782608,0.0,0.0,0.0,0.0,0.25,0.25,0.25,0.12,0.1,0.68,0.78,U30125,30
,0.0,0.0,0.0,0.0,0.0,0.0,0.0,0.0,0.18,0.1,0.78,0.89,U30140,11
,0.0,0.0,0.0,0.0,0.0,0.0,0.0,0.0,0.22,0.12,0.84,0.89,U30149,167
,0.0,0.0,0.0,0.0,0.0,0.0,0.0,0.0,0.08,0.05,0.82,0.87,U30164,57
,0.0,0.0,0.0,0.0,0.0,0.0,0.0,0.0,0.14,0.12,0.7,0.79,U30198,75
,0.0,0.0,0.0,0.0,0.0,0.0,0.0,0.0,0.22,0.12,0.84,0.89,U30215,66
,0.0,0.0,0.0,0.0,0.0,0.0,0.0,0.0,0.14,0.08,0.82,0.86,U30227,45
,0.0,0.0,0.0,0.0,0.0,0.0,0.0,0.0,0.18,0.1,0.7,0.85,U3023,16
,0.0,0.0,0.0,0.0,0.0,0.0,0.0,0.0,0.12,0.07,0.82,0.9,U30232,10
,0.0,0.0,0.0,0.0,0.0,0.0,0.0,0.0,0.22,0.14,0.76,0.88,U30242,14
,0.0,0.0,0.0,0.0,0.0,0.0,0.0,0.0,0.04,0.04,0.84,0.92,U30249,84
,0.0,0.0,0.0,0.0,0.0,0.0,0.0,0.0,0.2,0.11,0.7,0.85,U30252,17
,0.0,0.0,0.0,0.0,0.0,0.0,0.0,0.0,0.22,0.12,0.58,0.77,U30255,37
,0.0,0.0,0.0,0.0,0.0,0.0,0.0,0.0,0.2,0.13,0.66,0.83,U30262,17
,0.0,0.0,0.0,0.0,0.0,0.0,0.0,0.0,0.14,0.07,0.72,0.86,U30312,14
,0.0,0.0,0.0,0.0,0.0,0.0,0.0,0.0,0.22,0.12,0.96,0.98,U3035,2
,0.0,0.0,0.0,0.0,0.0,0.0,0.0,0.0,0.14,0.12,0.88,0.92,U30364,83
,0.0,0.0,0.0,0.0,0.0,0.0,0.0,0.0,0.1,0.06,0.86,0.93,U30365,7
,0.0,0.0,0.0,0.0,0.0,0.0,0.0,0.0,0.16,0.09,0.9,0.95,U30403,5
,0.0,0.0,0.0,0.0,0.0,0.0,0.0,0.0,0.06,0.05,0.88,0.88,U30422,52
,0.0,0.0,0.0,0.0,0.0,0.0,0.0,0.0,0.16,0.1,0.86,0.92,U30423,8
,0.0,0.0,0.0,0.0,0.0,0.0,0.0,0.0,0.12,0.1,0.92,0.93,U30480,97
,0.0,0.0,0.0,0.0,0.0,0.0,0.0,0.0,0.2,0.11,0.88,0.94,U30488,6
,0.0,0.0,0.0,0.0,0.0,0.0,0.0,0.0,0.14,0.1,0.6,0.77,U30494,26
,0.0,0.0,0.0,0.0,0.0,0.0,0.0,0.0,0.22,0.12,0.68,0.82,U30497,19
,0.0,0.0,0.0,0.0,0.0,0.0,0.0,0.0,0.18,0.1,0.8,0.9,U30498,10
,0.0,0.0,0.0,0.0,0.0,0.0,0.0,0.0,0.16,0.1,0.88,0.94,U30501,6
,0.0,0.0,0.0,0.0,0.0,0.0,0.0,0.0,0.22,0.13,0.64,0.82,U30519,18
,0.0,0.0,0.0,0.0,0.0,0.0,0.0,0.0,0.22,0.12,0.62,0.77,U30538,30
,0.0,0.0,0.0,0.0,0.0,0.0,0.0,0.0,0.2,0.1,0.82,0.9,U30554,10
,0.0,0.0,0.0,0.0,0.0,0.0,0.0,0.0,0.18,0.12,0.6,0.78,U30587,30
,0.0,0.0,0.0,0.0,0.0,0.0,0.0,0.0,0.14,0.1,0.78,0.87,U30592,43
,0.0,0.0,0.0,0.0,0.0,0.0,0.0,0.0,0.2,0.13,0.82,0.89,U30599,11
,0.0,0.0,0.0,0.0,0.0,0.0,0.0,0.0,0.24,0.13,0.9,0.94,U30600,74
,0.0,0.0,0.0,0.0,0.0,0.0,0.0,0.0,0.08,0.06,0.92,0.96,U3061,4
,0.0,0.0,0.0,0.0,0.0,0.0,0.0,0.0,0.16,0.09,0.78,0.89,U30632,11
,0.0,0.0,0.0,0.0,0.0,0.0,0.0,0.0,0.22,0.13,0.64,0.81,U30637,20
,0.0,0.0,0.0,0.0,0.0,0.0,0.0,0.0,0.2,0.14,0.56,0.78,U30641,23
,0.0,0.0,0.0,0.0,0.0,0.0,0.0,0.0,0.18,0.12,0.76,0.88,U30647,12
,0.0,0.0,0.0,0.0,0.0,0.0,0.0,0.0,0.1,0.05,0.8,0.9,U30662,10
,0.0,0.0,0.0,0.0,0.0,0.0,0.0,0.0,0.22,0.11,0.68,0.82,U3069,21
,0.0,0.0,0.0,0.0,0.0,0.0,0.0,0.0,0.18,0.1,0.78,0.89,U30701,11
,0.0,0.0,0.0,0.0,0.0,0.0,0.0,0.0,0.2,0.11,0.6,0.76,U30720,40
,0.0,0.0,0.0,0.0,0.0,0.0,0.0,0.0,0.24,0.13,0.76,0.88,U30722,12
,0.0,0.0,0.0,0.0,0.0,0.0,0.0,0.0,0.14,0.09,0.84,0.92,U30746,8
,0.0,0.0,0.0,0.0,0.0,0.0,0.0,0.0,0.2,0.11,0.56,0.74,U30748,39
,0.0,0.0,0.0,0.0,0.0,0.0,0.0,0.0,0.18,0.11,0.7,0.84,U3078,17
,0.0,0.0,0.0,0.0,0.0,0.0,0.0,0.0,0.14,0.09,0.8,0.85,U30855,52
,0.0,0.0,0.0,0.0,0.0,0.0,0.0,0.0,0.18,0.13,0.96,0.98,U30867,2
,0.0,0.0,0.0,0.0,0.0,0.0,0.0,0.0,0.14,0.09,0.92,0.96,U30899,4
,0.0,0.0,0.0,0.0,0.0,0.0,0.0,0.0,0.18,0.11,0.92,0.96,U3093,4
,0.0,0.0,0.0,0.0,0.0,0.0,0.0,0.0,0.12,0.1,0.8,0.9,U30941,10
,0.0,0.0,0.0,0.0,0.0,0.0,0.0,0.0,0.1,0.06,0.86,0.93,U30969,7
,0.0,0.0,0.0,0.0,0.0,0.0,0.0,0.0,0.2,0.14,0.9,0.95,U3098,5
,0.0,0.0,0.0,0.0,0.0,0.0,0.0,0.0,0.14,0.09,0.72,0.84,U31025,24
,0.0,0.0,0.0,0.0,0.0,0.0,0.0,0.0,0.22,0.13,0.74,0.83,U31059,36
,0.0,0.0,0.0,0.0,0.0,0.0,0.0,0.0,0.16,0.09,0.8,0.9,U31069,11
,0.0,0.0,0.0,0.0,0.0,0.0,0.0,0.0,0.14,0.08,0.7,0.8,U3107,58
,0.0,0.0,0.0,0.0,0.0,0.0,0.0,0.0,0.12,0.11,0.72,0.83,U31071,26
,0.0,0.0,0.0,0.0,0.0,0.0,0.0,0.0,0.04,0.03,0.9,0.94,U31096,53
,0.0,0.0,0.0,0.0,0.0,0.0,0.0,0.0,0.22,0.11,0.74,0.87,U31100,13
,0.0,0.0,0.0,0.0,0.0,0.0,0.0,0.0,0.18,0.09,0.9,0.95,U31103,5
,0.0,0.0,0.0,0.0,0.0,0.0,0.0,0.0,0.18,0.12,0.78,0.87,U31144,43
,0.0,0.0,0.0,0.0,0.0,0.0,0.0,0.0,0.18,0.12,0.6,0.77,U31146,38
,0.0,0.0,0.0,0.0,0.0,0.0,0.0,0.0,0.14,0.1,0.8,0.88,U31154,12
,0.0,0.0,0.0,0.0,0.0,0.0,0.0,0.0,0.18,0.13,0.8,0.9,U31155,10
,0.0,0.0,0.0,0.0,0.0,0.0,0.0,0.0,0.18,0.11,0.96,0.98,U31156,2
,0.0,0.0,0.0,0.0,0.0,0.0,0.0,0.0,0.14,0.08,0.74,0.86,U31173,16
,0.0,0.0,0.0,0.0,0.0,0.0,0.0,0.0,0.14,0.1,0.8,0.84,U3118,51
,0.0,0.0,0.0,0.0,0.0,0.0,0.0,0.0,0.12,0.06,0.82,0.9,U31180,14
,0.0,0.0,0.0,0.0,0.0,0.0,0.0,0.0,0.14,0.08,0.58,0.78,U31181,26
,0.0,0.0,0.0,0.0,0.0,0.0,0.0,0.0,0.2,0.12,0.84,0.91,U31182,9
,0.0,0.0,0.0,0.0,0.0,0.0,0.0,0.0,0.12,0.11,0.76,0.88,U3120,17
,0.0,0.0,0.0,0.0,0.0,0.0,0.0,0.0,0.12,0.08,0.8,0.9,U31206,10
,0.0,0.0,0.0,0.0,0.0,0.0,0.0,0.0,0.08,0.05,0.8,0.88,U31219,23
,0.0,0.0,0.0,0.0,0.0,0.0,0.0,0.0,0.2,0.1,0.68,0.84,U31220,16
,0.0,0.0,0.0,0.0,0.0,0.0,0.0,0.0,0.18,0.12,0.78,0.89,U31240,11
,0.0,0.0,0.0,0.0,0.0,0.0,0.0,0.0,0.06,0.09,0.92,0.94,U31286,76
,0.0,0.0,0.0,0.0,0.0,0.0,0.0,0.0,0.24,0.13,0.68,0.79,U313,41
,0.0,0.0,0.0,0.0,0.0,0.0,0.0,0.0,0.14,0.08,0.84,0.83,U31334,41
,0.0,0.0,0.0,0.0,0.0,0.0,0.0,0.0,0.16,0.1,0.94,0.97,U3136,3
,0.0,0.0,0.0,0.0,0.0,0.0,0.0,0.0,0.18,0.09,0.72,0.86,U31372,20
,0.0,0.0,0.0,0.0,0.0,0.0,0.0,0.0,0.18,0.11,0.54,0.75,U3138,30
0.24623115577889448,0.006622516556291391,0.0,0.0,0.0,0.0,0.0,0.0,0.3333333333333333,0.2,0.11,0.88,0.94,U3139,6
,0.0,0.0,0.0,0.0,0.0,0.0,0.0,0.0,0.2,0.12,0.64,0.8,U31390,24
0.10050251256281408,0.005555555555555556,0.0,0.0,0.0,0.0,0.0,0.0,1.0,0.06,0.04,0.82,0.89,U31404,26
,0.0,0.0,0.0,0.0,0.0,0.0,0.0,0.0,0.18,0.11,0.82,0.88,U31410,46
,0.0,0.0,0.0,0.0,0.0,0.0,0.0,0.0,0.24,0.13,0.84,0.92,U31419,8
,0.0,0.0,0.0,0.0,0.0,0.0,0.0,0.0,0.18,0.1,0.62,0.81,U31422,21
,0.0,0.0,0.0,0.0,0.0,0.0,0.0,0.0,0.1,0.06,0.9,0.95,U31462,5
,0.0,0.0,0.0,0.0,0.0,0.0,0.0,0.0,0.18,0.09,0.86,0.93,U31508,7
,0.0,0.0,0.0,0.0,0.0,0.0,0.0,0.0,0.18,0.11,0.96,0.98,U31533,2
,0.0,0.0,0.0,0.0,0.0,0.0,0.0,0.0,0.2,0.12,0.78,0.88,U31537,12
,0.0,0.0,0.0,0.0,0.0,0.0,0.0,0.0,0.16,0.1,0.88,0.94,U31552,6
0.4321608040201005,0.008771929824561403,0.0,0.0,0.0,0.0,0.0,0.0,0.2,0.18,0.13,0.62,0.72,U3158,35
,0.0,0.0,0.0,0.0,0.0,0.0,0.0,0.0,0.16,0.14,0.84,0.92,U31585,8
0.9296482412060302,0.06666666666666667,0.0,0.0,0.0,0.0,1.0,1.0,1.0,0.12,0.06,0.68,0.81,U31586,45
,0.0,0.0,0.0,0.0,0.0,0.0,0.0,0.0,0.18,0.11,0.74,0.87,U31616,13
,0.0,0.0,0.0,0.0,0.0,0.0,0.0,0.0,0.16,0.09,0.72,0.86,U31622,15
,0.0,0.0,0.0,0.0,0.0,0.0,0.0,0.0,0.18,0.1,0.94,0.97,U31624,3
,0.0,0.0,0.0,0.0,0.0,0.0,0.0,0.0,0.18,0.11,0.86,0.93,U31630,7
,0.0,0.0,0.0,0.0,0.0,0.0,0.0,0.0,0.06,0.04,0.78,0.85,U31631,112
,0.0,0.0,0.0,0.0,0.0,0.0,0.0,0.0,0.18,0.13,0.92,0.96,U31641,4
,0.0,0.0,0.0,0.0,0.0,0.0,0.0,0.0,0.14,0.1,0.52,0.73,U31652,29
,0.0,0.0,0.0,0.0,0.0,0.0,0.0,0.0,0.14,0.1,0.96,0.98,U31677,2
,0.0,0.0,0.0,0.0,0.0,0.0,0.0,0.0,0.14,0.07,0.78,0.86,U31709,57
,0.0,0.0,0.0,0.0,0.0,0.0,0.0,0.0,0.14,0.08,0.92,0.96,U31726,4
,0.0,0.0,0.0,0.0,0.0,0.0,0.0,0.0,0.12,0.07,0.94,0.97,U3173,3
,0.0,0.0,0.0,0.0,0.0,0.0,0.0,0.0,0.18,0.11,0.86,0.87,U3174,100
,0.0,0.0,0.0,0.0,0.0,0.0,0.0,0.0,0.1,0.06,0.78,0.87,U3175,17
,0.0,0.0,0.0,0.0,0.0,0.0,0.0,0.0,0.06,0.03,0.86,0.89,U31827,25
,0.0,0.0,0.0,0.0,0.0,0.0,0.0,0.0,0.02,0.01,0.9,0.95,U31836,6
,0.0,0.0,0.0,0.0,0.0,0.0,0.0,0.0,0.16,0.09,0.58,0.76,U31846,40
,0.0,0.0,0.0,0.0,0.0,0.0,0.0,0.0,0.2,0.12,0.82,0.83,U31849,34
,0.0,0.0,0.0,0.0,0.0,0.0,0.0,0.0,0.04,0.03,0.86,0.91,U31852,11
,0.0,0.0,0.0,0.0,0.0,0.0,0.0,0.0,0.08,0.05,0.76,0.85,U31871,16
0.5577889447236181,0.011235955056179775,0.0,0.0,0.0,0.0,0.0,0.16666666666666666,0.16666666666666666,0.1,0.08,0.88,0.86,U31879,55
,0.0,0.0,0.0,0.0,0.0,0.0,0.0,0.0,0.16,0.09,0.86,0.92,U31885,8
,0.0,0.0,0.0,0.0,0.0,0.0,0.0,0.0,0.26,0.13,0.68,0.84,U31908,20
,0.0,0.0,0.0,0.0,0.0,0.0,0.0,0.0,0.2,0.11,0.66,0.8,U31934,25
,0.0,0.0,0.0,0.0,0.0,0.0,0.0,0.0,0.16,0.11,0.74,0.81,U31949,46
,0.0,0.0,0.0,0.0,0.0,0.0,0.0,0.0,0.18,0.11,0.82,0.87,U31956,50
,0.0,0.0,0.0,0.0,0.0,0.0,0.0,0.0,0.22,0.12,0.86,0.91,U31988,9
,0.0,0.0,0.0,0.0,0.0,0.0,0.0,0.0,0.22,0.12,0.6,0.79,U31992,31
,0.0,0.0,0.0,0.0,0.0,0.0,0.0,0.0,0.18,0.09,0.94,0.97,U31997,3
,0.0,0.0,0.0,0.0,0.0,0.0,0.0,0.0,0.16,0.12,0.92,0.96,U32021,4
,0.0,0.0,0.0,0.0,0.0,0.0,0.0,0.0,0.16,0.13,0.94,0.97,U32054,3
,0.0,0.0,0.0,0.0,0.0,0.0,0.0,0.0,0.22,0.14,0.8,0.9,U32055,10
,0.0,0.0,0.0,0.0,0.0,0.0,0.0,0.0,0.22,0.12,0.82,0.89,U32056,62
,0.0,0.0,0.0,0.0,0.0,0.0,0.0,0.0,0.2,0.12,0.56,0.75,U32061,29
0.7688442211055276,0.02127659574468085,0.0,0.0,0.0,0.0,1.0,1.0,1.0,0.14,0.11,0.8,0.85,U32102,18
,0.0,0.0,0.0,0.0,0.0,0.0,0.0,0.0,0.16,0.11,0.66,0.83,U32106,22
,0.0,0.0,0.0,0.0,0.0,0.0,0.0,0.0,0.14,0.09,0.72,0.81,U32118,38
,0.0,0.0,0.0,0.0,0.0,0.0,0.0,0.0,0.18,0.12,0.82,0.84,U32124,40
,0.0,0.0,0.0,0.0,0.0,0.0,0.0,0.0,0.14,0.07,0.62,0.8,U3213,23
,0.0,0.0,0.0,0.0,0.0,0.0,0.0,0.0,0.2,0.13,0.84,0.92,U32132,9
,0.0,0.0,0.0,0.0,0.0,0.0,0.0,0.0,0.04,0.04,0.92,0.94,U32146,117
,0.0,0.0,0.0,0.0,0.0,0.0,0.0,0.0,0.2,0.1,0.58,0.74,U32154,40
,0.0,0.0,0.0,0.0,0.0,0.0,0.0,0.0,0.12,0.07,0.9,0.95,U32192,5
0.17587939698492464,0.006060606060606061,0.0,0.0,0.0,0.0,0.0,0.0,0.125,0.08,0.04,0.68,0.79,U32227,35
,0.0,0.0,0.0,0.0,0.0,0.0,0.0,0.0,0.16,0.1,0.96,0.98,U32232,2
,0.0,0.0,0.0,0.0,0.0,0.0,0.0,0.0,0.24,0.13,0.96,0.98,U32245,2
,0.0,0.0,0.0,0.0,0.0,0.0,0.0,0.0,0.24,0.12,0.88,0.94,U32268,6
,0.0,0.0,0.0,0.0,0.0,0.0,0.0,0.0,0.16,0.11,0.88,0.94,U32285,6
,0.0,0.0,0.0,0.0,0.0,0.0,0.0,0.0,0.1,0.12,0.76,0.88,U32317,13
,0.0,0.0,0.0,0.0,0.0,0.0,0.0,0.0,0.2,0.13,0.78,0.88,U32324,13
,0.0,0.0,0.0,0.0,0.0,0.0,0.0,0.0,0.14,0.09,0.74,0.82,U32328,23
,0.0,0.0,0.0,0.0,0.0,0.0,0.0,0.0,0.14,0.07,0.72,0.82,U32337,36
0.6231155778894473,0.013157894736842105,0.0,0.0,0.0,0.0,0.0,0.25,0.25,0.2,0.12,0.76,0.82,U32347,39
,0.0,0.0,0.0,0.0,0.0,0.0,0.0,0.0,0.16,0.1,0.88,0.94,U32359,6
,0.0,0.0,0.0,0.0,0.0,0.0,0.0,0.0,0.04,0.02,0.9,0.92,U32391,75
,0.0,0.0,0.0,0.0,0.0,0.0,0.0,0.0,0.16,0.1,0.94,0.97,U3241,3
,0.0,0.0,0.0,0.0,0.0,0.0,0.0,0.0,0.2,0.13,0.9,0.95,U32412,5
,0.0,0.0,0.0,0.0,0.0,0.0,0.0,0.0,0.08,0.07,0.68,0.83,U32421,34
,0.0,0.0,0.0,0.0,0.0,0.0,0.0,0.0,0.16,0.09,0.7,0.82,U32431,34
,0.0,0.0,0.0,0.0,0.0,0.0,0.0,0.0,0.18,0.11,0.62,0.78,U32436,36
,0.0,0.0,0.0,0.0,0.0,0.0,0.0,0.0,0.16,0.11,0.76,0.85,U32445,24
,0.0,0.0,0.0,0.0,0.0,0.0,0.0,0.0,0.1,0.07,0.9,0.95,U32449,5
,0.0,0.0,0.0,0.0,0.0,0.0,0.0,0.0,0.2,0.12,0.88,0.94,U32454,6
,0.0,0.0,0.0,0.0,0.0,0.0,0.0,0.0,0.22,0.12,0.78,0.89,U3249,11
,0.0,0.0,0.0,0.0,0.0,0.0,0.0,0.0,0.16,0.09,0.74,0.85,U32494,16
,0.0,0.0,0.0,0.0,0.0,0.0,0.0,0.0,0.12,0.1,0.92,0.96,U3252,4
,0.0,0.0,0.0,0.0,0.0,0.0,0.0,0.0,0.12,0.07,0.84,0.92,U32524,8
,0.0,0.0,0.0,0.0,0.0,0.0,0.0,0.0,0.18,0.1,0.84,0.91,U32568,10
,0.0,0.0,0.0,0.0,0.0,0.0,0.0,0.0,0.18,0.11,0.74,0.85,U32581,32
,0.0,0.0,0.0,0.0,0.0,0.0,0.0,0.0,0.14,0.1,0.84,0.91,U32593,9
,0.0,0.0,0.0,0.0,0.0,0.0,0.0,0.0,0.16,0.11,0.62,0.77,U32649,42
,0.0,0.0,0.0,0.0,0.0,0.0,0.0,0.0,0.24,0.13,0.74,0.87,U3265,13
,0.0,0.0,0.0,0.0,0.0,0.0,0.0,0.0,0.14,0.09,0.92,0.94,U32657,47
,0.0,0.0,0.0,0.0,0.0,0.0,0.0,0.0,0.16,0.1,0.82,0.89,U32663,54
,0.0,0.0,0.0,0.0,0.0,0.0,0.0,0.0,0.18,0.11,0.76,0.87,U32711,13
,0.0,0.0,0.0,0.0,0.0,0.0,0.0,0.0,0.18,0.12,0.98,0.99,U32733,1
,0.0,0.0,0.0,0.0,0.0,0.0,0.0,0.0,0.16,0.11,0.72,0.83,U32734,41
,0.0,0.0,0.0,0.0,0.0,0.0,0.0,0.0,0.18,0.13,0.64,0.79,U32737,34
,0.0,0.0,0.0,0.0,0.0,0.0,0.0,0.0,0.2,0.1,0.8,0.86,U3277,55
,0.0,0.0,0.0,0.0,0.0,0.0,0.0,0.0,0.12,0.11,0.9,0.95,U32784,5
,0.0,0.0,0.0,0.0,0.0,0.0,0.0,0.0,0.16,0.12,0.92,0.96,U32793,4
,0.0,0.0,0.0,0.0,0.0,0.0,0.0,0.0,0.18,0.11,0.74,0.87,U328,13
,0.0,0.0,0.0,0.0,0.0,0.0,0.0,0.0,0.2,0.11,0.66,0.79,U32810,30
,0.0,0.0,0.0,0.0,0.0,0.0,0.0,0.0,0.2,0.12,0.7,0.84,U3282,21
,0.0,0.0,0.0,0.0,0.0,0.0,0.0,0.0,0.14,0.11,0.98,0.99,U32824,1
,0.0,0.0,0.0,0.0,0.0,0.0,0.0,0.0,0.2,0.13,0.94,0.97,U32829,3
,0.0,0.0,0.0,0.0,0.0,0.0,0.0,0.0,0.12,0.06,0.7,0.85,U3283,16
,0.0,0.0,0.0,0.0,0.0,0.0,0.0,0.0,0.06,0.06,0.74,0.82,U32838,22
,0.0,0.0,0.0,0.0,0.0,0.0,0.0,0.0,0.26,0.14,0.78,0.87,U32847,55
,0.0,0.0,0.0,0.0,0.0,0.0,0.0,0.0,0.24,0.13,0.72,0.86,U3285,14
,0.0,0.0,0.0,0.0,0.0,0.0,0.0,0.0,0.14,0.1,0.82,0.91,U32865,9
,0.0,0.0,0.0,0.0,0.0,0.0,0.0,0.0,0.14,0.09,0.88,0.94,U3287,6
,0.0,0.0,0.0,0.0,0.0,0.0,0.0,0.0,0.18,0.12,0.78,0.86,U32873,35
,0.0,0.0,0.0,0.0,0.0,0.0,0.0,0.0,0.14,0.07,0.7,0.85,U32875,15
,0.0,0.0,0.0,0.0,0.0,0.0,0.0,0.0,0.16,0.1,0.8,0.89,U32886,11
,0.0,0.0,0.0,0.0,0.0,0.0,0.0,0.0,0.1,0.1,0.74,0.87,U3289,13
,0.0,0.0,0.0,0.0,0.0,0.0,0.0,0.0,0.06,0.11,0.78,0.79,U32895,29
0.9095477386934674,0.05263157894736842,0.0,0.0,0.0,0.0,0.3333333333333333,0.3333333333333333,0.3333333333333333,0.06,0.05,0.8,0.85,U32897,60
,0.0,0.0,0.0,0.0,0.0,0.0,0.0,0.0,0.2,0.13,0.8,0.87,U329,41
,0.0,0.0,0.0,0.0,0.0,0.0,0.0,0.0,0.14,0.09,0.76,0.87,U32913,15
,0.0,0.0,0.0,0.0,0.0,0.0,0.0,0.0,0.18,0.1,0.82,0.91,U32915,9
,0.0,0.0,0.0,0.0,0.0,0.0,0.0,0.0,0.2,0.12,0.84,0.92,U32917,9
,0.0,0.0,0.0,0.0,0.0,0.0,0.0,0.0,0.24,0.13,0.64,0.79,U32918,32
,0.0,0.0,0.0,0.0,0.0,0.0,0.0,0.0,0.2,0.11,0.76,0.83,U32924,74
,0.0,0.0,0.0,0.0,0.0,0.0,0.0,0.0,0.08,0.05,0.96,0.98,U32945,86
,0.0,0.0,0.0,0.0,0.0,0.0,0.0,0.0,0.14,0.11,0.7,0.84,U32962,19
,0.0,0.0,0.0,0.0,0.0,0.0,0.0,0.0,0.16,0.11,0.68,0.81,U32971,23
,0.0,0.0,0.0,0.0,0.0,0.0,0.0,0.0,0.08,0.1,0.86,0.9,U32972,81
,0.0,0.0,0.0,0.0,0.0,0.0,0.0,0.0,0.16,0.11,0.78,0.81,U32973,42
,0.0,0.0,0.0,0.0,0.0,0.0,0.0,0.0,0.18,0.12,0.92,0.93,U32974,114
,0.0,0.0,0.0,0.0,0.0,0.0,0.0,0.0,0.12,0.1,0.94,0.97,U32975,3
,0.0,0.0,0.0,0.0,0.0,0.0,0.0,0.0,0.18,0.12,0.64,0.79,U32989,35
,0.0,0.0,0.0,0.0,0.0,0.0,0.0,0.0,0.2,0.11,0.74,0.85,U32995,17
,0.0,0.0,0.0,0.0,0.0,0.0,0.0,0.0,0.18,0.13,0.96,0.98,U33006,2
,0.0,0.0,0.0,0.0,0.0,0.0,0.0,0.0,0.08,0.05,0.74,0.87,U33075,14
,0.0,0.0,0.0,0.0,0.0,0.0,0.0,0.0,0.22,0.12,0.84,0.88,U33081,40
,0.0,0.0,0.0,0.0,0.0,0.0,0.0,0.0,0.08,0.06,0.74,0.82,U33098,28
,0.0,0.0,0.0,0.0,0.0,0.0,0.0,0.0,0.08,0.06,0.78,0.85,U33114,62
,0.0,0.0,0.0,0.0,0.0,0.0,0.0,0.0,0.1,0.09,0.72,0.83,U33120,48
,0.0,0.0,0.0,0.0,0.0,0.0,0.0,0.0,0.12,0.1,0.74,0.87,U33124,14
,0.0,0.0,0.0,0.0,0.0,0.0,0.0,0.0,0.2,0.12,0.66,0.82,U33134,19
,0.0,0.0,0.0,0.0,0.0,0.0,0.0,0.0,0.18,0.09,0.76,0.84,U33144,36
,0.0,0.0,0.0,0.0,0.0,0.0,0.0,0.0,0.12,0.1,0.8,0.86,U33158,64
,0.0,0.0,0.0,0.0,0.0,0.0,0.0,0.0,0.06,0.03,0.84,0.92,U3317,11
,0.0,0.0,0.0,0.0,0.0,0.0,0.0,0.0,0.1,0.06,0.94,0.97,U33173,3
,0.0,0.0,0.0,0.0,0.0,0.0,0.0,0.0,0.18,0.12,0.64,0.8,U33234,26
,0.0,0.0,0.0,0.0,0.0,0.0,0.0,0.0,0.16,0.09,0.76,0.8,U33247,38
,0.0,0.0,0.0,0.0,0.0,0.0,0.0,0.0,0.18,0.12,0.78,0.89,U33290,11
,0.0,0.0,0.0,0.0,0.0,0.0,0.0,0.0,0.14,0.08,0.76,0.86,U33296,17
,0.0,0.0,0.0,0.0,0.0,0.0,0.0,0.0,0.2,0.12,0.9,0.95,U33318,5
0.5175879396984925,0.010309278350515464,0.0,0.0,0.0,0.0,0.0,0.5,0.5,0.14,0.11,0.94,0.97,U33329,3
,0.0,0.0,0.0,0.0,0.0,0.0,0.0,0.0,0.02,0.04,0.9,0.89,U33337,65
,0.0,0.0,0.0,0.0,0.0,0.0,0.0,0.0,0.1,0.05,0.86,0.93,U33366,7
,0.0,0.0,0.0,0.0,0.0,0.0,0.0,0.0,0.16,0.1,0.7,0.84,U3337,16
,0.0,0.0,0.0,0.0,0.0,0.0,0.0,0.0,0.14,0.07,0.84,0.92,U33372,8
,0.0,0.0,0.0,0.0,0.0,0.0,0.0,0.0,0.14,0.1,0.82,0.86,U33382,57
,0.0,0.0,0.0,0.0,0.0,0.0,0.0,0.0,0.2,0.11,0.66,0.82,U33385,23
,0.0,0.0,0.0,0.0,0.0,0.0,0.0,0.0,0.1,0.05,0.7,0.84,U33394,17
,0.0,0.0,0.0,0.0,0.0,0.0,0.0,0.0,0.18,0.11,0.62,0.77,U33399,35
,0.0,0.0,0.0,0.0,0.0,0.0,0.0,0.0,0.16,0.09,0.6,0.79,U33405,26
,0.0,0.0,0.0,0.0,0.0,0.0,0.0,0.0,0.2,0.12,0.74,0.83,U33407,45
,0.0,0.0,0.0,0.0,0.0,0.0,0.0,0.0,0.12,0.08,0.72,0.82,U33409,50
,0.0,0.0,0.0,0.0,0.0,0.0,0.0,0.0,0.1,0.05,0.9,0.95,U33419,5
,0.0,0.0,0.0,0.0,0.0,0.0,0.0,0.0,0.1,0.06,0.78,0.87,U3344,31
,0.0,0.0,0.0,0.0,0.0,0.0,0.0,0.0,0.1,0.08,0.74,0.85,U33445,35
,0.0,0.0,0.0,0.0,0.0,0.0,0.0,0.0,0.18,0.11,0.72,0.85,U33467,15
,0.0,0.0,0.0,0.0,0.0,0.0,0.0,0.0,0.2,0.11,0.6,0.79,U3347,23
,0.0,0.0,0.0,0.0,0.0,0.0,0.0,0.0,0.18,0.1,0.64,0.77,U33471,31
,0.0,0.0,0.0,0.0,0.0,0.0,0.0,0.0,0.16,0.11,0.92,0.95,U33479,129
,0.0,0.0,0.0,0.0,0.0,0.0,0.0,0.0,0.06,0.04,0.9,0.92,U33489,50
,0.0,0.0,0.0,0.0,0.0,0.0,0.0,0.0,0.14,0.11,0.62,0.78,U335,37
,0.0,0.0,0.0,0.0,0.0,0.0,0.0,0.0,0.24,0.13,0.9,0.95,U33527,5
,0.0,0.0,0.0,0.0,0.0,0.0,0.0,0.0,0.24,0.14,0.74,0.87,U3356,17
,0.0,0.0,0.0,0.0,0.0,0.0,0.0,0.0,0.18,0.11,0.7,0.8,U33575,51
,0.0,0.0,0.0,0.0,0.0,0.0,0.0,0.0,0.1,0.08,0.84,0.92,U33580,8
,0.0,0.0,0.0,0.0,0.0,0.0,0.0,0.0,0.14,0.09,0.7,0.8,U33585,31
,0.0,0.0,0.0,0.0,0.0,0.0,0.0,0.0,0.08,0.05,0.78,0.87,U33597,13
,0.0,0.0,0.0,0.0,0.0,0.0,0.0,0.0,0.12,0.09,0.9,0.95,U33624,5
,0.0,0.0,0.0,0.0,0.0,0.0,0.0,0.0,0.08,0.04,0.8,0.88,U3364,60
,0.0,0.0,0.0,0.0,0.0,0.0,0.0,0.0,0.2,0.13,0.62,0.78,U3365,44
,0.0,0.0,0.0,0.0,0.0,0.0,0.0,0.0,0.2,0.12,0.94,0.97,U33653,3
,0.0,0.0,0.0,0.0,0.0,0.0,0.0,0.0,0.2,0.12,0.74,0.85,U33659,17
,0.0,0.0,0.0,0.0,0.0,0.0,0.0,0.0,0.1,0.07,0.86,0.91,U33690,36
,0.0,0.0,0.0,0.0,0.0,0.0,0.0,0.0,0.1,0.09,0.94,0.97,U33713,4
,0.0,0.0,0.0,0.0,0.0,0.0,0.0,0.0,0.14,0.09,0.8,0.9,U33756,10
,0.0,0.0,0.0,0.0,0.0,0.0,0.0,0.0,0.2,0.11,0.64,0.82,U33757,19
,0.0,0.0,0.0,0.0,0.0,0.0,0.0,0.0,0.24,0.14,0.96,0.98,U3378,2
,0.0,0.0,0.0,0.0,0.0,0.0,0.0,0.0,0.16,0.12,0.86,0.92,U33794,8
,0.0,0.0,0.0,0.0,0.0,0.0,0.0,0.0,0.14,0.09,0.94,0.97,U33796,3
,0.0,0.0,0.0,0.0,0.0,0.0,0.0,0.0,0.14,0.12,0.78,0.87,U33825,55
,0.0,0.0,0.0,0.0,0.0,0.0,0.0,0.0,0.08,0.07,0.9,0.95,U33835,5
0.457286432160804,0.009174311926605505,0.0,0.0,0.0,0.0,0.0,0.0,0.2,0.22,0.12,0.78,0.89,U33845,12
,0.0,0.0,0.0,0.0,0.0,0.0,0.0,0.0,0.16,0.1,0.78,0.86,U33854,14
,0.0,0.0,0.0,0.0,0.0,0.0,0.0,0.0,0.16,0.1,0.78,0.89,U33888,11
,0.0,0.0,0.0,0.0,0.0,0.0,0.0,0.0,0.18,0.11,0.66,0.81,U339,21
,0.0,0.0,0.0,0.0,0.0,0.0,0.0,0.0,0.2,0.13,0.88,0.94,U33912,6
,0.0,0.0,0.0,0.0,0.0,0.0,0.0,0.0,0.16,0.09,0.66,0.8,U33940,20
,0.0,0.0,0.0,0.0,0.0,0.0,0.0,0.0,0.16,0.11,0.78,0.89,U3396,11
,0.0,0.0,0.0,0.0,0.0,0.0,0.0,0.0,0.14,0.08,0.82,0.9,U33976,10
,0.0,0.0,0.0,0.0,0.0,0.0,0.0,0.0,0.18,0.11,0.8,0.9,U33992,10
,0.0,0.0,0.0,0.0,0.0,0.0,0.0,0.0,0.14,0.07,0.84,0.92,U33994,8
,0.0,0.0,0.0,0.0,0.0,0.0,0.0,0.0,0.14,0.08,0.88,0.94,U34012,6
,0.0,0.0,0.0,0.0,0.0,0.0,0.0,0.0,0.1,0.06,0.86,0.9,U34016,85
,0.0,0.0,0.0,0.0,0.0,0.0,0.0,0.0,0.24,0.12,0.94,0.97,U34056,3
,0.0,0.0,0.0,0.0,0.0,0.0,0.0,0.0,0.18,0.09,0.74,0.84,U34071,17
,0.0,0.0,0.0,0.0,0.0,0.0,0.0,0.0,0.14,0.12,0.82,0.87,U34081,52
,0.0,0.0,0.0,0.0,0.0,0.0,0.0,0.0,0.1,0.05,0.74,0.87,U34086,13
,0.0,0.0,0.0,0.0,0.0,0.0,0.0,0.0,0.22,0.12,0.8,0.89,U34097,11
,0.0,0.0,0.0,0.0,0.0,0.0,0.0,0.0,0.1,0.06,0.96,0.98,U3410,2
,0.0,0.0,0.0,0.0,0.0,0.0,0.0,0.0,0.14,0.11,0.78,0.87,U34111,64
,0.0,0.0,0.0,0.0,0.0,0.0,0.0,0.0,0.2,0.13,1.0,0.99,U34124,103
,0.0,0.0,0.0,0.0,0.0,0.0,0.0,0.0,0.1,0.09,0.72,0.84,U34143,38
,0.0,0.0,0.0,0.0,0.0,0.0,0.0,0.0,0.12,0.07,0.92,0.94,U3416,50
,0.0,0.0,0.0,0.0,0.0,0.0,0.0,0.0,0.14,0.09,0.68,0.83,U34203,20
,0.0,0.0,0.0,0.0,0.0,0.0,0.0,0.0,0.12,0.07,0.9,0.95,U34224,6
,0.0,0.0,0.0,0.0,0.0,0.0,0.0,0.0,0.12,0.09,0.84,0.87,U34236,61
,0.0,0.0,0.0,0.0,0.0,0.0,0.0,0.0,0.22,0.12,0.68,0.81,U34255,21
,0.0,0.0,0.0,0.0,0.0,0.0,0.0,0.0,0.12,0.08,0.82,0.89,U34280,15
,0.0,0.0,0.0,0.0,0.0,0.0,0.0,0.0,0.2,0.13,0.88,0.94,U34284,6
,0.0,0.0,0.0,0.0,0.0,0.0,0.0,0.0,0.14,0.1,0.72,0.81,U34308,41
,0.0,0.0,0.0,0.0,0.0,0.0,0.0,0.0,0.2,0.12,0.84,0.92,U34342,8
,0.0,0.0,0.0,0.0,0.0,0.0,0.0,0.0,0.2,0.11,0.78,0.89,U34359,11
,0.0,0.0,0.0,0.0,0.0,0.0,0.0,0.0,0.2,0.13,0.56,0.74,U34378,37
,0.0,0.0,0.0,0.0,0.0,0.0,0.0,0.0,0.1,0.1,0.96,0.98,U34382,2
0.678391959798995,0.015384615384615385,0.0,0.0,0.0,0.0,0.0,0.09090909090909091,0.09090909090909091,0.22,0.13,0.92,0.92,U34387,124
,0.0,0.0,0.0,0.0,0.0,0.0,0.0,0.0,0.18,0.11,0.74,0.86,U344,14
,0.0,0.0,0.0,0.0,0.0,0.0,0.0,0.0,0.2,0.11,0.78,0.89,U34422,11
,0.0,0.0,0.0,0.0,0.0,0.0,0.0,0.0,0.08,0.08,0.84,0.89,U34440,30
,0.0,0.0,0.0,0.0,0.0,0.0,0.0,0.0,0.14,0.08,0.58,0.75,U34456,43
,0.0,0.0,0.0,0.0,0.0,0.0,0.0,0.0,0.18,0.12,0.94,0.97,U34518,3
,0.0,0.0,0.0,0.0,0.0,0.0,0.0,0.0,0.18,0.12,0.9,0.88,U34539,52
,0.0,0.0,0.0,0.0,0.0,0.0,0.0,0.0,0.18,0.1,0.96,0.98,U34554,2
,0.0,0.0,0.0,0.0,0.0,0.0,0.0,0.0,0.1,0.08,0.98,0.99,U34566,1
,0.0,0.0,0.0,0.0,0.0,0.0,0.0,0.0,0.22,0.12,0.78,0.87,U34567,36
,0.0,0.0,0.0,0.0,0.0,0.0,0.0,0.0,0.18,0.11,0.6,0.79,U3459,21
,0.0,0.0,0.0,0.0,0.0,0.0,0.0,0.0,0.2,0.12,0.72,0.82,U346,41
,0.0,0.0,0.0,0.0,0.0,0.0,0.0,0.0,0.1,0.1,0.84,0.89,U3460,50
,0.0,0.0,0.0,0.0,0.0,0.0,0.0,0.0,0.12,0.08,0.74,0.87,U3464,19
,0.0,0.0,0.0,0.0,0.0,0.0,0.0,0.0,0.08,0.05,0.84,0.91,U34675,48
,0.0,0.0,0.0,0.0,0.0,0.0,0.0,0.0,0.22,0.11,0.62,0.8,U34724,24
,0.0,0.0,0.0,0.0,0.0,0.0,0.0,0.0,0.22,0.12,0.76,0.88,U34728,12
,0.0,0.0,0.0,0.0,0.0,0.0,0.0,0.0,0.08,0.04,0.76,0.87,U34756,41
,0.0,0.0,0.0,0.0,0.0,0.0,0.0,0.0,0.2,0.12,0.98,0.99,U34765,1
,0.0,0.0,0.0,0.0,0.0,0.0,0.0,0.0,0.16,0.09,0.68,0.83,U34768,20
,0.0,0.0,0.0,0.0,0.0,0.0,0.0,0.0,0.12,0.08,0.66,0.83,U34795,22
,0.0,0.0,0.0,0.0,0.0,0.0,0.0,0.0,0.12,0.1,0.58,0.76,U34804,31
,0.0,0.0,0.0,0.0,0.0,0.0,0.0,0.0,0.1,0.07,0.92,0.96,U34829,5
,0.0,0.0,0.0,0.0,0.0,0.0,0.0,0.0,0.2,0.11,0.62,0.78,U34846,36
,0.0,0.0,0.0,0.0,0.0,0.0,0.0,0.0,0.02,0.02,0.82,0.9,U34863,24
,0.0,0.0,0.0,0.0,0.0,0.0,0.0,0.0,0.2,0.12,0.9,0.9,U3487,91
,0.0,0.0,0.0,0.0,0.0,0.0,0.0,0.0,0.14,0.07,0.7,0.84,U34879,35
,0.0,0.0,0.0,0.0,0.0,0.0,0.0,0.0,0.2,0.12,0.74,0.86,U34883,15
0.2914572864321608,0.007042253521126761,0.0,0.0,0.0,0.0,0.0,0.0,1.0,0.12,0.06,0.66,0.82,U34895,22
,0.0,0.0,0.0,0.0,0.0,0.0,0.0,0.0,0.08,0.05,0.86,0.9,U34923,33
,0.0,0.0,0.0,0.0,0.0,0.0,0.0,0.0,0.14,0.09,0.8,0.9,U34945,10
,0.0,0.0,0.0,0.0,0.0,0.0,0.0,0.0,0.2,0.11,0.66,0.81,U34951,27
,0.0,0.0,0.0,0.0,0.0,0.0,0.0,0.0,0.16,0.1,0.96,0.98,U34957,2
,0.0,0.0,0.0,0.0,0.0,0.0,0.0,0.0,0.18,0.11,0.86,0.93,U34961,7
,0.0,0.0,0.0,0.0,0.0,0.0,0.0,0.0,0.18,0.11,0.86,0.93,U34989,7
,0.0,0.0,0.0,0.0,0.0,0.0,0.0,0.0,0.16,0.11,0.72,0.86,U34994,15
0.49246231155778897,0.00980392156862745,0.0,0.0,0.0,0.0,0.0,0.0,0.16666666666666666,0.1,0.1,0.82,0.84,U34995,34
,0.0,0.0,0.0,0.0,0.0,0.0,0.0,0.0,0.06,0.04,0.8,0.87,U35002,21
,0.0,0.0,0.0,0.0,0.0,0.0,0.0,0.0,0.1,0.06,0.94,0.97,U35011,3
,0.0,0.0,0.0,0.0,0.0,0.0,0.0,0.0,0.12,0.1,0.88,0.94,U35018,6
,0.0,0.0,0.0,0.0,0.0,0.0,0.0,0.0,0.16,0.11,0.74,0.87,U35021,13
,0.0,0.0,0.0,0.0,0.0,0.0,0.0,0.0,0.16,0.09,0.82,0.91,U35036,9
,0.0,0.0,0.0,0.0,0.0,0.0,0.0,0.0,0.22,0.13,0.9,0.95,U35038,5
,0.0,0.0,0.0,0.0,0.0,0.0,0.0,0.0,0.16,0.1,0.88,0.94,U35055,6
,0.0,0.0,0.0,0.0,0.0,0.0,0.0,0.0,0.18,0.12,0.78,0.89,U35069,12
,0.0,0.0,0.0,0.0,0.0,0.0,0.0,0.0,0.22,0.13,0.7,0.84,U35109,16
,0.0,0.0,0.0,0.0,0.0,0.0,0.0,0.0,0.24,0.13,0.8,0.86,U35110,75
,0.0,0.0,0.0,0.0,0.0,0.0,0.0,0.0,0.18,0.1,0.58,0.74,U35141,35
,0.0,0.0,0.0,0.0,0.0,0.0,0.0,0.0,0.2,0.11,0.84,0.92,U35157,8
,0.0,0.0,0.0,0.0,0.0,0.0,0.0,0.0,0.2,0.11,0.72,0.86,U35171,16
,0.0,0.0,0.0,0.0,0.0,0.0,0.0,0.0,0.24,0.12,0.96,0.95,U35178,180
,0.0,0.0,0.0,0.0,0.0,0.0,0.0,0.0,0.16,0.12,0.94,0.94,U35187,85
,0.0,0.0,0.0,0.0,0.0,0.0,0.0,0.0,0.06,0.03,0.98,0.99,U35190,1
,0.0,0.0,0.0,0.0,0.0,0.0,0.0,0.0,0.2,0.13,0.82,0.9,U35213,10
,0.0,0.0,0.0,0.0,0.0,0.0,0.0,0.0,0.24,0.13,0.62,0.79,U35230,23
,0.0,0.0,0.0,0.0,0.0,0.0,0.0,0.0,0.18,0.11,0.68,0.84,U35273,20
,0.0,0.0,0.0,0.0,0.0,0.0,0.0,0.0,0.14,0.1,0.64,0.79,U35279,37
,0.0,0.0,0.0,0.0,0.0,0.0,0.0,0.0,0.1,0.09,0.9,0.95,U35282,5
,0.0,0.0,0.0,0.0,0.0,0.0,0.0,0.0,0.16,0.09,0.7,0.78,U35297,50
,0.0,0.0,0.0,0.0,0.0,0.0,0.0,0.0,0.08,0.06,0.74,0.87,U3530,13
,0.0,0.0,0.0,0.0,0.0,0.0,0.0,0.0,0.18,0.11,0.62,0.81,U35301,19
,0.0,0.0,0.0,0.0,0.0,0.0,0.0,0.0,0.16,0.12,0.66,0.8,U35319,33
,0.0,0.0,0.0,0.0,0.0,0.0,0.0,0.0,0.18,0.1,0.72,0.86,U35339,14
,0.0,0.0,0.0,0.0,0.0,0.0,0.0,0.0,0.1,0.06,0.88,0.94,U35352,6
,0.0,0.0,0.0,0.0,0.0,0.0,0.0,0.0,0.14,0.07,0.7,0.84,U35383,25
,0.0,0.0,0.0,0.0,0.0,0.0,0.0,0.0,0.2,0.12,0.74,0.87,U35389,13
,0.0,0.0,0.0,0.0,0.0,0.0,0.0,0.0,0.04,0.07,0.84,0.86,U3539,48
,0.0,0.0,0.0,0.0,0.0,0.0,0.0,0.0,0.2,0.1,0.8,0.9,U35396,10
,0.0,0.0,0.0,0.0,0.0,0.0,0.0,0.0,0.14,0.1,0.82,0.9,U354,48
,0.0,0.0,0.0,0.0,0.0,0.0,0.0,0.0,0.16,0.08,0.96,0.95,U35406,160
,0.0,0.0,0.0,0.0,0.0,0.0,0.0,0.0,0.2,0.11,0.84,0.89,U35409,54
,0.0,0.0,0.0,0.0,0.0,0.0,0.0,0.0,0.2,0.12,0.6,0.79,U35417,23
,0.0,0.0,0.0,0.0,0.0,0.0,0.0,0.0,0.24,0.14,0.86,0.93,U35418,7
,0.0,0.0,0.0,0.0,0.0,0.0,0.0,0.0,0.2,0.11,0.9,0.95,U35424,89
,0.0,0.0,0.0,0.0,0.0,0.0,0.0,0.0,0.1,0.05,0.74,0.85,U35436,16
,0.0,0.0,0.0,0.0,0.0,0.0,0.0,0.0,0.22,0.13,0.9,0.95,U35450,5
,0.0,0.0,0.0,0.0,0.0,0.0,0.0,0.0,0.18,0.11,0.68,0.82,U35465,27
,0.0,0.0,0.0,0.0,0.0,0.0,0.0,0.0,0.1,0.08,0.84,0.85,U35474,29
,0.0,0.0,0.0,0.0,0.0,0.0,0.0,0.0,0.18,0.12,0.62,0.8,U35476,21
,0.0,0.0,0.0,0.0,0.0,0.0,0.0,0.0,0.2,0.11,0.96,0.98,U35527,2
,0.0,0.0,0.0,0.0,0.0,0.0,0.0,0.0,0.14,0.08,0.72,0.84,U35551,22
,0.0,0.0,0.0,0.0,0.0,0.0,0.0,0.0,0.18,0.11,0.72,0.84,U35568,19
,0.0,0.0,0.0,0.0,0.0,0.0,0.0,0.0,0.08,0.06,0.82,0.91,U35573,10
,0.0,0.0,0.0,0.0,0.0,0.0,0.0,0.0,0.16,0.09,0.78,0.86,U35581,63
,0.0,0.0,0.0,0.0,0.0,0.0,0.0,0.0,0.22,0.12,0.98,0.99,U35584,1
,0.0,0.0,0.0,0.0,0.0,0.0,0.0,0.0,0.14,0.09,0.92,0.96,U3560,4
,0.0,0.0,0.0,0.0,0.0,0.0,0.0,0.0,0.16,0.11,0.94,0.96,U35605,164
,0.0,0.0,0.0,0.0,0.0,0.0,0.0,0.0,0.16,0.1,0.86,0.87,U35631,84
,0.0,0.0,0.0,0.0,0.0,0.0,0.0,0.0,0.22,0.12,0.78,0.88,U35634,14
0.8793969849246231,0.04,0.0,0.0,0.0,0.0,0.2,0.2,0.2,0.18,0.12,0.68,0.84,U35650,16
,0.0,0.0,0.0,0.0,0.0,0.0,0.0,0.0,0.14,0.09,0.82,0.9,U35651,11
,0.0,0.0,0.0,0.0,0.0,0.0,0.0,0.0,0.2,0.11,0.78,0.86,U35676,68
,0.0,0.0,0.0,0.0,0.0,0.0,0.0,0.0,0.16,0.1,0.68,0.82,U3569,52
,0.0,0.0,0.0,0.0,0.0,0.0,0.0,0.0,0.2,0.12,0.82,0.91,U35742,9
,0.0,0.0,0.0,0.0,0.0,0.0,0.0,0.0,0.12,0.07,0.86,0.9,U35763,91
,0.0,0.0,0.0,0.0,0.0,0.0,0.0,0.0,0.18,0.11,0.86,0.93,U35764,7
,0.0,0.0,0.0,0.0,0.0,0.0,0.0,0.0,0.24,0.13,0.74,0.86,U35777,24
,0.0,0.0,0.0,0.0,0.0,0.0,0.0,0.0,0.18,0.1,0.84,0.9,U35803,10
,0.0,0.0,0.0,0.0,0.0,0.0,0.0,0.0,0.16,0.08,0.64,0.81,U35804,28
,0.0,0.0,0.0,0.0,0.0,0.0,0.0,0.0,0.04,0.03,0.92,0.96,U35832,4
,0.0,0.0,0.0,0.0,0.0,0.0,0.0,0.0,0.14,0.08,0.82,0.86,U35860,30
,0.0,0.0,0.0,0.0,0.0,0.0,0.0,0.0,0.1,0.05,0.7,0.85,U35865,16
0.9597989949748744,0.1111111111111111,0.0,0.3010299956639812,0.0,0.5,0.5,0.5,0.5,0.18,0.12,0.74,0.84,U35871,46
,0.0,0.0,0.0,0.0,0.0,0.0,0.0,0.0,0.18,0.11,0.92,0.96,U35872,4
,0.0,0.0,0.0,0.0,0.0,0.0,0.0,0.0,0.18,0.1,0.82,0.91,U35898,9
,0.0,0.0,0.0,0.0,0.0,0.0,0.0,0.0,0.2,0.12,0.74,0.87,U35910,15
0.7638190954773869,0.020833333333333332,0.0,0.0,0.0,0.0,1.0,1.0,1.0,0.22,0.13,0.92,0.96,U35916,4
,0.0,0.0,0.0,0.0,0.0,0.0,0.0,0.0,0.16,0.12,0.88,0.94,U3592,6
,0.0,0.0,0.0,0.0,0.0,0.0,0.0,0.0,0.18,0.1,0.74,0.87,U35928,13
,0.0,0.0,0.0,0.0,0.0,0.0,0.0,0.0,0.14,0.08,0.62,0.81,U35932,26
,0.0,0.0,0.0,0.0,0.0,0.0,0.0,0.0,0.26,0.14,0.84,0.89,U3596,72
,0.0,0.0,0.0,0.0,0.0,0.0,0.0,0.0,0.16,0.09,0.88,0.94,U35990,6
,0.0,0.0,0.0,0.0,0.0,0.0,0.0,0.0,0.14,0.08,0.66,0.78,U3601,25
,0.0,0.0,0.0,0.0,0.0,0.0,0.0,0.0,0.16,0.1,0.68,0.81,U36020,22
,0.0,0.0,0.0,0.0,0.0,0.0,0.0,0.0,0.18,0.13,0.82,0.9,U36038,10
,0.0,0.0,0.0,0.0,0.0,0.0,0.0,0.0,0.18,0.14,0.76,0.87,U36045,74
0.5678391959798995,0.011494252873563218,0.0,0.0,0.0,0.0,0.0,0.5,0.5,0.18,0.11,0.66,0.81,U36050,34
,0.0,0.0,0.0,0.0,0.0,0.0,0.0,0.0,0.12,0.08,0.68,0.78,U36051,38
,0.0,0.0,0.0,0.0,0.0,0.0,0.0,0.0,0.22,0.12,0.72,0.85,U36057,15
,0.0,0.0,0.0,0.0,0.0,0.0,0.0,0.0,0.16,0.12,0.74,0.86,U36065,18
,0.0,0.0,0.0,0.0,0.0,0.0,0.0,0.0,0.14,0.08,0.9,0.92,U36071,105
,0.0,0.0,0.0,0.0,0.0,0.0,0.0,0.0,0.12,0.08,0.9,0.95,U36084,5
,0.0,0.0,0.0,0.0,0.0,0.0,0.0,0.0,0.14,0.07,0.84,0.92,U36108,8
,0.0,0.0,0.0,0.0,0.0,0.0,0.0,0.0,0.16,0.09,0.78,0.89,U36144,56
,0.0,0.0,0.0,0.0,0.0,0.0,0.0,0.0,0.16,0.12,0.68,0.84,U36151,17
,0.0,0.0,0.0,0.0,0.0,0.0,0.0,0.0,0.12,0.08,0.76,0.88,U36161,12
,0.0,0.0,0.0,0.0,0.0,0.0,0.0,0.0,0.16,0.11,0.84,0.92,U36198,8
,0.0,0.0,0.0,0.0,0.0,0.0,0.0,0.0,0.04,0.04,0.84,0.88,U36204,59
,0.0,0.0,0.0,0.0,0.0,0.0,0.0,0.0,0.1,0.07,0.78,0.85,U36210,55
,0.0,0.0,0.0,0.0,0.0,0.0,0.0,0.0,0.14,0.12,0.86,0.93,U36214,7
,0.0,0.0,0.0,0.0,0.0,0.0,0.0,0.0,0.16,0.09,0.66,0.79,U36262,25
,0.0,0.0,0.0,0.0,0.0,0.0,0.0,0.0,0.1,0.07,0.7,0.82,U36273,21
,0.0,0.0,0.0,0.0,0.0,0.0,0.0,0.0,0.16,0.11,0.82,0.91,U36277,9
,0.0,0.0,0.0,0.0,0.0,0.0,0.0,0.0,0.12,0.08,0.94,0.97,U36280,3
,0.0,0.0,0.0,0.0,0.0,0.0,0.0,0.0,0.2,0.12,0.54,0.76,U36296,35
,0.0,0.0,0.0,0.0,0.0,0.0,0.0,0.0,0.2,0.11,0.76,0.88,U36343,12
,0.0,0.0,0.0,0.0,0.0,0.0,0.0,0.0,0.12,0.08,0.82,0.86,U36368,45
,0.0,0.0,0.0,0.0,0.0,0.0,0.0,0.0,0.08,0.07,0.7,0.83,U36370,18
,0.0,0.0,0.0,0.0,0.0,0.0,0.0,0.0,0.22,0.13,0.6,0.75,U36377,40
,0.0,0.0,0.0,0.0,0.0,0.0,0.0,0.0,0.14,0.1,0.92,0.96,U36413,4
,0.0,0.0,0.0,0.0,0.0,0.0,0.0,0.0,0.16,0.1,0.62,0.79,U36418,23
,0.0,0.0,0.0,0.0,0.0,0.0,0.0,0.0,0.18,0.12,0.66,0.82,U36421,20
,0.0,0.0,0.0,0.0,0.0,0.0,0.0,0.0,0.18,0.11,0.66,0.78,U36422,31
0.8140703517587939,0.02631578947368421,0.0,0.0,0.0,0.0,0.5,0.5,0.5,0.14,0.08,0.76,0.88,U36431,12
,0.0,0.0,0.0,0.0,0.0,0.0,0.0,0.0,0.18,0.11,0.7,0.85,U36441,16
,0.0,0.0,0.0,0.0,0.0,0.0,0.0,0.0,0.18,0.13,0.82,0.9,U36457,87
,0.0,0.0,0.0,0.0,0.0,0.0,0.0,0.0,0.06,0.06,0.98,0.99,U36479,1
,0.0,0.0,0.0,0.0,0.0,0.0,0.0,0.0,0.08,0.05,0.8,0.89,U36497,16
,0.0,0.0,0.0,0.0,0.0,0.0,0.0,0.0,0.1,0.05,0.66,0.83,U36532,17
,0.0,0.0,0.0,0.0,0.0,0.0,0.0,0.0,0.18,0.11,0.74,0.87,U36544,13
,0.0,0.0,0.0,0.0,0.0,0.0,0.0,0.0,0.06,0.03,0.92,0.95,U36580,5
,0.0,0.0,0.0,0.0,0.0,0.0,0.0,0.0,0.22,0.12,0.48,0.72,U36585,32
,0.0,0.0,0.0,0.0,0.0,0.0,0.0,0.0,0.22,0.12,0.76,0.83,U36597,36
,0.0,0.0,0.0,0.0,0.0,0.0,0.0,0.0,0.04,0.04,0.98,0.97,U3660,157
,0.0,0.0,0.0,0.0,0.0,0.0,0.0,0.0,0.04,0.04,0.82,0.89,U36609,17
,0.0,0.0,0.0,0.0,0.0,0.0,0.0,0.0,0.24,0.12,0.82,0.91,U3662,9
,0.0,0.0,0.0,0.0,0.0,0.0,0.0,0.0,0.14,0.1,0.64,0.8,U36633,37
,0.0,0.0,0.0,0.0,0.0,0.0,0.0,0.0,0.04,0.02,0.94,0.94,U36637,147
,0.0,0.0,0.0,0.0,0.0,0.0,0.0,0.0,0.18,0.11,0.96,0.97,U3664,121
,0.0,0.0,0.0,0.0,0.0,0.0,0.0,0.0,0.06,0.04,0.88,0.93,U36640,26
,0.0,0.0,0.0,0.0,0.0,0.0,0.0,0.0,0.08,0.07,0.84,0.89,U36645,40
0.15577889447236182,0.005917159763313609,0.0,0.0,0.0,0.0,0.0,0.0,0.2,0.14,0.09,0.7,0.79,U3666,52
,0.0,0.0,0.0,0.0,0.0,0.0,0.0,0.0,0.22,0.13,0.7,0.84,U36674,17
,0.0,0.0,0.0,0.0,0.0,0.0,0.0,0.0,0.16,0.11,0.6,0.73,U36692,40
,0.0,0.0,0.0,0.0,0.0,0.0,0.0,0.0,0.2,0.13,0.58,0.77,U36700,40
,0.0,0.0,0.0,0.0,0.0,0.0,0.0,0.0,0.16,0.11,0.96,0.98,U36728,2
,0.0,0.0,0.0,0.0,0.0,0.0,0.0,0.0,0.22,0.14,0.78,0.88,U36733,72
,0.0,0.0,0.0,0.0,0.0,0.0,0.0,0.0,0.16,0.08,0.58,0.76,U36738,30
,0.0,0.0,0.0,0.0,0.0,0.0,0.0,0.0,0.16,0.1,0.72,0.86,U36743,14
,0.0,0.0,0.0,0.0,0.0,0.0,0.0,0.0,0.16,0.09,0.58,0.77,U36745,29
,0.0,0.0,0.0,0.0,0.0,0.0,0.0,0.0,0.22,0.12,0.82,0.91,U36748,9
,0.0,0.0,0.0,0.0,0.0,0.0,0.0,0.0,0.14,0.08,0.82,0.86,U36779,67
,0.0,0.0,0.0,0.0,0.0,0.0,0.0,0.0,0.18,0.11,0.82,0.91,U36799,9
,0.0,0.0,0.0,0.0,0.0,0.0,0.0,0.0,0.18,0.1,0.58,0.76,U36815,30
,0.0,0.0,0.0,0.0,0.0,0.0,0.0,0.0,0.12,0.12,0.96,0.98,U36818,2
,0.0,0.0,0.0,0.0,0.0,0.0,0.0,0.0,0.16,0.09,0.74,0.85,U36827,19
,0.0,0.0,0.0,0.0,0.0,0.0,0.0,0.0,0.16,0.1,0.76,0.88,U36834,12
,0.0,0.0,0.0,0.0,0.0,0.0,0.0,0.0,0.22,0.13,0.64,0.75,U36846,62
,0.0,0.0,0.0,0.0,0.0,0.0,0.0,0.0,0.24,0.13,0.88,0.94,U36847,6
,0.0,0.0,0.0,0.0,0.0,0.0,0.0,0.0,0.16,0.12,0.86,0.93,U36857,7
,0.0,0.0,0.0,0.0,0.0,0.0,0.0,0.0,0.12,0.09,0.84,0.92,U36870,8
,0.0,0.0,0.0,0.0,0.0,0.0,0.0,0.0,0.06,0.03,0.78,0.88,U36879,36
,0.0,0.0,0.0,0.0,0.0,0.0,0.0,0.0,0.18,0.12,0.6,0.78,U36911,26
,0.0,0.0,0.0,0.0,0.0,0.0,0.0,0.0,0.14,0.11,0.72,0.86,U36912,18
,0.0,0.0,0.0,0.0,0.0,0.0,0.0,0.0,0.08,0.04,0.72,0.85,U36944,21
,0.0,0.0,0.0,0.0,0.0,0.0,0.0,0.0,0.1,0.09,0.96,0.98,U36945,2
,0.0,0.0,0.0,0.0,0.0,0.0,0.0,0.0,0.08,0.06,0.82,0.88,U36984,81
,0.0,0.0,0.0,0.0,0.0,0.0,0.0,0.0,0.08,0.05,0.94,0.97,U37001,3
,0.0,0.0,0.0,0.0,0.0,0.0,0.0,0.0,0.22,0.13,0.68,0.82,U37006,43
,0.0,0.0,0.0,0.0,0.0,0.0,0.0,0.0,0.18,0.12,0.72,0.81,U37013,42
,0.0,0.0,0.0,0.0,0.0,0.0,0.0,0.0,0.2,0.11,0.7,0.79,U3703,25
,0.0,0.0,0.0,0.0,0.0,0.0,0.0,0.0,0.04,0.02,0.84,0.92,U37043,8
,0.0,0.0,0.0,0.0,0.0,0.0,0.0,0.0,0.16,0.11,0.66,0.82,U37047,21
,0.0,0.0,0.0,0.0,0.0,0.0,0.0,0.0,0.14,0.1,0.96,0.96,U37091,92
,0.0,0.0,0.0,0.0,0.0,0.0,0.0,0.0,0.2,0.11,0.68,0.79,U37099,26
,0.0,0.0,0.0,0.0,0.0,0.0,0.0,0.0,0.12,0.06,0.6,0.78,U37101,26
,0.0,0.0,0.0,0.0,0.0,0.0,0.0,0.0,0.2,0.13,0.84,0.92,U37161,9
,0.0,0.0,0.0,0.0,0.0,0.0,0.0,0.0,0.2,0.12,0.88,0.92,U37171,42
,0.0,0.0,0.0,0.0,0.0,0.0,0.0,0.0,0.1,0.08,0.9,0.94,U37173,6
,0.0,0.0,0.0,0.0,0.0,0.0,0.0,0.0,0.12,0.12,0.82,0.85,U37174,17
,0.0,0.0,0.0,0.0,0.0,0.0,0.0,0.0,0.14,0.1,0.7,0.84,U3719,16
,0.0,0.0,0.0,0.0,0.0,0.0,0.0,0.0,0.22,0.12,0.68,0.81,U37201,38
,0.0,0.0,0.0,0.0,0.0,0.0,0.0,0.0,0.16,0.09,0.78,0.87,U37204,13
,0.0,0.0,0.0,0.0,0.0,0.0,0.0,0.0,0.12,0.09,0.74,0.84,U37228,47
,0.0,0.0,0.0,0.0,0.0,0.0,0.0,0.0,0.14,0.09,0.76,0.84,U37230,36
,0.0,0.0,0.0,0.0,0.0,0.0,0.0,0.0,0.18,0.12,0.86,0.92,U37245,8
,0.0,0.0,0.0,0.0,0.0,0.0,0.0,0.0,0.1,0.07,0.82,0.9,U37287,14
,0.0,0.0,0.0,0.0,0.0,0.0,0.0,0.0,0.14,0.08,0.88,0.93,U37293,113
,0.0,0.0,0.0,0.0,0.0,0.0,0.0,0.0,0.18,0.1,0.72,0.86,U37305,14
,0.0,0.0,0.0,0.0,0.0,0.0,0.0,0.0,0.04,0.04,0.72,0.78,U37316,40
,0.0,0.0,0.0,0.0,0.0,0.0,0.0,0.0,0.14,0.09,0.8,0.89,U37322,12
,0.0,0.0,0.0,0.0,0.0,0.0,0.0,0.0,0.18,0.1,0.68,0.83,U37379,20
,0.0,0.0,0.0,0.0,0.0,0.0,0.0,0.0,0.12,0.07,0.76,0.86,U37396,27
,0.0,0.0,0.0,0.0,0.0,0.0,0.0,0.0,0.12,0.1,0.72,0.8,U37402,30
,0.0,0.0,0.0,0.0,0.0,0.0,0.0,0.0,0.18,0.1,0.58,0.76,U37410,26
,0.0,0.0,0.0,0.0,0.0,0.0,0.0,0.0,0.12,0.11,0.68,0.8,U37450,22
,0.0,0.0,0.0,0.0,0.0,0.0,0.0,0.0,0.14,0.11,0.86,0.92,U37461,60
,0.0,0.0,0.0,0.0,0.0,0.0,0.0,0.0,0.16,0.09,0.92,0.96,U37469,4
,0.0,0.0,0.0,0.0,0.0,0.0,0.0,0.0,0.2,0.11,0.7,0.85,U3747,15
,0.0,0.0,0.0,0.0,0.0,0.0,0.0,0.0,0.16,0.1,0.6,0.78,U37507,30
,0.0,0.0,0.0,0.0,0.0,0.0,0.0,0.0,0.12,0.06,0.92,0.96,U37519,4
,0.0,0.0,0.0,0.0,0.0,0.0,0.0,0.0,0.06,0.06,0.9,0.92,U37521,11
,0.0,0.0,0.0,0.0,0.0,0.0,0.0,0.0,0.18,0.12,0.8,0.9,U37544,10
,0.0,0.0,0.0,0.0,0.0,0.0,0.0,0.0,0.14,0.1,0.98,0.99,U37549,1
,0.0,0.0,0.0,0.0,0.0,0.0,0.0,0.0,0.12,0.06,0.76,0.88,U37572,17
,0.0,0.0,0.0,0.0,0.0,0.0,0.0,0.0,0.16,0.12,0.74,0.85,U37574,15
,0.0,0.0,0.0,0.0,0.0,0.0,0.0,0.0,0.12,0.07,0.74,0.83,U37629,32
,0.0,0.0,0.0,0.0,0.0,0.0,0.0,0.0,0.2,0.11,0.9,0.95,U37634,5
,0.0,0.0,0.0,0.0,0.0,0.0,0.0,0.0,0.24,0.13,0.7,0.82,U37652,20
,0.0,0.0,0.0,0.0,0.0,0.0,0.0,0.0,0.18,0.11,0.64,0.82,U37655,18
,0.0,0.0,0.0,0.0,0.0,0.0,0.0,0.0,0.16,0.12,0.76,0.88,U37662,12
,0.0,0.0,0.0,0.0,0.0,0.0,0.0,0.0,0.14,0.13,0.86,0.93,U37664,7
,0.0,0.0,0.0,0.0,0.0,0.0,0.0,0.0,0.18,0.11,0.74,0.81,U37671,40
,0.0,0.0,0.0,0.0,0.0,0.0,0.0,0.0,0.2,0.13,0.88,0.94,U37682,6
,0.0,0.0,0.0,0.0,0.0,0.0,0.0,0.0,0.2,0.13,0.96,0.98,U37759,2
,0.0,0.0,0.0,0.0,0.0,0.0,0.0,0.0,0.1,0.07,0.88,0.89,U37768,23
,0.0,0.0,0.0,0.0,0.0,0.0,0.0,0.0,0.1,0.11,0.66,0.83,U37785,22
,0.0,0.0,0.0,0.0,0.0,0.0,0.0,0.0,0.22,0.12,0.74,0.85,U37794,30
,0.0,0.0,0.0,0.0,0.0,0.0,0.0,0.0,0.24,0.13,0.78,0.89,U37808,11
,0.0,0.0,0.0,0.0,0.0,0.0,0.0,0.0,0.18,0.14,0.82,0.91,U37825,9
,0.0,0.0,0.0,0.0,0.0,0.0,0.0,0.0,0.2,0.12,0.74,0.87,U37829,14
,0.0,0.0,0.0,0.0,0.0,0.0,0.0,0.0,0.24,0.12,0.96,0.98,U37844,2
,0.0,0.0,0.0,0.0,0.0,0.0,0.0,0.0,0.18,0.14,0.78,0.85,U37845,59
,0.0,0.0,0.0,0.0,0.0,0.0,0.0,0.0,0.16,0.1,0.9,0.93,U37889,78
,0.0,0.0,0.0,0.0,0.0,0.0,0.0,0.0,0.08,0.04,0.94,0.97,U37892,3
,0.0,0.0,0.0,0.0,0.0,0.0,0.0,0.0,0.08,0.05,0.72,0.85,U37947,30
,0.0,0.0,0.0,0.0,0.0,0.0,0.0,0.0,0.18,0.11,0.96,0.98,U37973,2
,0.0,0.0,0.0,0.0,0.0,0.0,0.0,0.0,0.06,0.09,0.86,0.91,U37986,116
,0.0,0.0,0.0,0.0,0.0,0.0,0.0,0.0,0.12,0.1,0.74,0.83,U37990,59
,0.0,0.0,0.0,0.0,0.0,0.0,0.0,0.0,0.12,0.09,0.98,0.99,U38032,1
,0.0,0.0,0.0,0.0,0.0,0.0,0.0,0.0,0.16,0.09,0.66,0.78,U38035,31
,0.0,0.0,0.0,0.0,0.0,0.0,0.0,0.0,0.16,0.11,0.6,0.79,U38041,23
,0.0,0.0,0.0,0.0,0.0,0.0,0.0,0.0,0.14,0.09,0.98,0.99,U38046,1
,0.0,0.0,0.0,0.0,0.0,0.0,0.0,0.0,0.2,0.12,0.92,0.96,U38068,4
,0.0,0.0,0.0,0.0,0.0,0.0,0.0,0.0,0.1,0.06,0.82,0.91,U38072,11
,0.0,0.0,0.0,0.0,0.0,0.0,0.0,0.0,0.18,0.09,0.66,0.77,U38074,46
,0.0,0.0,0.0,0.0,0.0,0.0,0.0,0.0,0.08,0.06,0.84,0.9,U38085,133
,0.0,0.0,0.0,0.0,0.0,0.0,0.0,0.0,0.18,0.12,0.76,0.85,U38100,20
,0.0,0.0,0.0,0.0,0.0,0.0,0.0,0.0,0.2,0.11,0.64,0.82,U38116,18
,0.0,0.0,0.0,0.0,0.0,0.0,0.0,0.0,0.16,0.1,0.8,0.89,U38121,12
,0.0,0.0,0.0,0.0,0.0,0.0,0.0,0.0,0.12,0.07,0.9,0.95,U38143,125
,0.0,0.0,0.0,0.0,0.0,0.0,0.0,0.0,0.18,0.12,0.98,0.99,U38170,1
,0.0,0.0,0.0,0.0,0.0,0.0,0.0,0.0,0.16,0.08,0.66,0.83,U38187,21
,0.0,0.0,0.0,0.0,0.0,0.0,0.0,0.0,0.12,0.09,0.84,0.92,U382,8
,0.0,0.0,0.0,0.0,0.0,0.0,0.0,0.0,0.16,0.1,0.94,0.92,U38200,108
,0.0,0.0,0.0,0.0,0.0,0.0,0.0,0.0,0.2,0.12,0.68,0.81,U38201,22
,0.0,0.0,0.0,0.0,0.0,0.0,0.0,0.0,0.16,0.11,0.68,0.82,U3821,35
,0.0,0.0,0.0,0.0,0.0,0.0,0.0,0.0,0.18,0.11,0.64,0.8,U38261,20
,0.0,0.0,0.0,0.0,0.0,0.0,0.0,0.0,0.08,0.05,0.88,0.92,U38274,34
,0.0,0.0,0.0,0.0,0.0,0.0,0.0,0.0,0.18,0.12,0.96,0.98,U38275,2
,0.0,0.0,0.0,0.0,0.0,0.0,0.0,0.0,0.2,0.11,0.72,0.86,U38280,15
,0.0,0.0,0.0,0.0,0.0,0.0,0.0,0.0,0.08,0.09,0.8,0.85,U38292,26
,0.0,0.0,0.0,0.0,0.0,0.0,0.0,0.0,0.2,0.13,0.84,0.89,U3830,56
0.7839195979899497,0.022727272727272728,0.0,0.0,0.0,0.0,1.0,1.0,1.0,0.12,0.11,0.88,0.94,U38312,6
,0.0,0.0,0.0,0.0,0.0,0.0,0.0,0.0,0.24,0.13,0.94,0.97,U38313,3
,0.0,0.0,0.0,0.0,0.0,0.0,0.0,0.0,0.18,0.12,0.94,0.97,U38318,3
,0.0,0.0,0.0,0.0,0.0,0.0,0.0,0.0,0.18,0.11,0.88,0.94,U38342,6
,0.0,0.0,0.0,0.0,0.0,0.0,0.0,0.0,0.12,0.06,0.66,0.82,U38350,29
,0.0,0.0,0.0,0.0,0.0,0.0,0.0,0.0,0.2,0.11,0.78,0.89,U38376,11
,0.0,0.0,0.0,0.0,0.0,0.0,0.0,0.0,0.18,0.11,0.92,0.96,U38404,4
,0.0,0.0,0.0,0.0,0.0,0.0,0.0,0.0,0.14,0.08,0.96,0.98,U38429,2
,0.0,0.0,0.0,0.0,0.0,0.0,0.0,0.0,0.2,0.12,0.92,0.96,U38437,4
,0.0,0.0,0.0,0.0,0.0,0.0,0.0,0.0,0.16,0.11,0.88,0.94,U3844,6
,0.0,0.0,0.0,0.0,0.0,0.0,0.0,0.0,0.2,0.12,0.84,0.92,U38448,8
,0.0,0.0,0.0,0.0,0.0,0.0,0.0,0.0,0.16,0.1,0.7,0.83,U38466,33
,0.0,0.0,0.0,0.0,0.0,0.0,0.0,0.0,0.1,0.1,0.86,0.9,U38477,160
,0.0,0.0,0.0,0.0,0.0,0.0,0.0,0.0,0.22,0.12,0.66,0.83,U38487,19
,0.0,0.0,0.0,0.0,0.0,0.0,0.0,0.0,0.06,0.05,0.98,0.93,U38515,79
,0.0,0.0,0.0,0.0,0.0,0.0,0.0,0.0,0.2,0.12,0.62,0.78,U38520,27
,0.0,0.0,0.0,0.0,0.0,0.0,0.0,0.0,0.22,0.12,0.64,0.82,U38531,18
,0.0,0.0,0.0,0.0,0.0,0.0,0.0,0.0,0.16,0.08,0.72,0.85,U38545,16
,0.0,0.0,0.0,0.0,0.0,0.0,0.0,0.0,0.14,0.08,0.94,0.95,U38563,187
,0.0,0.0,0.0,0.0,0.0,0.0,0.0,0.0,0.22,0.12,0.88,0.94,U38566,6
,0.0,0.0,0.0,0.0,0.0,0.0,0.0,0.0,0.18,0.09,0.88,0.89,U38571,101
,0.0,0.0,0.0,0.0,0.0,0.0,0.0,0.0,0.14,0.11,0.72,0.85,U38572,16
,0.0,0.0,0.0,0.0,0.0,0.0,0.0,0.0,0.18,0.1,0.62,0.8,U38578,26
,0.0,0.0,0.0,0.0,0.0,0.0,0.0,0.0,0.12,0.09,0.74,0.83,U3859,20
,0.0,0.0,0.0,0.0,0.0,0.0,0.0,0.0,0.12,0.06,0.76,0.88,U38611,14
,0.0,0.0,0.0,0.0,0.0,0.0,0.0,0.0,0.16,0.11,0.9,0.95,U38627,5
,0.0,0.0,0.0,0.0,0.0,0.0,0.0,0.0,0.22,0.14,0.82,0.91,U38648,9
,0.0,0.0,0.0,0.0,0.0,0.0,0.0,0.0,0.08,0.05,0.82,0.88,U38658,13
,0.0,0.0,0.0,0.0,0.0,0.0,0.0,0.0,0.22,0.12,0.62,0.79,U38668,44
,0.0,0.0,0.0,0.0,0.0,0.0,0.0,0.0,0.16,0.1,0.72,0.8,U38678,30
,0.0,0.0,0.0,0.0,0.0,0.0,0.0,0.0,0.14,0.11,0.96,0.98,U3869,2
,0.0,0.0,0.0,0.0,0.0,0.0,0.0,0.0,0.14,0.08,0.84,0.92,U38692,8
,0.0,0.0,0.0,0.0,0.0,0.0,0.0,0.0,0.18,0.12,0.84,0.92,U38721,8
,0.0,0.0,0.0,0.0,0.0,0.0,0.0,0.0,0.14,0.08,0.78,0.87,U38735,35
,0.0,0.0,0.0,0.0,0.0,0.0,0.0,0.0,0.14,0.07,0.7,0.82,U38757,25
,0.0,0.0,0.0,0.0,0.0,0.0,0.0,0.0,0.18,0.1,0.98,0.99,U38758,1
,0.0,0.0,0.0,0.0,0.0,0.0,0.0,0.0,0.04,0.08,0.92,0.94,U38827,45
,0.0,0.0,0.0,0.0,0.0,0.0,0.0,0.0,0.06,0.04,0.82,0.9,U38833,99
,0.0,0.0,0.0,0.0,0.0,0.0,0.0,0.0,0.14,0.09,0.6,0.78,U38840,30
,0.0,0.0,0.0,0.0,0.0,0.0,0.0,0.0,0.18,0.11,0.72,0.85,U38844,15
,0.0,0.0,0.0,0.0,0.0,0.0,0.0,0.0,0.24,0.13,0.76,0.84,U38854,17
,0.0,0.0,0.0,0.0,0.0,0.0,0.0,0.0,0.2,0.13,0.76,0.88,U38859,12
,0.0,0.0,0.0,0.0,0.0,0.0,0.0,0.0,0.22,0.12,0.66,0.83,U38901,17
,0.0,0.0,0.0,0.0,0.0,0.0,0.0,0.0,0.12,0.07,0.8,0.9,U38902,10
,0.0,0.0,0.0,0.0,0.0,0.0,0.0,0.0,0.18,0.12,0.64,0.79,U38904,34
,0.0,0.0,0.0,0.0,0.0,0.0,0.0,0.0,0.08,0.08,0.98,0.98,U38911,152
,0.0,0.0,0.0,0.0,0.0,0.0,0.0,0.0,0.22,0.14,0.8,0.9,U38917,10
,0.0,0.0,0.0,0.0,0.0,0.0,0.0,0.0,0.08,0.09,0.98,0.99,U38934,1
,0.0,0.0,0.0,0.0,0.0,0.0,0.0,0.0,0.16,0.11,0.92,0.94,U38978,60
,0.0,0.0,0.0,0.0,0.0,0.0,0.0,0.0,0.14,0.09,0.78,0.88,U38989,12
,0.0,0.0,0.0,0.0,0.0,0.0,0.0,0.0,0.12,0.08,0.88,0.94,U38993,6
,0.0,0.0,0.0,0.0,0.0,0.0,0.0,0.0,0.02,0.04,0.84,0.92,U39009,42
0.8894472361809045,0.043478260869565216,0.0,0.0,0.0,0.0,0.16666666666666666,0.16666666666666666,0.16666666666666666,0.12,0.1,0.86,0.86,U39037,24
,0.0,0.0,0.0,0.0,0.0,0.0,0.0,0.0,0.18,0.11,0.82,0.91,U39055,9
,0.0,0.0,0.0,0.0,0.0,0.0,0.0,0.0,0.14,0.1,0.92,0.95,U39056,5
,0.0,0.0,0.0,0.0,0.0,0.0,0.0,0.0,0.04,0.02,0.84,0.89,U3908,122
,0.0,0.0,0.0,0.0,0.0,0.0,0.0,0.0,0.12,0.07,0.74,0.85,U39123,16
,0.0,0.0,0.0,0.0,0.0,0.0,0.0,0.0,0.16,0.12,0.84,0.9,U39125,73
0.3969849246231156,0.008264462809917356,0.0,0.0,0.0,0.0,0.0,0.0,0.125,0.14,0.11,0.64,0.75,U39157,61
,0.0,0.0,0.0,0.0,0.0,0.0,0.0,0.0,0.16,0.11,0.9,0.95,U39177,5
,0.0,0.0,0.0,0.0,0.0,0.0,0.0,0.0,0.14,0.09,0.86,0.93,U39194,7
,0.0,0.0,0.0,0.0,0.0,0.0,0.0,0.0,0.1,0.07,0.72,0.81,U39206,54
,0.0,0.0,0.0,0.0,0.0,0.0,0.0,0.0,0.18,0.13,0.94,0.97,U39209,3
,0.0,0.0,0.0,0.0,0.0,0.0,0.0,0.0,0.1,0.08,0.98,0.99,U39211,1
,0.0,0.0,0.0,0.0,0.0,0.0,0.0,0.0,0.2,0.12,0.7,0.83,U39219,21
,0.0,0.0,0.0,0.0,0.0,0.0,0.0,0.0,0.06,0.03,0.92,0.96,U39222,4
,0.0,0.0,0.0,0.0,0.0,0.0,0.0,0.0,0.06,0.03,0.76,0.88,U39224,19
,0.0,0.0,0.0,0.0,0.0,0.0,0.0,0.0,0.1,0.06,0.84,0.92,U3923,8
,0.0,0.0,0.0,0.0,0.0,0.0,0.0,0.0,0.16,0.11,0.6,0.74,U39239,33
,0.0,0.0,0.0,0.0,0.0,0.0,0.0,0.0,0.14,0.09,0.66,0.82,U39260,27
,0.0,0.0,0.0,0.0,0.0,0.0,0.0,0.0,0.16,0.11,0.7,0.81,U39275,26
,0.0,0.0,0.0,0.0,0.0,0.0,0.0,0.0,0.18,0.1,0.68,0.84,U39290,16
,0.0,0.0,0.0,0.0,0.0,0.0,0.0,0.0,0.14,0.11,0.82,0.86,U39295,34
,0.0,0.0,0.0,0.0,0.0,0.0,0.0,0.0,0.18,0.11,0.68,0.8,U39302,48
,0.0,0.0,0.0,0.0,0.0,0.0,0.0,0.0,0.14,0.08,0.9,0.95,U39322,5
,0.0,0.0,0.0,0.0,0.0,0.0,0.0,0.0,0.24,0.13,0.6,0.79,U39338,21
,0.0,0.0,0.0,0.0,0.0,0.0,0.0,0.0,0.14,0.11,0.68,0.81,U39339,46
,0.0,0.0,0.0,0.0,0.0,0.0,0.0,0.0,0.22,0.12,0.8,0.87,U39343,72
,0.0,0.0,0.0,0.0,0.0,0.0,0.0,0.0,0.2,0.11,0.82,0.82,U39374,49
,0.0,0.0,0.0,0.0,0.0,0.0,0.0,0.0,0.18,0.11,0.88,0.94,U39441,6
,0.0,0.0,0.0,0.0,0.0,0.0,0.0,0.0,0.12,0.11,0.92,0.96,U39449,4
,0.0,0.0,0.0,0.0,0.0,0.0,0.0,0.0,0.04,0.02,0.7,0.83,U395,35
,0.0,0.0,0.0,0.0,0.0,0.0,0.0,0.0,0.14,0.08,0.7,0.82,U39529,29
,0.0,0.0,0.0,0.0,0.0,0.0,0.0,0.0,0.18,0.14,0.92,0.95,U39537,145
,0.0,0.0,0.0,0.0,0.0,0.0,0.0,0.0,0.2,0.11,0.76,0.84,U39564,35
,0.0,0.0,0.0,0.0,0.0,0.0,0.0,0.0,0.1,0.05,0.64,0.8,U39582,22
,0.0,0.0,0.0,0.0,0.0,0.0,0.0,0.0,0.14,0.11,0.7,0.85,U39661,17
,0.0,0.0,0.0,0.0,0.0,0.0,0.0,0.0,0.16,0.11,0.88,0.94,U3967,6
,0.0,0.0,0.0,0.0,0.0,0.0,0.0,0.0,0.2,0.12,0.64,0.81,U39670,40
,0.0,0.0,0.0,0.0,0.0,0.0,0.0,0.0,0.24,0.12,0.66,0.8,U39695,41
,0.0,0.0,0.0,0.0,0.0,0.0,0.0,0.0,0.22,0.13,0.94,0.97,U39697,3
,0.0,0.0,0.0,0.0,0.0,0.0,0.0,0.0,0.18,0.11,0.94,0.95,U39701,202
,0.0,0.0,0.0,0.0,0.0,0.0,0.0,0.0,0.2,0.12,0.66,0.81,U39722,26
,0.0,0.0,0.0,0.0,0.0,0.0,0.0,0.0,0.18,0.1,0.7,0.84,U39728,20
,0.0,0.0,0.0,0.0,0.0,0.0,0.0,0.0,0.18,0.12,0.94,0.97,U3975,3
,0.0,0.0,0.0,0.0,0.0,0.0,0.0,0.0,0.2,0.12,0.82,0.86,U39767,82
,0.0,0.0,0.0,0.0,0.0,0.0,0.0,0.0,0.24,0.14,0.62,0.78,U39770,37
,0.0,0.0,0.0,0.0,0.0,0.0,0.0,0.0,0.24,0.14,0.68,0.8,U39783,47
,0.0,0.0,0.0,0.0,0.0,0.0,0.0,0.0,0.14,0.1,0.6,0.78,U39791,34
,0.0,0.0,0.0,0.0,0.0,0.0,0.0,0.0,0.22,0.12,0.68,0.82,U39801,20
0.542713567839196,0.010869565217391304,0.0,0.0,0.0,0.0,0.0,0.5,0.5,0.24,0.14,0.56,0.77,U39822,25
,0.0,0.0,0.0,0.0,0.0,0.0,0.0,0.0,0.22,0.14,0.74,0.87,U39841,14
,0.0,0.0,0.0,0.0,0.0,0.0,0.0,0.0,0.24,0.13,0.7,0.81,U39842,40
,0.0,0.0,0.0,0.0,0.0,0.0,0.0,0.0,0.16,0.08,0.74,0.84,U39885,32
,0.0,0.0,0.0,0.0,0.0,0.0,0.0,0.0,0.2,0.12,0.8,0.9,U39903,10
,0.0,0.0,0.0,0.0,0.0,0.0,0.0,0.0,0.08,0.04,0.84,0.9,U39916,41
,0.0,0.0,0.0,0.0,0.0,0.0,0.0,0.0,0.18,0.11,0.68,0.81,U39928,23
,0.0,0.0,0.0,0.0,0.0,0.0,0.0,0.0,0.18,0.12,0.7,0.84,U39937,18
,0.0,0.0,0.0,0.0,0.0,0.0,0.0,0.0,0.24,0.12,0.62,0.8,U3994,22
,0.0,0.0,0.0,0.0,0.0,0.0,0.0,0.0,0.18,0.1,0.62,0.81,U39980,22
,0.0,0.0,0.0,0.0,0.0,0.0,0.0,0.0,0.1,0.07,0.96,0.98,U39986,2
,0.0,0.0,0.0,0.0,0.0,0.0,0.0,0.0,0.18,0.12,0.78,0.89,U39987,12
,0.0,0.0,0.0,0.0,0.0,0.0,0.0,0.0,0.18,0.13,0.88,0.92,U40013,95
,0.0,0.0,0.0,0.0,0.0,0.0,0.0,0.0,0.12,0.08,0.88,0.94,U40022,6
,0.0,0.0,0.0,0.0,0.0,0.0,0.0,0.0,0.22,0.13,0.66,0.81,U40038,30
,0.0,0.0,0.0,0.0,0.0,0.0,0.0,0.0,0.16,0.11,0.92,0.96,U40047,4
,0.0,0.0,0.0,0.0,0.0,0.0,0.0,0.0,0.22,0.14,0.68,0.83,U40065,34
,0.0,0.0,0.0,0.0,0.0,0.0,0.0,0.0,0.12,0.07,0.78,0.83,U4009,36
,0.0,0.0,0.0,0.0,0.0,0.0,0.0,0.0,0.16,0.13,0.76,0.84,U40098,41
,0.0,0.0,0.0,0.0,0.0,0.0,0.0,0.0,0.14,0.11,0.86,0.93,U40115,7
,0.0,0.0,0.0,0.0,0.0,0.0,0.0,0.0,0.16,0.11,0.58,0.79,U40131,25
,0.0,0.0,0.0,0.0,0.0,0.0,0.0,0.0,0.2,0.11,0.84,0.92,U40132,9
,0.0,0.0,0.0,0.0,0.0,0.0,0.0,0.0,0.14,0.11,0.68,0.8,U40171,37
,0.0,0.0,0.0,0.0,0.0,0.0,0.0,0.0,0.06,0.04,0.8,0.89,U40227,65
,0.0,0.0,0.0,0.0,0.0,0.0,0.0,0.0,0.1,0.05,0.72,0.82,U40229,32
,0.0,0.0,0.0,0.0,0.0,0.0,0.0,0.0,0.16,0.09,0.6,0.76,U40235,33
,0.0,0.0,0.0,0.0,0.0,0.0,0.0,0.0,0.16,0.1,0.92,0.96,U40254,4
,0.0,0.0,0.0,0.0,0.0,0.0,0.0,0.0,0.18,0.11,0.72,0.86,U40280,14
,0.0,0.0,0.0,0.0,0.0,0.0,0.0,0.0,0.22,0.13,0.6,0.79,U40306,26
,0.0,0.0,0.0,0.0,0.0,0.0,0.0,0.0,0.18,0.09,0.78,0.89,U40311,11
,0.0,0.0,0.0,0.0,0.0,0.0,0.0,0.0,0.12,0.07,0.74,0.84,U40312,19
,0.0,0.0,0.0,0.0,0.0,0.0,0.0,0.0,0.18,0.12,0.76,0.86,U40329,56
0.45226130653266333,0.00909090909090909,0.0,0.0,0.0,0.0,0.0,0.0,1.0,0.16,0.11,0.76,0.88,U40336,14
,0.0,0.0,0.0,0.0,0.0,0.0,0.0,0.0,0.14,0.09,0.88,0.88,U40344,46
,0.0,0.0,0.0,0.0,0.0,0.0,0.0,0.0,0.08,0.04,0.82,0.9,U40351,28
,0.0,0.0,0.0,0.0,0.0,0.0,0.0,0.0,0.14,0.09,0.92,0.96,U40365,4
,0.0,0.0,0.0,0.0,0.0,0.0,0.0,0.0,0.24,0.12,0.74,0.87,U40367,14
,0.0,0.0,0.0,0.0,0.0,0.0,0.0,0.0,0.2,0.12,0.96,0.98,U40376,2
,0.0,0.0,0.0,0.0,0.0,0.0,0.0,0.0,0.18,0.11,0.9,0.95,U40378,5
,0.0,0.0,0.0,0.0,0.0,0.0,0.0,0.0,0.2,0.11,0.72,0.84,U4039,17
,0.0,0.0,0.0,0.0,0.0,0.0,0.0,0.0,0.1,0.07,0.76,0.87,U40407,14
,0.0,0.0,0.0,0.0,0.0,0.0,0.0,0.0,0.2,0.1,0.8,0.9,U4041,10
,0.0,0.0,0.0,0.0,0.0,0.0,0.0,0.0,0.02,0.01,0.82,0.88,U4042,50
,0.0,0.0,0.0,0.0,0.0,0.0,0.0,0.0,0.14,0.09,0.76,0.87,U40435,17
,0.0,0.0,0.0,0.0,0.0,0.0,0.0,0.0,0.18,0.1,0.78,0.88,U40439,12
,0.0,0.0,0.0,0.0,0.0,0.0,0.0,0.0,0.2,0.13,0.76,0.87,U40454,15
,0.0,0.0,0.0,0.0,0.0,0.0,0.0,0.0,0.16,0.09,0.92,0.92,U40466,78
,0.0,0.0,0.0,0.0,0.0,0.0,0.0,0.0,0.18,0.12,0.82,0.91,U40469,10
,0.0,0.0,0.0,0.0,0.0,0.0,0.0,0.0,0.1,0.08,0.78,0.82,U40473,60
,0.0,0.0,0.0,0.0,0.0,0.0,0.0,0.0,0.18,0.1,0.56,0.75,U40485,32
,0.0,0.0,0.0,0.0,0.0,0.0,0.0,0.0,0.08,0.09,0.76,0.85,U40491,25
,0.0,0.0,0.0,0.0,0.0,0.0,0.0,0.0,0.2,0.1,0.92,0.96,U40495,4
,0.0,0.0,0.0,0.0,0.0,0.0,0.0,0.0,0.16,0.11,0.72,0.82,U40508,33
,0.0,0.0,0.0,0.0,0.0,0.0,0.0,0.0,0.18,0.12,0.8,0.85,U4051,52
,0.0,0.0,0.0,0.0,0.0,0.0,0.0,0.0,0.08,0.09,0.7,0.79,U40510,40
,0.0,0.0,0.0,0.0,0.0,0.0,0.0,0.0,0.22,0.13,0.78,0.86,U40523,73
,0.0,0.0,0.0,0.0,0.0,0.0,0.0,0.0,0.14,0.12,0.88,0.94,U40525,6
,0.0,0.0,0.0,0.0,0.0,0.0,0.0,0.0,0.18,0.12,0.92,0.96,U40527,4
,0.0,0.0,0.0,0.0,0.0,0.0,0.0,0.0,0.2,0.13,0.94,0.97,U40531,3
,0.0,0.0,0.0,0.0,0.0,0.0,0.0,0.0,0.14,0.09,0.84,0.92,U40539,97
,0.0,0.0,0.0,0.0,0.0,0.0,0.0,0.0,0.2,0.11,0.98,0.99,U4057,1
,0.0,0.0,0.0,0.0,0.0,0.0,0.0,0.0,0.18,0.11,0.8,0.9,U40607,10
,0.0,0.0,0.0,0.0,0.0,0.0,0.0,0.0,0.18,0.11,0.86,0.93,U40626,8
,0.0,0.0,0.0,0.0,0.0,0.0,0.0,0.0,0.14,0.09,0.58,0.78,U40635,22
,0.0,0.0,0.0,0.0,0.0,0.0,0.0,0.0,0.1,0.05,0.72,0.84,U40643,21
,0.0,0.0,0.0,0.0,0.0,0.0,0.0,0.0,0.16,0.13,0.88,0.94,U40669,7
,0.0,0.0,0.0,0.0,0.0,0.0,0.0,0.0,0.16,0.11,0.84,0.92,U40674,8
,0.0,0.0,0.0,0.0,0.0,0.0,0.0,0.0,0.16,0.1,0.82,0.9,U40700,10
,0.0,0.0,0.0,0.0,0.0,0.0,0.0,0.0,0.18,0.13,0.98,0.99,U4071,1
,0.0,0.0,0.0,0.0,0.0,0.0,0.0,0.0,0.16,0.1,0.74,0.85,U40710,15
,0.0,0.0,0.0,0.0,0.0,0.0,0.0,0.0,0.16,0.09,0.72,0.86,U40736,14
,0.0,0.0,0.0,0.0,0.0,0.0,0.0,0.0,0.1,0.05,0.76,0.88,U40738,12
,0.0,0.0,0.0,0.0,0.0,0.0,0.0,0.0,0.12,0.07,0.9,0.94,U4074,7
,0.0,0.0,0.0,0.0,0.0,0.0,0.0,0.0,0.1,0.09,0.7,0.79,U40746,48
,0.0,0.0,0.0,0.0,0.0,0.0,0.0,0.0,0.08,0.05,0.76,0.83,U40751,29
,0.0,0.0,0.0,0.0,0.0,0.0,0.0,0.0,0.08,0.07,0.96,0.98,U40779,2
,0.0,0.0,0.0,0.0,0.0,0.0,0.0,0.0,0.2,0.14,0.92,0.96,U40785,4
,0.0,0.0,0.0,0.0,0.0,0.0,0.0,0.0,0.1,0.05,0.82,0.91,U40799,10
,0.0,0.0,0.0,0.0,0.0,0.0,0.0,0.0,0.14,0.08,0.66,0.82,U40806,20
,0.0,0.0,0.0,0.0,0.0,0.0,0.0,0.0,0.18,0.13,0.8,0.9,U40834,10
,0.0,0.0,0.0,0.0,0.0,0.0,0.0,0.0,0.14,0.08,0.58,0.76,U40886,31
,0.0,0.0,0.0,0.0,0.0,0.0,0.0,0.0,0.18,0.1,0.9,0.95,U40895,5
,0.0,0.0,0.0,0.0,0.0,0.0,0.0,0.0,0.2,0.12,0.88,0.94,U40904,6
,0.0,0.0,0.0,0.0,0.0,0.0,0.0,0.0,0.14,0.08,0.92,0.96,U40908,4
,0.0,0.0,0.0,0.0,0.0,0.0,0.0,0.0,0.08,0.08,0.94,0.93,U40929,81
,0.0,0.0,0.0,0.0,0.0,0.0,0.0,0.0,0.1,0.06,0.86,0.93,U40934,7
,0.0,0.0,0.0,0.0,0.0,0.0,0.0,0.0,0.16,0.09,0.7,0.83,U4099,28
,0.0,0.0,0.0,0.0,0.0,0.0,0.0,0.0,0.16,0.09,0.72,0.82,U41010,53
,0.0,0.0,0.0,0.0,0.0,0.0,0.0,0.0,0.08,0.05,0.9,0.95,U41040,5
,0.0,0.0,0.0,0.0,0.0,0.0,0.0,0.0,0.1,0.07,0.72,0.78,U41056,43
,0.0,0.0,0.0,0.0,0.0,0.0,0.0,0.0,0.2,0.12,0.92,0.96,U41069,4
,0.0,0.0,0.0,0.0,0.0,0.0,0.0,0.0,0.26,0.13,0.6,0.77,U41075,30
,0.0,0.0,0.0,0.0,0.0,0.0,0.0,0.0,0.24,0.14,0.76,0.88,U41106,12
,0.0,0.0,0.0,0.0,0.0,0.0,0.0,0.0,0.14,0.13,0.86,0.93,U41110,7
,0.0,0.0,0.0,0.0,0.0,0.0,0.0,0.0,0.18,0.12,0.7,0.82,U41121,19
,0.0,0.0,0.0,0.0,0.0,0.0,0.0,0.0,0.18,0.11,0.72,0.86,U41126,15
,0.0,0.0,0.0,0.0,0.0,0.0,0.0,0.0,0.16,0.09,0.6,0.76,U41142,33
,0.0,0.0,0.0,0.0,0.0,0.0,0.0,0.0,0.12,0.08,0.76,0.85,U41159,35
,0.0,0.0,0.0,0.0,0.0,0.0,0.0,0.0,0.18,0.11,0.7,0.85,U4116,18
,0.0,0.0,0.0,0.0,0.0,0.0,0.0,0.0,0.08,0.05,0.72,0.81,U41164,51
,0.0,0.0,0.0,0.0,0.0,0.0,0.0,0.0,0.18,0.09,0.74,0.87,U41217,13
,0.0,0.0,0.0,0.0,0.0,0.0,0.0,0.0,0.18,0.12,0.8,0.85,U41235,50
,0.0,0.0,0.0,0.0,0.0,0.0,0.0,0.0,0.18,0.13,0.68,0.79,U4126,36
,0.0,0.0,0.0,0.0,0.0,0.0,0.0,0.0,0.04,0.02,0.9,0.94,U41261,56
,0.0,0.0,0.0,0.0,0.0,0.0,0.0,0.0,0.06,0.06,0.84,0.9,U41262,18
,0.0,0.0,0.0,0.0,0.0,0.0,0.0,0.0,0.18,0.12,0.84,0.92,U41265,8
0.3383838383838384,0.010309278350515464,0.0,0.0,0.0,0.0,0.0,0.08333333333333333,0.16666666666666666,0.06,0.07,0.68,0.81,U41275,67
,0.0,0.0,0.0,0.0,0.0,0.0,0.0,0.0,0.16,0.13,0.98,0.99,U41278,1
,0.0,0.0,0.0,0.0,0.0,0.0,0.0,0.0,0.14,0.07,0.8,0.89,U41307,11
,0.0,0.0,0.0,0.0,0.0,0.0,0.0,0.0,0.14,0.07,0.9,0.95,U41314,5
,0.0,0.0,0.0,0.0,0.0,0.0,0.0,0.0,0.16,0.08,0.76,0.88,U4132,12
,0.0,0.0,0.0,0.0,0.0,0.0,0.0,0.0,0.24,0.14,0.64,0.82,U41347,25
,0.0,0.0,0.0,0.0,0.0,0.0,0.0,0.0,0.06,0.05,0.82,0.91,U41398,10
,0.0,0.0,0.0,0.0,0.0,0.0,0.0,0.0,0.12,0.13,0.96,0.98,U41407,2
,0.0,0.0,0.0,0.0,0.0,0.0,0.0,0.0,0.2,0.12,0.72,0.84,U41423,16
,0.0,0.0,0.0,0.0,0.0,0.0,0.0,0.0,0.16,0.11,0.76,0.87,U41424,13
,0.0,0.0,0.0,0.0,0.0,0.0,0.0,0.0,0.2,0.12,0.92,0.96,U41428,4
,0.0,0.0,0.0,0.0,0.0,0.0,0.0,0.0,0.14,0.09,0.9,0.95,U41433,5
,0.0,0.0,0.0,0.0,0.0,0.0,0.0,0.0,0.2,0.13,0.68,0.78,U41476,80
,0.0,0.0,0.0,0.0,0.0,0.0,0.0,0.0,0.02,0.01,0.86,0.93,U41497,23
,0.0,0.0,0.0,0.0,0.0,0.0,0.0,0.0,0.14,0.12,0.68,0.77,U415,44
,0.0,0.0,0.0,0.0,0.0,0.0,0.0,0.0,0.14,0.11,0.6,0.78,U41501,25
,0.0,0.0,0.0,0.0,0.0,0.0,0.0,0.0,0.18,0.12,0.56,0.75,U41517,39
,0.0,0.0,0.0,0.0,0.0,0.0,0.0,0.0,0.16,0.1,0.92,0.96,U41519,4
,0.0,0.0,0.0,0.0,0.0,0.0,0.0,0.0,0.18,0.11,0.66,0.8,U41536,31
,0.0,0.0,0.0,0.0,0.0,0.0,0.0,0.0,0.2,0.1,0.8,0.9,U41538,10
,0.0,0.0,0.0,0.0,0.0,0.0,0.0,0.0,0.16,0.08,0.8,0.9,U41605,10
,0.0,0.0,0.0,0.0,0.0,0.0,0.0,0.0,0.22,0.12,0.88,0.91,U41618,44
,0.0,0.0,0.0,0.0,0.0,0.0,0.0,0.0,0.04,0.04,0.96,0.98,U41635,2
,0.0,0.0,0.0,0.0,0.0,0.0,0.0,0.0,0.2,0.11,0.96,0.98,U41637,2
,0.0,0.0,0.0,0.0,0.0,0.0,0.0,0.0,0.24,0.12,0.74,0.87,U41667,13
,0.0,0.0,0.0,0.0,0.0,0.0,0.0,0.0,0.18,0.12,0.7,0.85,U41682,16
,0.0,0.0,0.0,0.0,0.0,0.0,0.0,0.0,0.22,0.12,0.94,0.95,U41710,131
,0.0,0.0,0.0,0.0,0.0,0.0,0.0,0.0,0.04,0.03,0.92,0.95,U41793,94
,0.0,0.0,0.0,0.0,0.0,0.0,0.0,0.0,0.18,0.12,0.68,0.83,U41801,25
0.8743718592964824,0.038461538461538464,0.0,0.0,0.0,0.0,0.25,0.25,0.25,0.04,0.02,0.9,0.94,U41813,54
,0.0,0.0,0.0,0.0,0.0,0.0,0.0,0.0,0.16,0.12,0.62,0.77,U41820,31
,0.0,0.0,0.0,0.0,0.0,0.0,0.0,0.0,0.1,0.05,0.72,0.84,U41827,38
,0.0,0.0,0.0,0.0,0.0,0.0,0.0,0.0,0.18,0.11,0.68,0.8,U41835,33
,0.0,0.0,0.0,0.0,0.0,0.0,0.0,0.0,0.24,0.12,0.72,0.86,U41841,14
,0.0,0.0,0.0,0.0,0.0,0.0,0.0,0.0,0.2,0.12,0.62,0.8,U41874,35
,0.0,0.0,0.0,0.0,0.0,0.0,0.0,0.0,0.18,0.13,0.94,0.97,U41891,3
,0.0,0.0,0.0,0.0,0.0,0.0,0.0,0.0,0.12,0.07,0.88,0.94,U41899,6
,0.0,0.0,0.0,0.0,0.0,0.0,0.0,0.0,0.18,0.11,0.76,0.87,U41941,13
,0.0,0.0,0.0,0.0,0.0,0.0,0.0,0.0,0.1,0.08,0.78,0.88,U41942,13
0.2613065326633166,0.006756756756756757,0.0,0.0,0.0,0.0,0.0,0.0,0.5,0.14,0.07,0.72,0.84,U41966,17
,0.0,0.0,0.0,0.0,0.0,0.0,0.0,0.0,0.14,0.09,0.82,0.91,U41969,9
,0.0,0.0,0.0,0.0,0.0,0.0,0.0,0.0,0.1,0.05,0.8,0.89,U41974,15
,0.0,0.0,0.0,0.0,0.0,0.0,0.0,0.0,0.22,0.13,0.82,0.91,U41989,10
,0.0,0.0,0.0,0.0,0.0,0.0,0.0,0.0,0.22,0.11,0.7,0.84,U42016,18
,0.0,0.0,0.0,0.0,0.0,0.0,0.0,0.0,0.16,0.09,0.76,0.86,U42047,47
,0.0,0.0,0.0,0.0,0.0,0.0,0.0,0.0,0.14,0.09,0.78,0.89,U42088,11
,0.0,0.0,0.0,0.0,0.0,0.0,0.0,0.0,0.14,0.09,0.7,0.85,U42116,15
,0.0,0.0,0.0,0.0,0.0,0.0,0.0,0.0,0.08,0.07,0.82,0.91,U42124,33
,0.0,0.0,0.0,0.0,0.0,0.0,0.0,0.0,0.2,0.12,0.66,0.82,U42143,18
,0.0,0.0,0.0,0.0,0.0,0.0,0.0,0.0,0.16,0.09,0.76,0.78,U42144,35
,0.0,0.0,0.0,0.0,0.0,0.0,0.0,0.0,0.18,0.13,0.94,0.97,U42202,3
,0.0,0.0,0.0,0.0,0.0,0.0,0.0,0.0,0.1,0.05,0.84,0.89,U42217,67
,0.0,0.0,0.0,0.0,0.0,0.0,0.0,0.0,0.16,0.1,0.72,0.78,U4222,56
,0.0,0.0,0.0,0.0,0.0,0.0,0.0,0.0,0.16,0.09,0.7,0.85,U42221,18
,0.0,0.0,0.0,0.0,0.0,0.0,0.0,0.0,0.16,0.1,0.66,0.83,U42235,19
,0.0,0.0,0.0,0.0,0.0,0.0,0.0,0.0,0.06,0.05,0.74,0.81,U42253,37
,0.0,0.0,0.0,0.0,0.0,0.0,0.0,0.0,0.12,0.1,0.8,0.88,U42259,65
,0.0,0.0,0.0,0.0,0.0,0.0,0.0,0.0,0.16,0.1,0.88,0.94,U42260,6
,0.0,0.0,0.0,0.0,0.0,0.0,0.0,0.0,0.14,0.07,0.72,0.84,U42272,19
,0.0,0.0,0.0,0.0,0.0,0.0,0.0,0.0,0.12,0.09,0.94,0.97,U42289,3
,0.0,0.0,0.0,0.0,0.0,0.0,0.0,0.0,0.22,0.13,0.74,0.84,U4234,52
,0.0,0.0,0.0,0.0,0.0,0.0,0.0,0.0,0.12,0.08,0.76,0.88,U42343,12
,0.0,0.0,0.0,0.0,0.0,0.0,0.0,0.0,0.18,0.11,0.84,0.87,U42351,64
,0.0,0.0,0.0,0.0,0.0,0.0,0.0,0.0,0.1,0.09,0.84,0.88,U42361,88
,0.0,0.0,0.0,0.0,0.0,0.0,0.0,0.0,0.14,0.1,0.76,0.88,U42384,13
,0.0,0.0,0.0,0.0,0.0,0.0,0.0,0.0,0.16,0.1,0.9,0.95,U4240,5
,0.0,0.0,0.0,0.0,0.0,0.0,0.0,0.0,0.18,0.11,0.82,0.91,U42411,9
,0.0,0.0,0.0,0.0,0.0,0.0,0.0,0.0,0.16,0.11,0.74,0.87,U42413,89
,0.0,0.0,0.0,0.0,0.0,0.0,0.0,0.0,0.22,0.12,0.76,0.85,U42420,59
,0.0,0.0,0.0,0.0,0.0,0.0,0.0,0.0,0.18,0.11,0.64,0.81,U42421,21
,0.0,0.0,0.0,0.0,0.0,0.0,0.0,0.0,0.18,0.09,0.82,0.91,U42426,9
,0.0,0.0,0.0,0.0,0.0,0.0,0.0,0.0,0.14,0.09,0.84,0.83,U42448,46
,0.0,0.0,0.0,0.0,0.0,0.0,0.0,0.0,0.14,0.07,0.66,0.8,U42511,51
,0.0,0.0,0.0,0.0,0.0,0.0,0.0,0.0,0.18,0.09,0.8,0.86,U4254,54
,0.0,0.0,0.0,0.0,0.0,0.0,0.0,0.0,0.16,0.12,0.8,0.9,U42550,11
,0.0,0.0,0.0,0.0,0.0,0.0,0.0,0.0,0.14,0.1,0.72,0.8,U42563,78
,0.0,0.0,0.0,0.0,0.0,0.0,0.0,0.0,0.18,0.1,0.64,0.81,U42570,20
,0.0,0.0,0.0,0.0,0.0,0.0,0.0,0.0,0.12,0.09,0.74,0.85,U42601,23
,0.0,0.0,0.0,0.0,0.0,0.0,0.0,0.0,0.14,0.12,0.62,0.81,U42607,21
,0.0,0.0,0.0,0.0,0.0,0.0,0.0,0.0,0.26,0.14,0.9,0.95,U42627,5
,0.0,0.0,0.0,0.0,0.0,0.0,0.0,0.0,0.14,0.09,0.96,0.98,U42644,2
,0.0,0.0,0.0,0.0,0.0,0.0,0.0,0.0,0.2,0.1,0.74,0.86,U42668,17
,0.0,0.0,0.0,0.0,0.0,0.0,0.0,0.0,0.18,0.1,0.8,0.89,U4267,16
0.5326633165829145,0.010638297872340425,0.0,0.0,0.0,0.0,0.0,1.0,1.0,0.1,0.07,0.84,0.86,U42685,41
,0.0,0.0,0.0,0.0,0.0,0.0,0.0,0.0,0.2,0.13,0.96,0.98,U42707,2
,0.0,0.0,0.0,0.0,0.0,0.0,0.0,0.0,0.16,0.1,0.68,0.83,U42714,18
,0.0,0.0,0.0,0.0,0.0,0.0,0.0,0.0,0.16,0.1,0.64,0.76,U42732,34
0.542713567839196,0.010869565217391304,0.0,0.0,0.0,0.0,0.0,0.25,0.25,0.2,0.12,0.74,0.86,U42766,15
0.7196969696969697,0.02,0.0,0.0,0.0,0.0,0.14285714285714285,0.2857142857142857,0.2857142857142857,0.18,0.11,0.64,0.79,U42773,25
,0.0,0.0,0.0,0.0,0.0,0.0,0.0,0.0,0.2,0.1,0.72,0.86,U42807,14
,0.0,0.0,0.0,0.0,0.0,0.0,0.0,0.0,0.18,0.09,0.88,0.94,U42811,6
,0.0,0.0,0.0,0.0,0.0,0.0,0.0,0.0,0.18,0.12,0.7,0.85,U42830,18
,0.0,0.0,0.0,0.0,0.0,0.0,0.0,0.0,0.14,0.07,0.76,0.88,U42871,14
,0.0,0.0,0.0,0.0,0.0,0.0,0.0,0.0,0.14,0.08,0.7,0.83,U42873,19
,0.0,0.0,0.0,0.0,0.0,0.0,0.0,0.0,0.06,0.05,0.9,0.93,U42943,158
,0.0,0.0,0.0,0.0,0.0,0.0,0.0,0.0,0.06,0.03,0.76,0.85,U42975,38
,0.0,0.0,0.0,0.0,0.0,0.0,0.0,0.0,0.12,0.08,0.92,0.96,U42983,4
,0.0,0.0,0.0,0.0,0.0,0.0,0.0,0.0,0.22,0.12,0.76,0.84,U43001,65
,0.0,0.0,0.0,0.0,0.0,0.0,0.0,0.0,0.18,0.11,0.74,0.87,U43007,15
,0.0,0.0,0.0,0.0,0.0,0.0,0.0,0.0,0.16,0.14,0.86,0.93,U43033,7
,0.0,0.0,0.0,0.0,0.0,0.0,0.0,0.0,0.16,0.11,0.66,0.81,U43034,28
,0.0,0.0,0.0,0.0,0.0,0.0,0.0,0.0,0.16,0.12,0.82,0.87,U43046,68
,0.0,0.0,0.0,0.0,0.0,0.0,0.0,0.0,0.18,0.11,0.82,0.85,U43097,52
,0.0,0.0,0.0,0.0,0.0,0.0,0.0,0.0,0.16,0.11,0.98,0.99,U43107,1
,0.0,0.0,0.0,0.0,0.0,0.0,0.0,0.0,0.18,0.11,0.8,0.9,U43112,11
,0.0,0.0,0.0,0.0,0.0,0.0,0.0,0.0,0.16,0.08,0.62,0.78,U43122,22
,0.0,0.0,0.0,0.0,0.0,0.0,0.0,0.0,0.16,0.11,0.68,0.84,U43153,16
,0.0,0.0,0.0,0.0,0.0,0.0,0.0,0.0,0.14,0.07,0.7,0.85,U43173,15
,0.0,0.0,0.0,0.0,0.0,0.0,0.0,0.0,0.18,0.11,0.62,0.78,U43177,40
,0.0,0.0,0.0,0.0,0.0,0.0,0.0,0.0,0.1,0.06,0.68,0.82,U43210,23
,0.0,0.0,0.0,0.0,0.0,0.0,0.0,0.0,0.16,0.1,0.74,0.81,U43219,25
,0.0,0.0,0.0,0.0,0.0,0.0,0.0,0.0,0.2,0.13,0.86,0.93,U43229,7
,0.0,0.0,0.0,0.0,0.0,0.0,0.0,0.0,0.1,0.07,0.84,0.86,U43232,56
,0.0,0.0,0.0,0.0,0.0,0.0,0.0,0.0,0.14,0.1,0.76,0.82,U43257,36
,0.0,0.0,0.0,0.0,0.0,0.0,0.0,0.0,0.12,0.08,0.84,0.92,U43261,8
,0.0,0.0,0.0,0.0,0.0,0.0,0.0,0.0,0.16,0.11,0.94,0.97,U43262,3
,0.0,0.0,0.0,0.0,0.0,0.0,0.0,0.0,0.24,0.14,0.82,0.89,U43263,49
,0.0,0.0,0.0,0.0,0.0,0.0,0.0,0.0,0.22,0.12,0.72,0.85,U43269,37
,0.0,0.0,0.0,0.0,0.0,0.0,0.0,0.0,0.08,0.07,0.94,0.97,U43292,3
,0.0,0.0,0.0,0.0,0.0,0.0,0.0,0.0,0.1,0.06,0.76,0.82,U433,44
,0.0,0.0,0.0,0.0,0.0,0.0,0.0,0.0,0.16,0.1,0.72,0.84,U43301,35
,0.0,0.0,0.0,0.0,0.0,0.0,0.0,0.0,0.18,0.13,0.68,0.81,U43306,31
,0.0,0.0,0.0,0.0,0.0,0.0,0.0,0.0,0.22,0.12,0.84,0.92,U43309,8
,0.0,0.0,0.0,0.0,0.0,0.0,0.0,0.0,0.08,0.07,0.8,0.9,U43325,10
,0.0,0.0,0.0,0.0,0.0,0.0,0.0,0.0,0.22,0.12,0.8,0.9,U43326,11
,0.0,0.0,0.0,0.0,0.0,0.0,0.0,0.0,0.2,0.11,0.66,0.78,U43330,34
,0.0,0.0,0.0,0.0,0.0,0.0,0.0,0.0,0.2,0.13,0.88,0.93,U43331,96
,0.0,0.0,0.0,0.0,0.0,0.0,0.0,0.0,0.18,0.12,0.9,0.95,U43332,5
0.6683417085427136,0.014925373134328358,0.0,0.0,0.0,0.0,0.0,0.5,0.5,0.14,0.1,0.76,0.88,U43337,14
,0.0,0.0,0.0,0.0,0.0,0.0,0.0,0.0,0.06,0.04,0.76,0.85,U43350,33
,0.0,0.0,0.0,0.0,0.0,0.0,0.0,0.0,0.04,0.03,0.94,0.97,U43356,116
,0.0,0.0,0.0,0.0,0.0,0.0,0.0,0.0,0.24,0.14,0.82,0.91,U43378,9
,0.0,0.0,0.0,0.0,0.0,0.0,0.0,0.0,0.1,0.08,0.92,0.96,U43382,4
,0.0,0.0,0.0,0.0,0.0,0.0,0.0,0.0,0.08,0.07,0.78,0.89,U43389,14
,0.0,0.0,0.0,0.0,0.0,0.0,0.0,0.0,0.18,0.09,0.88,0.94,U43391,6
,0.0,0.0,0.0,0.0,0.0,0.0,0.0,0.0,0.16,0.13,0.68,0.83,U43396,24
,0.0,0.0,0.0,0.0,0.0,0.0,0.0,0.0,0.24,0.13,0.76,0.86,U4344,14
,0.0,0.0,0.0,0.0,0.0,0.0,0.0,0.0,0.2,0.11,0.94,0.97,U43466,3
,0.0,0.0,0.0,0.0,0.0,0.0,0.0,0.0,0.1,0.06,0.92,0.96,U43479,4
,0.0,0.0,0.0,0.0,0.0,0.0,0.0,0.0,0.14,0.08,0.7,0.81,U43491,19
,0.0,0.0,0.0,0.0,0.0,0.0,0.0,0.0,0.06,0.05,0.74,0.82,U43513,44
,0.0,0.0,0.0,0.0,0.0,0.0,0.0,0.0,0.12,0.09,0.82,0.82,U43522,37
,0.0,0.0,0.0,0.0,0.0,0.0,0.0,0.0,0.22,0.12,0.64,0.81,U4361,27
,0.0,0.0,0.0,0.0,0.0,0.0,0.0,0.0,0.12,0.1,0.88,0.94,U43615,6
,0.0,0.0,0.0,0.0,0.0,0.0,0.0,0.0,0.2,0.13,0.62,0.81,U43621,19
,0.0,0.0,0.0,0.0,0.0,0.0,0.0,0.0,0.16,0.1,0.84,0.92,U43651,8
,0.0,0.0,0.0,0.0,0.0,0.0,0.0,0.0,0.14,0.1,0.86,0.93,U43653,7
0.8693467336683417,0.037037037037037035,0.0,0.0,0.0,0.0,0.3333333333333333,0.3333333333333333,0.3333333333333333,0.14,0.1,0.64,0.79,U43655,29
,0.0,0.0,0.0,0.0,0.0,0.0,0.0,0.0,0.12,0.07,0.72,0.85,U43658,16
,0.0,0.0,0.0,0.0,0.0,0.0,0.0,0.0,0.04,0.02,0.86,0.9,U43659,36
,0.0,0.0,0.0,0.0,0.0,0.0,0.0,0.0,0.22,0.14,0.64,0.8,U43696,31
,0.0,0.0,0.0,0.0,0.0,0.0,0.0,0.0,0.14,0.1,0.76,0.87,U43711,14
,0.0,0.0,0.0,0.0,0.0,0.0,0.0,0.0,0.1,0.07,0.94,0.97,U43728,3
,0.0,0.0,0.0,0.0,0.0,0.0,0.0,0.0,0.14,0.09,0.64,0.79,U43761,31
,0.0,0.0,0.0,0.0,0.0,0.0,0.0,0.0,0.06,0.03,0.8,0.89,U43762,14
,0.0,0.0,0.0,0.0,0.0,0.0,0.0,0.0,0.18,0.09,0.6,0.8,U43781,20
,0.0,0.0,0.0,0.0,0.0,0.0,0.0,0.0,0.12,0.09,0.72,0.83,U43804,18
,0.0,0.0,0.0,0.0,0.0,0.0,0.0,0.0,0.14,0.1,0.88,0.94,U43831,6
,0.0,0.0,0.0,0.0,0.0,0.0,0.0,0.0,0.26,0.13,0.94,0.97,U43892,3
,0.0,0.0,0.0,0.0,0.0,0.0,0.0,0.0,0.02,0.03,0.86,0.84,U43896,42
,0.0,0.0,0.0,0.0,0.0,0.0,0.0,0.0,0.2,0.11,0.88,0.94,U4391,6
,0.0,0.0,0.0,0.0,0.0,0.0,0.0,0.0,0.22,0.15,0.98,0.99,U43923,1
,0.0,0.0,0.0,0.0,0.0,0.0,0.0,0.0,0.1,0.06,0.7,0.8,U43935,43
,0.0,0.0,0.0,0.0,0.0,0.0,0.0,0.0,0.24,0.14,0.58,0.76,U4394,26
,0.0,0.0,0.0,0.0,0.0,0.0,0.0,0.0,0.24,0.13,0.7,0.84,U43946,17
,0.0,0.0,0.0,0.0,0.0,0.0,0.0,0.0,0.2,0.12,0.82,0.91,U43987,9
,0.0,0.0,0.0,0.0,0.0,0.0,0.0,0.0,0.22,0.11,0.8,0.88,U44005,41
,0.0,0.0,0.0,0.0,0.0,0.0,0.0,0.0,0.16,0.08,0.66,0.82,U44018,21
,0.0,0.0,0.0,0.0,0.0,0.0,0.0,0.0,0.12,0.06,0.78,0.89,U44028,11
,0.0,0.0,0.0,0.0,0.0,0.0,0.0,0.0,0.16,0.08,0.78,0.88,U44035,12
,0.0,0.0,0.0,0.0,0.0,0.0,0.0,0.0,0.22,0.12,0.94,0.97,U44048,3
,0.0,0.0,0.0,0.0,0.0,0.0,0.0,0.0,0.08,0.07,0.82,0.9,U44055,11
,0.0,0.0,0.0,0.0,0.0,0.0,0.0,0.0,0.14,0.09,0.82,0.91,U44063,9
,0.0,0.0,0.0,0.0,0.0,0.0,0.0,0.0,0.14,0.08,0.68,0.77,U44073,33
,0.0,0.0,0.0,0.0,0.0,0.0,0.0,0.0,0.18,0.11,0.8,0.9,U44098,10
,0.0,0.0,0.0,0.0,0.0,0.0,0.0,0.0,0.1,0.09,0.74,0.84,U44099,38
,0.0,0.0,0.0,0.0,0.0,0.0,0.0,0.0,0.22,0.12,0.7,0.8,U44110,42
,0.0,0.0,0.0,0.0,0.0,0.0,0.0,0.0,0.22,0.12,0.92,0.95,U44201,136
,0.0,0.0,0.0,0.0,0.0,0.0,0.0,0.0,0.08,0.06,0.98,0.99,U44210,259
,0.0,0.0,0.0,0.0,0.0,0.0,0.0,0.0,0.14,0.09,0.94,0.97,U44220,3
,0.0,0.0,0.0,0.0,0.0,0.0,0.0,0.0,0.14,0.09,0.64,0.79,U44225,27
,0.0,0.0,0.0,0.0,0.0,0.0,0.0,0.0,0.16,0.1,0.8,0.9,U44236,10
,0.0,0.0,0.0,0.0,0.0,0.0,0.0,0.0,0.2,0.1,0.7,0.84,U4424,21
,0.0,0.0,0.0,0.0,0.0,0.0,0.0,0.0,0.2,0.12,0.74,0.86,U44309,16
,0.0,0.0,0.0,0.0,0.0,0.0,0.0,0.0,0.2,0.11,0.64,0.8,U4432,28
,0.0,0.0,0.0,0.0,0.0,0.0,0.0,0.0,0.18,0.1,0.62,0.79,U44325,24
,0.0,0.0,0.0,0.0,0.0,0.0,0.0,0.0,0.2,0.12,0.86,0.93,U44351,7
,0.0,0.0,0.0,0.0,0.0,0.0,0.0,0.0,0.2,0.12,0.72,0.83,U44368,32
,0.0,0.0,0.0,0.0,0.0,0.0,0.0,0.0,0.24,0.13,0.6,0.75,U44371,33
,0.0,0.0,0.0,0.0,0.0,0.0,0.0,0.0,0.24,0.12,0.72,0.83,U44377,45
,0.0,0.0,0.0,0.0,0.0,0.0,0.0,0.0,0.04,0.03,0.88,0.9,U44402,49
,0.0,0.0,0.0,0.0,0.0,0.0,0.0,0.0,0.26,0.13,0.68,0.84,U44410,18
0.9773869346733668,0.16666666666666666,0.0,0.3562071871080222,0.0,1.0,1.0,1.0,1.0,0.2,0.12,0.94,0.97,U44415,3
,0.0,0.0,0.0,0.0,0.0,0.0,0.0,0.0,0.12,0.08,0.84,0.87,U44437,15
,0.0,0.0,0.0,0.0,0.0,0.0,0.0,0.0,0.22,0.12,0.68,0.81,U44438,34
,0.0,0.0,0.0,0.0,0.0,0.0,0.0,0.0,0.2,0.13,0.96,0.98,U44481,2
,0.0,0.0,0.0,0.0,0.0,0.0,0.0,0.0,0.22,0.12,0.74,0.85,U44530,15
,0.0,0.0,0.0,0.0,0.0,0.0,0.0,0.0,0.16,0.1,0.98,0.99,U44552,1
,0.0,0.0,0.0,0.0,0.0,0.0,0.0,0.0,0.12,0.09,0.8,0.86,U44594,83
,0.0,0.0,0.0,0.0,0.0,0.0,0.0,0.0,0.1,0.09,0.94,0.97,U44605,3
,0.0,0.0,0.0,0.0,0.0,0.0,0.0,0.0,0.2,0.11,0.82,0.91,U44616,9
,0.0,0.0,0.0,0.0,0.0,0.0,0.0,0.0,0.16,0.1,0.92,0.95,U44620,57
,0.0,0.0,0.0,0.0,0.0,0.0,0.0,0.0,0.22,0.14,0.68,0.82,U44625,58
,0.0,0.0,0.0,0.0,0.0,0.0,0.0,0.0,0.22,0.13,0.76,0.81,U44641,32
,0.0,0.0,0.0,0.0,0.0,0.0,0.0,0.0,0.22,0.13,0.68,0.81,U44645,26
,0.0,0.0,0.0,0.0,0.0,0.0,0.0,0.0,0.2,0.11,0.68,0.83,U44647,22
,0.0,0.0,0.0,0.0,0.0,0.0,0.0,0.0,0.18,0.1,0.68,0.84,U44700,18
,0.0,0.0,0.0,0.0,0.0,0.0,0.0,0.0,0.08,0.05,0.74,0.84,U44702,19
,0.0,0.0,0.0,0.0,0.0,0.0,0.0,0.0,0.1,0.08,0.66,0.81,U4472,20
,0.0,0.0,0.0,0.0,0.0,0.0,0.0,0.0,0.18,0.1,0.86,0.9,U44784,51
,0.0,0.0,0.0,0.0,0.0,0.0,0.0,0.0,0.22,0.13,0.8,0.88,U44785,81
,0.0,0.0,0.0,0.0,0.0,0.0,0.0,0.0,0.14,0.09,0.8,0.86,U44849,36
,0.0,0.0,0.0,0.0,0.0,0.0,0.0,0.0,0.16,0.1,0.88,0.94,U4485,6
,0.0,0.0,0.0,0.0,0.0,0.0,0.0,0.0,0.16,0.11,0.86,0.93,U44875,7
,0.0,0.0,0.0,0.0,0.0,0.0,0.0,0.0,0.18,0.1,0.74,0.85,U44887,21
,0.0,0.0,0.0,0.0,0.0,0.0,0.0,0.0,0.18,0.13,0.84,0.92,U44895,8
,0.0,0.0,0.0,0.0,0.0,0.0,0.0,0.0,0.2,0.13,0.6,0.79,U44911,27
,0.0,0.0,0.0,0.0,0.0,0.0,0.0,0.0,0.06,0.05,0.8,0.87,U44912,98
,0.0,0.0,0.0,0.0,0.0,0.0,0.0,0.0,0.26,0.14,0.72,0.84,U4496,20
,0.0,0.0,0.0,0.0,0.0,0.0,0.0,0.0,0.12,0.07,0.66,0.83,U44973,18
,0.0,0.0,0.0,0.0,0.0,0.0,0.0,0.0,0.1,0.06,0.74,0.87,U44999,14
,0.0,0.0,0.0,0.0,0.0,0.0,0.0,0.0,0.14,0.09,0.76,0.82,U45001,23
,0.0,0.0,0.0,0.0,0.0,0.0,0.0,0.0,0.2,0.13,0.9,0.9,U4501,88
,0.0,0.0,0.0,0.0,0.0,0.0,0.0,0.0,0.06,0.03,0.96,0.98,U45028,3
,0.0,0.0,0.0,0.0,0.0,0.0,0.0,0.0,0.12,0.1,0.84,0.92,U45073,8
,0.0,0.0,0.0,0.0,0.0,0.0,0.0,0.0,0.22,0.13,0.92,0.96,U45074,4
,0.0,0.0,0.0,0.0,0.0,0.0,0.0,0.0,0.12,0.09,0.84,0.92,U4511,8
,0.0,0.0,0.0,0.0,0.0,0.0,0.0,0.0,0.1,0.08,0.82,0.86,U45132,19
,0.0,0.0,0.0,0.0,0.0,0.0,0.0,0.0,0.18,0.1,0.64,0.79,U45134,40
,0.0,0.0,0.0,0.0,0.0,0.0,0.0,0.0,0.14,0.09,0.68,0.83,U4518,18
,0.0,0.0,0.0,0.0,0.0,0.0,0.0,0.0,0.18,0.11,0.84,0.92,U45184,9
,0.0,0.0,0.0,0.0,0.0,0.0,0.0,0.0,0.14,0.09,0.64,0.81,U45187,33
,0.0,0.0,0.0,0.0,0.0,0.0,0.0,0.0,0.24,0.13,0.76,0.88,U45205,13
,0.0,0.0,0.0,0.0,0.0,0.0,0.0,0.0,0.16,0.13,0.84,0.92,U45213,65
,0.0,0.0,0.0,0.0,0.0,0.0,0.0,0.0,0.04,0.02,0.94,0.95,U45231,69
,0.0,0.0,0.0,0.0,0.0,0.0,0.0,0.0,0.2,0.1,0.88,0.94,U45241,6
,0.0,0.0,0.0,0.0,0.0,0.0,0.0,0.0,0.26,0.13,0.98,0.99,U45242,1
,0.0,0.0,0.0,0.0,0.0,0.0,0.0,0.0,0.06,0.04,0.72,0.82,U45246,42
,0.0,0.0,0.0,0.0,0.0,0.0,0.0,0.0,0.12,0.11,0.84,0.92,U45258,8
,0.0,0.0,0.0,0.0,0.0,0.0,0.0,0.0,0.16,0.12,0.72,0.86,U45268,21
,0.0,0.0,0.0,0.0,0.0,0.0,0.0,0.0,0.18,0.09,0.82,0.86,U45286,42
,0.0,0.0,0.0,0.0,0.0,0.0,0.0,0.0,0.16,0.08,0.86,0.93,U45290,7
,0.0,0.0,0.0,0.0,0.0,0.0,0.0,0.0,0.18,0.11,0.56,0.74,U45291,30
,0.0,0.0,0.0,0.0,0.0,0.0,0.0,0.0,0.04,0.05,0.94,0.97,U45297,3
,0.0,0.0,0.0,0.0,0.0,0.0,0.0,0.0,0.2,0.12,0.78,0.88,U4532,14
,0.0,0.0,0.0,0.0,0.0,0.0,0.0,0.0,0.18,0.11,0.74,0.87,U45322,13
,0.0,0.0,0.0,0.0,0.0,0.0,0.0,0.0,0.16,0.09,0.8,0.9,U45324,10
,0.0,0.0,0.0,0.0,0.0,0.0,0.0,0.0,0.06,0.05,0.92,0.95,U45330,5
,0.0,0.0,0.0,0.0,0.0,0.0,0.0,0.0,0.18,0.1,0.84,0.91,U45338,9
,0.0,0.0,0.0,0.0,0.0,0.0,0.0,0.0,0.16,0.09,0.82,0.91,U45390,9
,0.0,0.0,0.0,0.0,0.0,0.0,0.0,0.0,0.1,0.05,0.88,0.94,U45400,7
,0.0,0.0,0.0,0.0,0.0,0.0,0.0,0.0,0.26,0.14,0.78,0.89,U45407,11
,0.0,0.0,0.0,0.0,0.0,0.0,0.0,0.0,0.1,0.06,0.88,0.93,U45429,8
,0.0,0.0,0.0,0.0,0.0,0.0,0.0,0.0,0.1,0.05,0.84,0.89,U45450,75
,0.0,0.0,0.0,0.0,0.0,0.0,0.0,0.0,0.2,0.12,0.66,0.78,U4546,27
,0.0,0.0,0.0,0.0,0.0,0.0,0.0,0.0,0.2,0.11,0.88,0.93,U45494,76
,0.0,0.0,0.0,0.0,0.0,0.0,0.0,0.0,0.14,0.09,0.72,0.82,U45525,69
,0.0,0.0,0.0,0.0,0.0,0.0,0.0,0.0,0.12,0.07,0.78,0.88,U45527,13
,0.0,0.0,0.0,0.0,0.0,0.0,0.0,0.0,0.22,0.13,0.82,0.88,U45533,64
,0.0,0.0,0.0,0.0,0.0,0.0,0.0,0.0,0.14,0.1,0.78,0.85,U45545,46
,0.0,0.0,0.0,0.0,0.0,0.0,0.0,0.0,0.2,0.12,0.92,0.96,U45595,75
,0.0,0.0,0.0,0.0,0.0,0.0,0.0,0.0,0.08,0.06,0.76,0.88,U45597,13
,0.0,0.0,0.0,0.0,0.0,0.0,0.0,0.0,0.14,0.08,0.72,0.84,U45599,26
,0.0,0.0,0.0,0.0,0.0,0.0,0.0,0.0,0.16,0.12,0.74,0.83,U45608,19
,0.0,0.0,0.0,0.0,0.0,0.0,0.0,0.0,0.08,0.05,0.82,0.87,U4563,18
,0.0,0.0,0.0,0.0,0.0,0.0,0.0,0.0,0.16,0.12,0.92,0.96,U45633,4
0.9045226130653267,0.05,0.0,0.0,0.0,0.0,0.3333333333333333,0.3333333333333333,0.3333333333333333,0.18,0.12,0.72,0.83,U45652,21
,0.0,0.0,0.0,0.0,0.0,0.0,0.0,0.0,0.18,0.12,0.7,0.85,U4566,15
,0.0,0.0,0.0,0.0,0.0,0.0,0.0,0.0,0.22,0.12,0.82,0.86,U45664,51
0.35175879396984927,0.007692307692307693,0.0,0.0,0.0,0.0,0.0,0.0,0.2,0.06,0.05,0.74,0.81,U45668,40
,0.0,0.0,0.0,0.0,0.0,0.0,0.0,0.0,0.08,0.06,0.88,0.89,U4570,81
,0.0,0.0,0.0,0.0,0.0,0.0,0.0,0.0,0.14,0.09,0.74,0.87,U45719,14
,0.0,0.0,0.0,0.0,0.0,0.0,0.0,0.0,0.16,0.1,0.9,0.95,U45730,5
,0.0,0.0,0.0,0.0,0.0,0.0,0.0,0.0,0.2,0.12,0.84,0.92,U45750,8
,0.0,0.0,0.0,0.0,0.0,0.0,0.0,0.0,0.08,0.05,0.72,0.84,U45794,38
,0.0,0.0,0.0,0.0,0.0,0.0,0.0,0.0,0.1,0.06,0.8,0.89,U45798,11
,0.0,0.0,0.0,0.0,0.0,0.0,0.0,0.0,0.2,0.13,0.66,0.78,U45810,50
,0.0,0.0,0.0,0.0,0.0,0.0,0.0,0.0,0.2,0.14,0.98,0.99,U45825,1
,0.0,0.0,0.0,0.0,0.0,0.0,0.0,0.0,0.2,0.12,0.84,0.89,U45853,44
,0.0,0.0,0.0,0.0,0.0,0.0,0.0,0.0,0.16,0.09,0.8,0.9,U45881,10
,0.0,0.0,0.0,0.0,0.0,0.0,0.0,0.0,0.2,0.12,0.74,0.87,U45894,17
,0.0,0.0,0.0,0.0,0.0,0.0,0.0,0.0,0.14,0.12,0.84,0.92,U459,8
0.964824120603015,0.125,0.0,0.31546487678572877,0.0,0.5,0.5,0.5,0.5,0.14,0.1,0.92,0.96,U45915,4
,0.0,0.0,0.0,0.0,0.0,0.0,0.0,0.0,0.06,0.03,0.9,0.89,U45957,63
,0.0,0.0,0.0,0.0,0.0,0.0,0.0,0.0,0.2,0.12,0.78,0.82,U45964,46
,0.0,0.0,0.0,0.0,0.0,0.0,0.0,0.0,0.24,0.13,0.72,0.84,U45969,21
,0.0,0.0,0.0,0.0,0.0,0.0,0.0,0.0,0.16,0.09,0.86,0.93,U45974,7
,0.0,0.0,0.0,0.0,0.0,0.0,0.0,0.0,0.2,0.11,0.76,0.88,U45997,14
,0.0,0.0,0.0,0.0,0.0,0.0,0.0,0.0,0.28,0.14,0.62,0.8,U46,20
,0.0,0.0,0.0,0.0,0.0,0.0,0.0,0.0,0.24,0.13,0.7,0.84,U46002,19
0.22613065326633167,0.0064516129032258064,0.0,0.0,0.0,0.0,0.0,0.0,0.3333333333333333,0.12,0.08,0.72,0.8,U46016,52
,0.0,0.0,0.0,0.0,0.0,0.0,0.0,0.0,0.18,0.11,0.92,0.96,U46027,4
,0.0,0.0,0.0,0.0,0.0,0.0,0.0,0.0,0.18,0.13,0.66,0.77,U46028,47
,0.0,0.0,0.0,0.0,0.0,0.0,0.0,0.0,0.18,0.1,0.76,0.86,U46040,17
,0.0,0.0,0.0,0.0,0.0,0.0,0.0,0.0,0.14,0.09,0.84,0.92,U4606,8
,0.0,0.0,0.0,0.0,0.0,0.0,0.0,0.0,0.16,0.09,0.72,0.86,U46081,19
,0.0,0.0,0.0,0.0,0.0,0.0,0.0,0.0,0.08,0.06,0.8,0.88,U46120,15
0.020100502512562814,0.00510204081632653,0.0,0.0,0.0,0.0,0.0,0.0,0.5,0.06,0.05,0.8,0.82,U46179,21
,0.0,0.0,0.0,0.0,0.0,0.0,0.0,0.0,0.14,0.08,0.7,0.83,U46195,23
,0.0,0.0,0.0,0.0,0.0,0.0,0.0,0.0,0.16,0.1,0.88,0.9,U46199,92
,0.0,0.0,0.0,0.0,0.0,0.0,0.0,0.0,0.16,0.12,0.9,0.92,U4620,104
,0.0,0.0,0.0,0.0,0.0,0.0,0.0,0.0,0.2,0.12,0.84,0.89,U46200,95
,0.0,0.0,0.0,0.0,0.0,0.0,0.0,0.0,0.2,0.11,0.56,0.73,U46220,36
,0.0,0.0,0.0,0.0,0.0,0.0,0.0,0.0,0.14,0.12,0.92,0.96,U46240,4
,0.0,0.0,0.0,0.0,0.0,0.0,0.0,0.0,0.16,0.09,0.96,0.98,U46252,2
,0.0,0.0,0.0,0.0,0.0,0.0,0.0,0.0,0.08,0.06,0.8,0.85,U46271,41
,0.0,0.0,0.0,0.0,0.0,0.0,0.0,0.0,0.04,0.03,0.82,0.9,U46273,39
,0.0,0.0,0.0,0.0,0.0,0.0,0.0,0.0,0.2,0.12,0.88,0.91,U46279,44
,0.0,0.0,0.0,0.0,0.0,0.0,0.0,0.0,0.16,0.08,0.64,0.79,U4629,24
0.7889447236180904,0.023255813953488372,0.0,0.0,0.0,0.0,0.5,0.5,0.5,0.06,0.03,0.8,0.88,U46293,18
,0.0,0.0,0.0,0.0,0.0,0.0,0.0,0.0,0.14,0.09,0.76,0.87,U46313,15
,0.0,0.0,0.0,0.0,0.0,0.0,0.0,0.0,0.1,0.07,0.84,0.85,U46333,70
,0.0,0.0,0.0,0.0,0.0,0.0,0.0,0.0,0.2,0.13,0.68,0.82,U46345,33
,0.0,0.0,0.0,0.0,0.0,0.0,0.0,0.0,0.04,0.02,0.9,0.93,U46367,69
,0.0,0.0,0.0,0.0,0.0,0.0,0.0,0.0,0.14,0.1,0.7,0.81,U46368,22
,0.0,0.0,0.0,0.0,0.0,0.0,0.0,0.0,0.12,0.09,0.8,0.82,U464,48
,0.0,0.0,0.0,0.0,0.0,0.0,0.0,0.0,0.12,0.09,0.7,0.83,U46406,35
,0.0,0.0,0.0,0.0,0.0,0.0,0.0,0.0,0.14,0.08,0.72,0.83,U46407,56
,0.0,0.0,0.0,0.0,0.0,0.0,0.0,0.0,0.12,0.08,0.92,0.96,U46459,4
,0.0,0.0,0.0,0.0,0.0,0.0,0.0,0.0,0.12,0.07,0.88,0.91,U46472,100
,0.0,0.0,0.0,0.0,0.0,0.0,0.0,0.0,0.2,0.11,0.82,0.91,U4650,9
,0.0,0.0,0.0,0.0,0.0,0.0,0.0,0.0,0.2,0.11,0.92,0.96,U46500,4
,0.0,0.0,0.0,0.0,0.0,0.0,0.0,0.0,0.14,0.12,0.94,0.97,U46518,3
,0.0,0.0,0.0,0.0,0.0,0.0,0.0,0.0,0.04,0.04,0.94,0.96,U46524,186
,0.0,0.0,0.0,0.0,0.0,0.0,0.0,0.0,0.18,0.1,0.76,0.83,U46525,19
,0.0,0.0,0.0,0.0,0.0,0.0,0.0,0.0,0.26,0.14,0.62,0.8,U46541,31
,0.0,0.0,0.0,0.0,0.0,0.0,0.0,0.0,0.22,0.11,0.88,0.94,U46548,6
,0.0,0.0,0.0,0.0,0.0,0.0,0.0,0.0,0.16,0.09,0.72,0.85,U46550,15
,0.0,0.0,0.0,0.0,0.0,0.0,0.0,0.0,0.2,0.12,0.92,0.96,U46557,4
,0.0,0.0,0.0,0.0,0.0,0.0,0.0,0.0,0.14,0.08,0.72,0.86,U46589,14
,0.0,0.0,0.0,0.0,0.0,0.0,0.0,0.0,0.18,0.1,0.88,0.94,U46642,6
0.542713567839196,0.010869565217391304,0.0,0.0,0.0,0.0,0.0,1.0,1.0,0.04,0.03,0.8,0.87,U46644,37
,0.0,0.0,0.0,0.0,0.0,0.0,0.0,0.0,0.16,0.1,0.9,0.93,U46645,129
,0.0,0.0,0.0,0.0,0.0,0.0,0.0,0.0,0.18,0.11,0.62,0.8,U4665,27
,0.0,0.0,0.0,0.0,0.0,0.0,0.0,0.0,0.06,0.05,0.96,0.98,U46652,2
,0.0,0.0,0.0,0.0,0.0,0.0,0.0,0.0,0.2,0.13,0.66,0.83,U46653,22
,0.0,0.0,0.0,0.0,0.0,0.0,0.0,0.0,0.18,0.11,0.72,0.81,U46656,46
,0.0,0.0,0.0,0.0,0.0,0.0,0.0,0.0,0.22,0.12,0.66,0.79,U46665,25
,0.0,0.0,0.0,0.0,0.0,0.0,0.0,0.0,0.14,0.11,0.9,0.95,U46667,5
,0.0,0.0,0.0,0.0,0.0,0.0,0.0,0.0,0.06,0.09,0.84,0.86,U46703,126
,0.0,0.0,0.0,0.0,0.0,0.0,0.0,0.0,0.22,0.12,0.94,0.94,U46707,169
,0.0,0.0,0.0,0.0,0.0,0.0,0.0,0.0,0.18,0.11,0.64,0.76,U46729,30
,0.0,0.0,0.0,0.0,0.0,0.0,0.0,0.0,0.16,0.1,0.66,0.82,U46733,25
,0.0,0.0,0.0,0.0,0.0,0.0,0.0,0.0,0.08,0.08,0.8,0.88,U46735,63
,0.0,0.0,0.0,0.0,0.0,0.0,0.0,0.0,0.18,0.1,0.66,0.79,U46741,24
,0.0,0.0,0.0,0.0,0.0,0.0,0.0,0.0,0.1,0.08,0.64,0.78,U46745,33
,0.0,0.0,0.0,0.0,0.0,0.0,0.0,0.0,0.2,0.14,0.86,0.91,U46747,56
,0.0,0.0,0.0,0.0,0.0,0.0,0.0,0.0,0.18,0.12,0.98,0.95,U46763,121
0.3015075376884422,0.007142857142857143,0.0,0.0,0.0,0.0,0.0,0.0,1.0,0.2,0.1,0.8,0.9,U46764,11
,0.0,0.0,0.0,0.0,0.0,0.0,0.0,0.0,0.2,0.12,0.72,0.85,U46778,43
,0.0,0.0,0.0,0.0,0.0,0.0,0.0,0.0,0.08,0.04,0.78,0.87,U46798,47
,0.0,0.0,0.0,0.0,0.0,0.0,0.0,0.0,0.22,0.12,0.84,0.9,U46833,11
,0.0,0.0,0.0,0.0,0.0,0.0,0.0,0.0,0.22,0.13,0.66,0.82,U46870,24
,0.0,0.0,0.0,0.0,0.0,0.0,0.0,0.0,0.1,0.06,0.68,0.82,U46885,26
,0.0,0.0,0.0,0.0,0.0,0.0,0.0,0.0,0.18,0.09,0.7,0.76,U46919,55
,0.0,0.0,0.0,0.0,0.0,0.0,0.0,0.0,0.16,0.09,0.88,0.94,U46922,36
,0.0,0.0,0.0,0.0,0.0,0.0,0.0,0.0,0.2,0.12,0.82,0.91,U46935,9
,0.0,0.0,0.0,0.0,0.0,0.0,0.0,0.0,0.2,0.11,0.82,0.91,U4694,9
,0.0,0.0,0.0,0.0,0.0,0.0,0.0,0.0,0.12,0.11,0.6,0.76,U46989,30
,0.0,0.0,0.0,0.0,0.0,0.0,0.0,0.0,0.16,0.11,0.88,0.94,U47006,6
,0.0,0.0,0.0,0.0,0.0,0.0,0.0,0.0,0.16,0.1,0.96,0.98,U47007,2
,0.0,0.0,0.0,0.0,0.0,0.0,0.0,0.0,0.22,0.13,0.6,0.76,U47041,31
,0.0,0.0,0.0,0.0,0.0,0.0,0.0,0.0,0.04,0.05,0.88,0.9,U47073,101
,0.0,0.0,0.0,0.0,0.0,0.0,0.0,0.0,0.22,0.13,0.64,0.8,U4714,20
,0.0,0.0,0.0,0.0,0.0,0.0,0.0,0.0,0.16,0.12,0.94,0.97,U47155,3
,0.0,0.0,0.0,0.0,0.0,0.0,0.0,0.0,0.2,0.12,0.6,0.79,U47158,27
,0.0,0.0,0.0,0.0,0.0,0.0,0.0,0.0,0.12,0.08,0.9,0.93,U47164,99
,0.0,0.0,0.0,0.0,0.0,0.0,0.0,0.0,0.2,0.13,0.68,0.79,U47168,28
,0.0,0.0,0.0,0.0,0.0,0.0,0.0,0.0,0.2,0.12,0.64,0.76,U47169,46
,0.0,0.0,0.0,0.0,0.0,0.0,0.0,0.0,0.12,0.09,0.88,0.94,U47177,6
,0.0,0.0,0.0,0.0,0.0,0.0,0.0,0.0,0.18,0.11,0.7,0.84,U47186,18
,0.0,0.0,0.0,0.0,0.0,0.0,0.0,0.0,0.2,0.13,0.82,0.88,U47192,75
,0.0,0.0,0.0,0.0,0.0,0.0,0.0,0.0,0.24,0.13,0.54,0.76,U47193,32
,0.0,0.0,0.0,0.0,0.0,0.0,0.0,0.0,0.16,0.1,0.76,0.86,U47201,67
,0.0,0.0,0.0,0.0,0.0,0.0,0.0,0.0,0.24,0.14,0.84,0.92,U47216,8
,0.0,0.0,0.0,0.0,0.0,0.0,0.0,0.0,0.18,0.11,0.68,0.78,U47226,42
,0.0,0.0,0.0,0.0,0.0,0.0,0.0,0.0,0.12,0.09,0.74,0.86,U47287,17
,0.0,0.0,0.0,0.0,0.0,0.0,0.0,0.0,0.18,0.13,0.78,0.87,U47290,16
,0.0,0.0,0.0,0.0,0.0,0.0,0.0,0.0,0.22,0.12,0.66,0.8,U47311,29
,0.0,0.0,0.0,0.0,0.0,0.0,0.0,0.0,0.14,0.09,0.76,0.88,U47319,12
,0.0,0.0,0.0,0.0,0.0,0.0,0.0,0.0,0.16,0.11,0.6,0.79,U47334,22
,0.0,0.0,0.0,0.0,0.0,0.0,0.0,0.0,0.16,0.1,0.68,0.82,U47360,33
,0.0,0.0,0.0,0.0,0.0,0.0,0.0,0.0,0.24,0.12,0.68,0.84,U47366,19
,0.0,0.0,0.0,0.0,0.0,0.0,0.0,0.0,0.16,0.1,0.94,0.97,U47368,3
,0.0,0.0,0.0,0.0,0.0,0.0,0.0,0.0,0.08,0.05,0.78,0.89,U47388,11
,0.0,0.0,0.0,0.0,0.0,0.0,0.0,0.0,0.22,0.11,0.76,0.85,U47401,55
,0.0,0.0,0.0,0.0,0.0,0.0,0.0,0.0,0.2,0.11,0.76,0.88,U47410,12
,0.0,0.0,0.0,0.0,0.0,0.0,0.0,0.0,0.06,0.04,0.86,0.93,U47412,7
,0.0,0.0,0.0,0.0,0.0,0.0,0.0,0.0,0.08,0.06,0.86,0.93,U47421,7
,0.0,0.0,0.0,0.0,0.0,0.0,0.0,0.0,0.14,0.1,0.84,0.92,U47441,9
,0.0,0.0,0.0,0.0,0.0,0.0,0.0,0.0,0.22,0.13,0.86,0.93,U47463,8
,0.0,0.0,0.0,0.0,0.0,0.0,0.0,0.0,0.18,0.12,0.64,0.81,U47464,21
,0.0,0.0,0.0,0.0,0.0,0.0,0.0,0.0,0.06,0.03,0.84,0.88,U47473,36
,0.0,0.0,0.0,0.0,0.0,0.0,0.0,0.0,0.18,0.09,0.74,0.87,U47477,13
,0.0,0.0,0.0,0.0,0.0,0.0,0.0,0.0,0.18,0.13,0.7,0.82,U47482,20
,0.0,0.0,0.0,0.0,0.0,0.0,0.0,0.0,0.2,0.13,0.78,0.84,U47507,26
,0.0,0.0,0.0,0.0,0.0,0.0,0.0,0.0,0.2,0.12,0.74,0.87,U47533,13
,0.0,0.0,0.0,0.0,0.0,0.0,0.0,0.0,0.14,0.09,0.94,0.97,U47537,3
,0.0,0.0,0.0,0.0,0.0,0.0,0.0,0.0,0.2,0.11,0.54,0.75,U47545,30
,0.0,0.0,0.0,0.0,0.0,0.0,0.0,0.0,0.16,0.11,0.82,0.91,U47558,9
,0.0,0.0,0.0,0.0,0.0,0.0,0.0,0.0,0.16,0.09,0.94,0.97,U47559,3
,0.0,0.0,0.0,0.0,0.0,0.0,0.0,0.0,0.1,0.05,0.82,0.89,U47560,48
,0.0,0.0,0.0,0.0,0.0,0.0,0.0,0.0,0.22,0.13,0.96,0.94,U47569,67
,0.0,0.0,0.0,0.0,0.0,0.0,0.0,0.0,0.14,0.1,0.74,0.83,U4757,29
,0.0,0.0,0.0,0.0,0.0,0.0,0.0,0.0,0.12,0.06,0.84,0.92,U47573,8
,0.0,0.0,0.0,0.0,0.0,0.0,0.0,0.0,0.12,0.08,0.84,0.92,U47613,8
,0.0,0.0,0.0,0.0,0.0,0.0,0.0,0.0,0.14,0.12,0.96,0.98,U47631,2
,0.0,0.0,0.0,0.0,0.0,0.0,0.0,0.0,0.12,0.07,0.66,0.78,U47673,36
,0.0,0.0,0.0,0.0,0.0,0.0,0.0,0.0,0.04,0.03,0.82,0.87,U47682,30
,0.0,0.0,0.0,0.0,0.0,0.0,0.0,0.0,0.18,0.1,0.98,0.99,U47723,1
,0.0,0.0,0.0,0.0,0.0,0.0,0.0,0.0,0.2,0.11,0.66,0.81,U47726,27
,0.0,0.0,0.0,0.0,0.0,0.0,0.0,0.0,0.14,0.12,0.68,0.8,U4774,38
,0.0,0.0,0.0,0.0,0.0,0.0,0.0,0.0,0.18,0.11,0.56,0.77,U47769,32
,0.0,0.0,0.0,0.0,0.0,0.0,0.0,0.0,0.1,0.07,0.9,0.95,U4780,5
0.8844221105527639,0.041666666666666664,0.0,0.0,0.0,0.0,0.3333333333333333,0.3333333333333333,0.3333333333333333,0.08,0.06,0.88,0.92,U47807,10
,0.0,0.0,0.0,0.0,0.0,0.0,0.0,0.0,0.1,0.07,0.94,0.97,U47816,3
,0.0,0.0,0.0,0.0,0.0,0.0,0.0,0.0,0.12,0.1,0.8,0.88,U47840,13
,0.0,0.0,0.0,0.0,0.0,0.0,0.0,0.0,0.24,0.13,0.7,0.85,U47845,15
,0.0,0.0,0.0,0.0,0.0,0.0,0.0,0.0,0.24,0.13,0.74,0.86,U47856,14
,0.0,0.0,0.0,0.0,0.0,0.0,0.0,0.0,0.1,0.05,0.88,0.94,U4786,6
,0.0,0.0,0.0,0.0,0.0,0.0,0.0,0.0,0.22,0.12,0.82,0.85,U47895,71
,0.0,0.0,0.0,0.0,0.0,0.0,0.0,0.0,0.08,0.05,0.84,0.92,U47902,8
,0.0,0.0,0.0,0.0,0.0,0.0,0.0,0.0,0.08,0.07,0.94,0.97,U4792,3
,0.0,0.0,0.0,0.0,0.0,0.0,0.0,0.0,0.16,0.11,0.66,0.81,U4798,20
,0.0,0.0,0.0,0.0,0.0,0.0,0.0,0.0,0.12,0.08,0.74,0.83,U47990,37
,0.0,0.0,0.0,0.0,0.0,0.0,0.0,0.0,0.18,0.13,0.92,0.96,U47999,4
,0.0,0.0,0.0,0.0,0.0,0.0,0.0,0.0,0.14,0.09,0.92,0.95,U48,5
,0.0,0.0,0.0,0.0,0.0,0.0,0.0,0.0,0.16,0.11,0.94,0.97,U48014,3
,0.0,0.0,0.0,0.0,0.0,0.0,0.0,0.0,0.16,0.11,0.7,0.81,U48045,32
,0.0,0.0,0.0,0.0,0.0,0.0,0.0,0.0,0.22,0.13,0.86,0.9,U48047,53
,0.0,0.0,0.0,0.0,0.0,0.0,0.0,0.0,0.14,0.12,0.82,0.91,U48049,10
,0.0,0.0,0.0,0.0,0.0,0.0,0.0,0.0,0.28,0.14,0.8,0.9,U48063,10
,0.0,0.0,0.0,0.0,0.0,0.0,0.0,0.0,0.04,0.03,0.9,0.94,U48064,7
,0.0,0.0,0.0,0.0,0.0,0.0,0.0,0.0,0.18,0.11,0.6,0.77,U4808,35
,0.0,0.0,0.0,0.0,0.0,0.0,0.0,0.0,0.18,0.11,0.84,0.92,U48080,8
,0.0,0.0,0.0,0.0,0.0,0.0,0.0,0.0,0.1,0.06,0.66,0.82,U48083,21
,0.0,0.0,0.0,0.0,0.0,0.0,0.0,0.0,0.12,0.11,0.88,0.9,U48099,10
,0.0,0.0,0.0,0.0,0.0,0.0,0.0,0.0,0.22,0.14,0.7,0.82,U48106,18
,0.0,0.0,0.0,0.0,0.0,0.0,0.0,0.0,0.1,0.08,0.82,0.91,U48107,9
,0.0,0.0,0.0,0.0,0.0,0.0,0.0,0.0,0.22,0.12,0.78,0.86,U48126,36
,0.0,0.0,0.0,0.0,0.0,0.0,0.0,0.0,0.24,0.13,0.7,0.79,U48138,45
,0.0,0.0,0.0,0.0,0.0,0.0,0.0,0.0,0.14,0.12,0.86,0.93,U48141,7
,0.0,0.0,0.0,0.0,0.0,0.0,0.0,0.0,0.12,0.06,0.72,0.85,U4815,19
,0.0,0.0,0.0,0.0,0.0,0.0,0.0,0.0,0.1,0.08,0.7,0.85,U48152,15
,0.0,0.0,0.0,0.0,0.0,0.0,0.0,0.0,0.22,0.13,0.62,0.8,U48164,28
,0.0,0.0,0.0,0.0,0.0,0.0,0.0,0.0,0.12,0.08,0.88,0.94,U48167,6
,0.0,0.0,0.0,0.0,0.0,0.0,0.0,0.0,0.22,0.12,0.66,0.79,U48182,30
,0.0,0.0,0.0,0.0,0.0,0.0,0.0,0.0,0.08,0.08,0.56,0.76,U48191,43
,0.0,0.0,0.0,0.0,0.0,0.0,0.0,0.0,0.18,0.1,0.86,0.92,U48194,58
,0.0,0.0,0.0,0.0,0.0,0.0,0.0,0.0,0.22,0.13,0.78,0.89,U482,11
,0.0,0.0,0.0,0.0,0.0,0.0,0.0,0.0,0.22,0.12,0.72,0.86,U48206,17
,0.0,0.0,0.0,0.0,0.0,0.0,0.0,0.0,0.18,0.1,0.66,0.81,U48213,55
,0.0,0.0,0.0,0.0,0.0,0.0,0.0,0.0,0.22,0.14,0.8,0.9,U48225,10
,0.0,0.0,0.0,0.0,0.0,0.0,0.0,0.0,0.24,0.12,0.7,0.82,U48228,42
,0.0,0.0,0.0,0.0,0.0,0.0,0.0,0.0,0.12,0.1,0.74,0.87,U48238,13
,0.0,0.0,0.0,0.0,0.0,0.0,0.0,0.0,0.12,0.08,0.92,0.96,U48280,5
,0.0,0.0,0.0,0.0,0.0,0.0,0.0,0.0,0.22,0.13,0.92,0.94,U48288,98
,0.0,0.0,0.0,0.0,0.0,0.0,0.0,0.0,0.16,0.11,0.84,0.9,U48290,80
,0.0,0.0,0.0,0.0,0.0,0.0,0.0,0.0,0.1,0.08,0.88,0.89,U48308,107
,0.0,0.0,0.0,0.0,0.0,0.0,0.0,0.0,0.14,0.12,0.86,0.93,U48344,7
,0.0,0.0,0.0,0.0,0.0,0.0,0.0,0.0,0.14,0.1,0.72,0.85,U48345,16
,0.0,0.0,0.0,0.0,0.0,0.0,0.0,0.0,0.22,0.12,0.8,0.89,U48356,11
,0.0,0.0,0.0,0.0,0.0,0.0,0.0,0.0,0.18,0.11,0.64,0.8,U48394,44
,0.0,0.0,0.0,0.0,0.0,0.0,0.0,0.0,0.14,0.07,0.72,0.86,U48395,18
,0.0,0.0,0.0,0.0,0.0,0.0,0.0,0.0,0.12,0.09,0.68,0.82,U48399,67
,0.0,0.0,0.0,0.0,0.0,0.0,0.0,0.0,0.22,0.13,0.88,0.94,U48401,6
,0.0,0.0,0.0,0.0,0.0,0.0,0.0,0.0,0.12,0.06,0.68,0.82,U48412,36
,0.0,0.0,0.0,0.0,0.0,0.0,0.0,0.0,0.22,0.13,0.82,0.91,U48422,9
,0.0,0.0,0.0,0.0,0.0,0.0,0.0,0.0,0.2,0.11,0.78,0.88,U48444,15
,0.0,0.0,0.0,0.0,0.0,0.0,0.0,0.0,0.24,0.13,0.62,0.79,U48447,21
,0.0,0.0,0.0,0.0,0.0,0.0,0.0,0.0,0.2,0.1,0.66,0.81,U48450,27
,0.0,0.0,0.0,0.0,0.0,0.0,0.0,0.0,0.2,0.11,0.68,0.8,U48494,23
,0.0,0.0,0.0,0.0,0.0,0.0,0.0,0.0,0.04,0.04,0.84,0.89,U48514,27
,0.0,0.0,0.0,0.0,0.0,0.0,0.0,0.0,0.22,0.11,0.7,0.83,U48522,19
,0.0,0.0,0.0,0.0,0.0,0.0,0.0,0.0,0.06,0.06,0.8,0.82,U48533,32
,0.0,0.0,0.0,0.0,0.0,0.0,0.0,0.0,0.08,0.05,0.82,0.88,U48545,68
,0.0,0.0,0.0,0.0,0.0,0.0,0.0,0.0,0.16,0.1,0.82,0.9,U48586,11
,0.0,0.0,0.0,0.0,0.0,0.0,0.0,0.0,0.24,0.12,0.7,0.85,U48606,16
,0.0,0.0,0.0,0.0,0.0,0.0,0.0,0.0,0.22,0.12,0.7,0.8,U48607,36
,0.0,0.0,0.0,0.0,0.0,0.0,0.0,0.0,0.2,0.11,0.7,0.84,U48626,22
,0.0,0.0,0.0,0.0,0.0,0.0,0.0,0.0,0.1,0.06,0.78,0.88,U48627,12
,0.0,0.0,0.0,0.0,0.0,0.0,0.0,0.0,0.08,0.07,0.84,0.9,U4863,76
,0.0,0.0,0.0,0.0,0.0,0.0,0.0,0.0,0.16,0.1,0.92,0.96,U48631,4
,0.0,0.0,0.0,0.0,0.0,0.0,0.0,0.0,0.08,0.05,0.88,0.92,U48643,35
,0.0,0.0,0.0,0.0,0.0,0.0,0.0,0.0,0.18,0.11,0.92,0.96,U48683,5
,0.0,0.0,0.0,0.0,0.0,0.0,0.0,0.0,0.24,0.14,0.96,0.98,U48700,2
,0.0,0.0,0.0,0.0,0.0,0.0,0.0,0.0,0.12,0.08,0.78,0.84,U48718,19
,0.0,0.0,0.0,0.0,0.0,0.0,0.0,0.0,0.18,0.11,0.8,0.85,U48727,38
,0.0,0.0,0.0,0.0,0.0,0.0,0.0,0.0,0.22,0.13,0.6,0.76,U48746,27
,0.0,0.0,0.0,0.0,0.0,0.0,0.0,0.0,0.14,0.09,0.8,0.86,U48747,14
,0.0,0.0,0.0,0.0,0.0,0.0,0.0,0.0,0.18,0.1,0.86,0.87,U48790,75
,0.0,0.0,0.0,0.0,0.0,0.0,0.0,0.0,0.2,0.12,0.86,0.86,U4880,60
,0.0,0.0,0.0,0.0,0.0,0.0,0.0,0.0,0.22,0.13,0.7,0.81,U48817,30
,0.0,0.0,0.0,0.0,0.0,0.0,0.0,0.0,0.2,0.12,0.6,0.78,U48830,24
,0.0,0.0,0.0,0.0,0.0,0.0,0.0,0.0,0.22,0.12,0.78,0.89,U48853,11
,0.0,0.0,0.0,0.0,0.0,0.0,0.0,0.0,0.18,0.11,0.88,0.93,U48880,104
,0.0,0.0,0.0,0.0,0.0,0.0,0.0,0.0,0.22,0.13,0.9,0.93,U48882,91
,0.0,0.0,0.0,0.0,0.0,0.0,0.0,0.0,0.16,0.09,0.82,0.89,U48894,11
,0.0,0.0,0.0,0.0,0.0,0.0,0.0,0.0,0.06,0.08,0.94,0.97,U48933,3
,0.0,0.0,0.0,0.0,0.0,0.0,0.0,0.0,0.16,0.11,0.72,0.84,U4897,16
,0.0,0.0,0.0,0.0,0.0,0.0,0.0,0.0,0.12,0.11,0.96,0.98,U48972,2
,0.0,0.0,0.0,0.0,0.0,0.0,0.0,0.0,0.04,0.02,0.84,0.92,U49010,8
,0.0,0.0,0.0,0.0,0.0,0.0,0.0,0.0,0.2,0.11,0.64,0.76,U49011,40
,0.0,0.0,0.0,0.0,0.0,0.0,0.0,0.0,0.2,0.12,0.82,0.91,U49018,9
0.9045226130653267,0.05,0.0,0.0,0.0,0.0,0.25,0.25,0.25,0.12,0.07,0.78,0.83,U49032,36
,0.0,0.0,0.0,0.0,0.0,0.0,0.0,0.0,0.18,0.09,0.6,0.78,U49050,28
,0.0,0.0,0.0,0.0,0.0,0.0,0.0,0.0,0.24,0.14,0.96,0.98,U49070,2
,0.0,0.0,0.0,0.0,0.0,0.0,0.0,0.0,0.24,0.13,1.0,1.0,U49080,159
,0.0,0.0,0.0,0.0,0.0,0.0,0.0,0.0,0.18,0.09,0.82,0.91,U49087,9
,0.0,0.0,0.0,0.0,0.0,0.0,0.0,0.0,0.18,0.12,0.84,0.92,U49097,8
,0.0,0.0,0.0,0.0,0.0,0.0,0.0,0.0,0.12,0.07,0.72,0.86,U49106,27
,0.0,0.0,0.0,0.0,0.0,0.0,0.0,0.0,0.18,0.1,0.72,0.82,U49112,32
,0.0,0.0,0.0,0.0,0.0,0.0,0.0,0.0,0.2,0.11,0.66,0.8,U49116,22
,0.0,0.0,0.0,0.0,0.0,0.0,0.0,0.0,0.14,0.09,0.92,0.96,U49118,4
,0.0,0.0,0.0,0.0,0.0,0.0,0.0,0.0,0.14,0.08,0.88,0.94,U49150,7
,0.0,0.0,0.0,0.0,0.0,0.0,0.0,0.0,0.16,0.11,0.6,0.78,U49157,28
,0.0,0.0,0.0,0.0,0.0,0.0,0.0,0.0,0.18,0.1,0.88,0.94,U49162,6
,0.0,0.0,0.0,0.0,0.0,0.0,0.0,0.0,0.12,0.08,0.82,0.84,U49191,63
,0.0,0.0,0.0,0.0,0.0,0.0,0.0,0.0,0.06,0.03,0.9,0.95,U49211,5
,0.0,0.0,0.0,0.0,0.0,0.0,0.0,0.0,0.2,0.13,0.58,0.74,U4923,44
,0.0,0.0,0.0,0.0,0.0,0.0,0.0,0.0,0.14,0.1,0.92,0.93,U49232,81
,0.0,0.0,0.0,0.0,0.0,0.0,0.0,0.0,0.2,0.11,0.68,0.77,U4924,59
,0.0,0.0,0.0,0.0,0.0,0.0,0.0,0.0,0.18,0.1,0.8,0.84,U49267,74
,0.0,0.0,0.0,0.0,0.0,0.0,0.0,0.0,0.16,0.08,0.68,0.84,U4927,28
,0.0,0.0,0.0,0.0,0.0,0.0,0.0,0.0,0.12,0.06,0.88,0.94,U49282,6
,0.0,0.0,0.0,0.0,0.0,0.0,0.0,0.0,0.16,0.11,0.92,0.96,U49284,4
,0.0,0.0,0.0,0.0,0.0,0.0,0.0,0.0,0.02,0.03,0.88,0.92,U4929,113
,0.0,0.0,0.0,0.0,0.0,0.0,0.0,0.0,0.1,0.06,0.84,0.92,U49296,8
,0.0,0.0,0.0,0.0,0.0,0.0,0.0,0.0,0.2,0.11,0.78,0.89,U49305,11
,0.0,0.0,0.0,0.0,0.0,0.0,0.0,0.0,0.14,0.12,0.7,0.75,U49323,38
,0.0,0.0,0.0,0.0,0.0,0.0,0.0,0.0,0.2,0.1,0.62,0.78,U49330,25
,0.0,0.0,0.0,0.0,0.0,0.0,0.0,0.0,0.2,0.13,0.6,0.79,U49335,27
,0.0,0.0,0.0,0.0,0.0,0.0,0.0,0.0,0.1,0.07,0.8,0.85,U4934,35
,0.0,0.0,0.0,0.0,0.0,0.0,0.0,0.0,0.16,0.09,0.64,0.76,U4935,33
,0.0,0.0,0.0,0.0,0.0,0.0,0.0,0.0,0.1,0.09,0.72,0.86,U49357,16
,0.0,0.0,0.0,0.0,0.0,0.0,0.0,0.0,0.12,0.1,0.6,0.79,U4936,37
,0.0,0.0,0.0,0.0,0.0,0.0,0.0,0.0,0.14,0.1,0.9,0.95,U49364,5
,0.0,0.0,0.0,0.0,0.0,0.0,0.0,0.0,0.1,0.09,0.76,0.88,U49369,12
,0.0,0.0,0.0,0.0,0.0,0.0,0.0,0.0,0.24,0.12,0.84,0.92,U4937,8
,0.0,0.0,0.0,0.0,0.0,0.0,0.0,0.0,0.18,0.1,0.64,0.8,U49371,23
,0.0,0.0,0.0,0.0,0.0,0.0,0.0,0.0,0.18,0.11,0.7,0.82,U49379,25
,0.0,0.0,0.0,0.0,0.0,0.0,0.0,0.0,0.18,0.1,0.84,0.92,U49404,8
,0.0,0.0,0.0,0.0,0.0,0.0,0.0,0.0,0.08,0.05,0.94,0.97,U49422,3
,0.0,0.0,0.0,0.0,0.0,0.0,0.0,0.0,0.14,0.08,0.96,0.98,U49435,2
,0.0,0.0,0.0,0.0,0.0,0.0,0.0,0.0,0.22,0.13,0.68,0.81,U49437,42
,0.0,0.0,0.0,0.0,0.0,0.0,0.0,0.0,0.08,0.06,0.72,0.83,U49449,17
,0.0,0.0,0.0,0.0,0.0,0.0,0.0,0.0,0.16,0.08,0.82,0.91,U49479,9
,0.0,0.0,0.0,0.0,0.0,0.0,0.0,0.0,0.1,0.08,0.78,0.82,U49480,62
,0.0,0.0,0.0,0.0,0.0,0.0,0.0,0.0,0.18,0.11,0.76,0.88,U49504,15
,0.0,0.0,0.0,0.0,0.0,0.0,0.0,0.0,0.18,0.11,0.72,0.84,U49507,17
0.1658291457286432,0.005988023952095809,0.0,0.0,0.0,0.0,0.0,0.0,0.5,0.16,0.09,0.88,0.94,U49521,6
,0.0,0.0,0.0,0.0,0.0,0.0,0.0,0.0,0.18,0.09,0.94,0.97,U49537,3
,0.0,0.0,0.0,0.0,0.0,0.0,0.0,0.0,0.14,0.08,0.82,0.91,U49543,9
,0.0,0.0,0.0,0.0,0.0,0.0,0.0,0.0,0.12,0.07,0.9,0.95,U49587,5
,0.0,0.0,0.0,0.0,0.0,0.0,0.0,0.0,0.12,0.08,0.88,0.94,U49608,6
,0.0,0.0,0.0,0.0,0.0,0.0,0.0,0.0,0.18,0.13,0.72,0.83,U49618,27
,0.0,0.0,0.0,0.0,0.0,0.0,0.0,0.0,0.18,0.09,0.9,0.94,U49627,103
,0.0,0.0,0.0,0.0,0.0,0.0,0.0,0.0,0.2,0.1,0.68,0.78,U49641,45
,0.0,0.0,0.0,0.0,0.0,0.0,0.0,0.0,0.14,0.1,0.86,0.93,U49658,7
,0.0,0.0,0.0,0.0,0.0,0.0,0.0,0.0,0.22,0.12,0.8,0.9,U49663,10
,0.0,0.0,0.0,0.0,0.0,0.0,0.0,0.0,0.14,0.08,0.98,0.96,U49667,201
,0.0,0.0,0.0,0.0,0.0,0.0,0.0,0.0,0.2,0.1,0.86,0.93,U49682,7
,0.0,0.0,0.0,0.0,0.0,0.0,0.0,0.0,0.14,0.1,0.78,0.89,U49686,11
,0.0,0.0,0.0,0.0,0.0,0.0,0.0,0.0,0.14,0.09,0.8,0.88,U49700,14
,0.0,0.0,0.0,0.0,0.0,0.0,0.0,0.0,0.16,0.08,0.74,0.85,U49710,19
,0.0,0.0,0.0,0.0,0.0,0.0,0.0,0.0,0.12,0.06,0.72,0.85,U49719,17
,0.0,0.0,0.0,0.0,0.0,0.0,0.0,0.0,0.26,0.14,0.76,0.88,U49724,12
,0.0,0.0,0.0,0.0,0.0,0.0,0.0,0.0,0.16,0.12,0.58,0.77,U49758,25
,0.0,0.0,0.0,0.0,0.0,0.0,0.0,0.0,0.16,0.09,0.78,0.89,U49785,11
,0.0,0.0,0.0,0.0,0.0,0.0,0.0,0.0,0.24,0.12,0.52,0.74,U49809,27
,0.0,0.0,0.0,0.0,0.0,0.0,0.0,0.0,0.2,0.14,0.68,0.83,U49814,18
,0.0,0.0,0.0,0.0,0.0,0.0,0.0,0.0,0.24,0.12,0.86,0.93,U49822,7
,0.0,0.0,0.0,0.0,0.0,0.0,0.0,0.0,0.22,0.13,0.62,0.79,U4984,27
,0.0,0.0,0.0,0.0,0.0,0.0,0.0,0.0,0.2,0.14,0.9,0.94,U49856,80
0.5628140703517588,0.011363636363636364,0.0,0.0,0.0,0.0,0.0,0.16666666666666666,0.16666666666666666,0.06,0.08,0.88,0.89,U49859,17
,0.0,0.0,0.0,0.0,0.0,0.0,0.0,0.0,0.16,0.09,0.82,0.9,U49861,101
,0.0,0.0,0.0,0.0,0.0,0.0,0.0,0.0,0.16,0.1,0.96,0.98,U49873,2
,0.0,0.0,0.0,0.0,0.0,0.0,0.0,0.0,0.14,0.11,0.82,0.91,U49896,9
,0.0,0.0,0.0,0.0,0.0,0.0,0.0,0.0,0.16,0.11,0.96,0.96,U4992,138
,0.0,0.0,0.0,0.0,0.0,0.0,0.0,0.0,0.14,0.09,0.74,0.86,U49931,20
,0.0,0.0,0.0,0.0,0.0,0.0,0.0,0.0,0.16,0.11,0.76,0.85,U49944,113
,0.0,0.0,0.0,0.0,0.0,0.0,0.0,0.0,0.16,0.11,0.9,0.95,U49954,5
,0.0,0.0,0.0,0.0,0.0,0.0,0.0,0.0,0.12,0.06,0.82,0.86,U50030,40
,0.0,0.0,0.0,0.0,0.0,0.0,0.0,0.0,0.16,0.11,0.76,0.87,U50034,14
,0.0,0.0,0.0,0.0,0.0,0.0,0.0,0.0,0.14,0.12,0.76,0.87,U50088,13
,0.0,0.0,0.0,0.0,0.0,0.0,0.0,0.0,0.18,0.11,0.72,0.84,U50108,20
,0.0,0.0,0.0,0.0,0.0,0.0,0.0,0.0,0.1,0.07,0.94,0.97,U50136,3
,0.0,0.0,0.0,0.0,0.0,0.0,0.0,0.0,0.22,0.12,0.98,0.99,U50139,1
,0.0,0.0,0.0,0.0,0.0,0.0,0.0,0.0,0.1,0.09,0.76,0.84,U50165,26
,0.0,0.0,0.0,0.0,0.0,0.0,0.0,0.0,0.22,0.12,0.8,0.89,U50203,16
0.38190954773869346,0.008064516129032258,0.0,0.0,0.0,0.0,0.0,0.0,0.3333333333333333,0.18,0.1,0.72,0.86,U50211,14
,0.0,0.0,0.0,0.0,0.0,0.0,0.0,0.0,0.18,0.11,0.86,0.93,U50239,7
,0.0,0.0,0.0,0.0,0.0,0.0,0.0,0.0,0.1,0.05,0.62,0.76,U50244,41
0.18592964824120603,0.006134969325153374,0.0,0.0,0.0,0.0,0.0,0.0,1.0,0.14,0.09,0.84,0.92,U5029,9
,0.0,0.0,0.0,0.0,0.0,0.0,0.0,0.0,0.22,0.11,0.72,0.86,U503,14
,0.0,0.0,0.0,0.0,0.0,0.0,0.0,0.0,0.22,0.13,0.68,0.84,U50300,18
,0.0,0.0,0.0,0.0,0.0,0.0,0.0,0.0,0.16,0.1,0.92,0.96,U50305,4
,0.0,0.0,0.0,0.0,0.0,0.0,0.0,0.0,0.14,0.07,0.7,0.8,U50310,38
,0.0,0.0,0.0,0.0,0.0,0.0,0.0,0.0,0.08,0.04,0.84,0.92,U50327,9
0.8492462311557789,0.03225806451612903,0.0,0.0,0.0,0.0,0.5,0.5,0.5,0.24,0.12,0.78,0.89,U50330,12
,0.0,0.0,0.0,0.0,0.0,0.0,0.0,0.0,0.12,0.07,0.84,0.92,U50355,8
,0.0,0.0,0.0,0.0,0.0,0.0,0.0,0.0,0.18,0.1,0.94,0.97,U50380,3
,0.0,0.0,0.0,0.0,0.0,0.0,0.0,0.0,0.14,0.08,0.74,0.86,U5041,19
,0.0,0.0,0.0,0.0,0.0,0.0,0.0,0.0,0.18,0.1,0.9,0.95,U50463,5
,0.0,0.0,0.0,0.0,0.0,0.0,0.0,0.0,0.14,0.1,0.84,0.92,U50472,8
,0.0,0.0,0.0,0.0,0.0,0.0,0.0,0.0,0.16,0.11,0.72,0.85,U50486,16
,0.0,0.0,0.0,0.0,0.0,0.0,0.0,0.0,0.18,0.12,0.78,0.89,U50487,11
,0.0,0.0,0.0,0.0,0.0,0.0,0.0,0.0,0.06,0.03,0.9,0.95,U50504,5
,0.0,0.0,0.0,0.0,0.0,0.0,0.0,0.0,0.14,0.09,0.68,0.83,U5051,30
,0.0,0.0,0.0,0.0,0.0,0.0,0.0,0.0,0.14,0.08,0.8,0.89,U50524,11
,0.0,0.0,0.0,0.0,0.0,0.0,0.0,0.0,0.2,0.12,0.9,0.95,U50535,5
,0.0,0.0,0.0,0.0,0.0,0.0,0.0,0.0,0.08,0.05,0.94,0.97,U50537,3
,0.0,0.0,0.0,0.0,0.0,0.0,0.0,0.0,0.14,0.09,0.76,0.84,U50549,43
,0.0,0.0,0.0,0.0,0.0,0.0,0.0,0.0,0.1,0.09,0.8,0.88,U506,12
,0.0,0.0,0.0,0.0,0.0,0.0,0.0,0.0,0.24,0.14,0.98,0.99,U5060,1
,0.0,0.0,0.0,0.0,0.0,0.0,0.0,0.0,0.22,0.12,0.76,0.88,U5062,13
0.4321608040201005,0.008771929824561403,0.0,0.0,0.0,0.0,0.0,0.0,0.2,0.08,0.07,0.82,0.85,U50621,49
,0.0,0.0,0.0,0.0,0.0,0.0,0.0,0.0,0.18,0.11,0.6,0.79,U50629,30
,0.0,0.0,0.0,0.0,0.0,0.0,0.0,0.0,0.16,0.1,0.8,0.89,U50647,51
,0.0,0.0,0.0,0.0,0.0,0.0,0.0,0.0,0.1,0.06,0.8,0.89,U50667,101
,0.0,0.0,0.0,0.0,0.0,0.0,0.0,0.0,0.18,0.1,0.66,0.83,U5068,19
,0.0,0.0,0.0,0.0,0.0,0.0,0.0,0.0,0.08,0.06,0.6,0.76,U50682,29
,0.0,0.0,0.0,0.0,0.0,0.0,0.0,0.0,0.14,0.08,0.76,0.83,U50756,53
,0.0,0.0,0.0,0.0,0.0,0.0,0.0,0.0,0.14,0.13,0.64,0.78,U50763,34
,0.0,0.0,0.0,0.0,0.0,0.0,0.0,0.0,0.2,0.13,0.92,0.96,U50766,4
,0.0,0.0,0.0,0.0,0.0,0.0,0.0,0.0,0.18,0.12,0.72,0.83,U50781,20
,0.0,0.0,0.0,0.0,0.0,0.0,0.0,0.0,0.22,0.14,0.96,0.96,U50799,115
,0.0,0.0,0.0,0.0,0.0,0.0,0.0,0.0,0.08,0.1,0.78,0.89,U50867,45
,0.0,0.0,0.0,0.0,0.0,0.0,0.0,0.0,0.26,0.13,0.9,0.95,U5088,5
,0.0,0.0,0.0,0.0,0.0,0.0,0.0,0.0,0.14,0.08,0.62,0.75,U50885,51
,0.0,0.0,0.0,0.0,0.0,0.0,0.0,0.0,0.22,0.12,0.78,0.88,U50887,12
,0.0,0.0,0.0,0.0,0.0,0.0,0.0,0.0,0.24,0.13,0.98,0.99,U50914,1
,0.0,0.0,0.0,0.0,0.0,0.0,0.0,0.0,0.2,0.11,0.7,0.84,U50919,18
,0.0,0.0,0.0,0.0,0.0,0.0,0.0,0.0,0.16,0.14,0.76,0.86,U50939,46
,0.0,0.0,0.0,0.0,0.0,0.0,0.0,0.0,0.16,0.1,0.62,0.79,U5095,25
,0.0,0.0,0.0,0.0,0.0,0.0,0.0,0.0,0.18,0.11,0.78,0.85,U50977,45
,0.0,0.0,0.0,0.0,0.0,0.0,0.0,0.0,0.18,0.13,0.9,0.95,U50986,5
,0.0,0.0,0.0,0.0,0.0,0.0,0.0,0.0,0.16,0.1,0.76,0.88,U50991,14
,0.0,0.0,0.0,0.0,0.0,0.0,0.0,0.0,0.12,0.08,0.72,0.86,U51014,33
,0.0,0.0,0.0,0.0,0.0,0.0,0.0,0.0,0.1,0.06,0.74,0.86,U51017,43
,0.0,0.0,0.0,0.0,0.0,0.0,0.0,0.0,0.16,0.09,0.78,0.85,U51070,54
,0.0,0.0,0.0,0.0,0.0,0.0,0.0,0.0,0.14,0.1,0.62,0.8,U51078,29
,0.0,0.0,0.0,0.0,0.0,0.0,0.0,0.0,0.1,0.06,0.9,0.95,U51079,5
,0.0,0.0,0.0,0.0,0.0,0.0,0.0,0.0,0.2,0.1,0.86,0.93,U51085,7
,0.0,0.0,0.0,0.0,0.0,0.0,0.0,0.0,0.18,0.12,0.72,0.85,U51094,15
,0.0,0.0,0.0,0.0,0.0,0.0,0.0,0.0,0.22,0.14,0.72,0.85,U51123,16
,0.0,0.0,0.0,0.0,0.0,0.0,0.0,0.0,0.18,0.11,0.88,0.9,U51124,59
,0.0,0.0,0.0,0.0,0.0,0.0,0.0,0.0,0.18,0.1,0.88,0.94,U51125,6
,0.0,0.0,0.0,0.0,0.0,0.0,0.0,0.0,0.08,0.07,0.82,0.88,U51129,99
,0.0,0.0,0.0,0.0,0.0,0.0,0.0,0.0,0.24,0.14,0.76,0.8,U51145,46
,0.0,0.0,0.0,0.0,0.0,0.0,0.0,0.0,0.22,0.13,0.74,0.86,U5116,14
,0.0,0.0,0.0,0.0,0.0,0.0,0.0,0.0,0.16,0.1,0.76,0.85,U51164,49
,0.0,0.0,0.0,0.0,0.0,0.0,0.0,0.0,0.18,0.12,0.72,0.86,U5121,14
,0.0,0.0,0.0,0.0,0.0,0.0,0.0,0.0,0.08,0.06,0.78,0.87,U51225,38
,0.0,0.0,0.0,0.0,0.0,0.0,0.0,0.0,0.14,0.09,0.76,0.87,U51228,19
,0.0,0.0,0.0,0.0,0.0,0.0,0.0,0.0,0.08,0.07,0.96,0.98,U51229,2
,0.0,0.0,0.0,0.0,0.0,0.0,0.0,0.0,0.18,0.13,0.64,0.78,U51230,25
,0.0,0.0,0.0,0.0,0.0,0.0,0.0,0.0,0.14,0.11,0.72,0.85,U51249,17
,0.0,0.0,0.0,0.0,0.0,0.0,0.0,0.0,0.08,0.07,0.64,0.78,U51250,27
,0.0,0.0,0.0,0.0,0.0,0.0,0.0,0.0,0.2,0.11,0.68,0.83,U51267,23
,0.0,0.0,0.0,0.0,0.0,0.0,0.0,0.0,0.14,0.1,0.7,0.79,U5127,45
,0.0,0.0,0.0,0.0,0.0,0.0,0.0,0.0,0.1,0.06,0.94,0.96,U51287,4
,0.0,0.0,0.0,0.0,0.0,0.0,0.0,0.0,0.16,0.11,0.94,0.97,U51320,3
,0.0,0.0,0.0,0.0,0.0,0.0,0.0,0.0,0.18,0.11,0.8,0.9,U51333,10
,0.0,0.0,0.0,0.0,0.0,0.0,0.0,0.0,0.2,0.12,0.74,0.87,U51343,13
0.5201005025125628,0.010309278350515464,0.0,0.0,0.0,0.0,0.0,0.5,0.5,0.12,0.1,0.82,0.89,U51344,11
,0.0,0.0,0.0,0.0,0.0,0.0,0.0,0.0,0.2,0.1,0.72,0.83,U5137,37
,0.0,0.0,0.0,0.0,0.0,0.0,0.0,0.0,0.22,0.12,0.68,0.83,U51373,17
,0.0,0.0,0.0,0.0,0.0,0.0,0.0,0.0,0.04,0.06,0.92,0.89,U51387,117
,0.0,0.0,0.0,0.0,0.0,0.0,0.0,0.0,0.08,0.07,0.86,0.88,U51390,19
,0.0,0.0,0.0,0.0,0.0,0.0,0.0,0.0,0.12,0.11,0.96,0.94,U51406,110
,0.0,0.0,0.0,0.0,0.0,0.0,0.0,0.0,0.16,0.12,0.82,0.86,U5141,48
,0.0,0.0,0.0,0.0,0.0,0.0,0.0,0.0,0.12,0.08,0.92,0.96,U5144,4
,0.0,0.0,0.0,0.0,0.0,0.0,0.0,0.0,0.1,0.07,0.9,0.94,U51458,6
,0.0,0.0,0.0,0.0,0.0,0.0,0.0,0.0,0.18,0.09,0.9,0.95,U51469,5
,0.0,0.0,0.0,0.0,0.0,0.0,0.0,0.0,0.2,0.12,0.74,0.87,U51475,18
,0.0,0.0,0.0,0.0,0.0,0.0,0.0,0.0,0.22,0.12,0.7,0.83,U5149,42
,0.0,0.0,0.0,0.0,0.0,0.0,0.0,0.0,0.16,0.12,0.92,0.96,U51518,4
,0.0,0.0,0.0,0.0,0.0,0.0,0.0,0.0,0.2,0.12,0.7,0.85,U5154,27
,0.0,0.0,0.0,0.0,0.0,0.0,0.0,0.0,0.2,0.13,0.74,0.87,U51581,13
,0.0,0.0,0.0,0.0,0.0,0.0,0.0,0.0,0.2,0.13,0.9,0.93,U5159,101
,0.0,0.0,0.0,0.0,0.0,0.0,0.0,0.0,0.04,0.02,0.88,0.89,U51618,93
,0.0,0.0,0.0,0.0,0.0,0.0,0.0,0.0,0.18,0.11,0.72,0.86,U51643,16
,0.0,0.0,0.0,0.0,0.0,0.0,0.0,0.0,0.12,0.08,0.74,0.87,U51652,13
,0.0,0.0,0.0,0.0,0.0,0.0,0.0,0.0,0.1,0.06,0.8,0.9,U51655,10
,0.0,0.0,0.0,0.0,0.0,0.0,0.0,0.0,0.22,0.12,0.62,0.76,U5166,24
,0.0,0.0,0.0,0.0,0.0,0.0,0.0,0.0,0.18,0.12,0.66,0.78,U51669,42
,0.0,0.0,0.0,0.0,0.0,0.0,0.0,0.0,0.18,0.12,0.58,0.77,U51677,28
,0.0,0.0,0.0,0.0,0.0,0.0,0.0,0.0,0.16,0.1,0.72,0.86,U51693,15
,0.0,0.0,0.0,0.0,0.0,0.0,0.0,0.0,0.18,0.1,0.86,0.86,U51709,54
,0.0,0.0,0.0,0.0,0.0,0.0,0.0,0.0,0.08,0.06,0.88,0.94,U5172,6
,0.0,0.0,0.0,0.0,0.0,0.0,0.0,0.0,0.22,0.12,0.72,0.81,U51732,48
,0.0,0.0,0.0,0.0,0.0,0.0,0.0,0.0,0.04,0.03,0.92,0.93,U51767,53
,0.0,0.0,0.0,0.0,0.0,0.0,0.0,0.0,0.12,0.1,0.94,0.97,U51779,3
,0.0,0.0,0.0,0.0,0.0,0.0,0.0,0.0,0.14,0.1,0.7,0.83,U51790,25
,0.0,0.0,0.0,0.0,0.0,0.0,0.0,0.0,0.14,0.09,0.64,0.8,U51794,27
,0.0,0.0,0.0,0.0,0.0,0.0,0.0,0.0,0.16,0.08,0.76,0.88,U51806,12
0.6893939393939394,0.047619047619047616,0.0,0.0,0.0,0.0,0.3333333333333333,0.3333333333333333,0.6666666666666666,0.1,0.07,0.88,0.86,U51810,35
,0.0,0.0,0.0,0.0,0.0,0.0,0.0,0.0,0.2,0.11,0.9,0.95,U51871,5
,0.0,0.0,0.0,0.0,0.0,0.0,0.0,0.0,0.2,0.1,0.82,0.89,U51873,11
,0.0,0.0,0.0,0.0,0.0,0.0,0.0,0.0,0.1,0.07,0.82,0.9,U51886,16
,0.0,0.0,0.0,0.0,0.0,0.0,0.0,0.0,0.14,0.09,0.74,0.81,U51929,62
0.7537688442211056,0.02,0.0,0.0,0.0,0.0,1.0,1.0,1.0,0.2,0.11,0.86,0.93,U51931,7
,0.0,0.0,0.0,0.0,0.0,0.0,0.0,0.0,0.16,0.14,0.84,0.9,U51937,149
,0.0,0.0,0.0,0.0,0.0,0.0,0.0,0.0,0.08,0.08,0.84,0.88,U5194,63
,0.0,0.0,0.0,0.0,0.0,0.0,0.0,0.0,0.22,0.12,0.84,0.92,U51964,8
,0.0,0.0,0.0,0.0,0.0,0.0,0.0,0.0,0.08,0.04,0.92,0.96,U51979,4
,0.0,0.0,0.0,0.0,0.0,0.0,0.0,0.0,0.18,0.13,0.58,0.75,U51980,32
,0.0,0.0,0.0,0.0,0.0,0.0,0.0,0.0,0.2,0.1,0.58,0.77,U52020,26
,0.0,0.0,0.0,0.0,0.0,0.0,0.0,0.0,0.18,0.12,0.9,0.93,U52029,93
,0.0,0.0,0.0,0.0,0.0,0.0,0.0,0.0,0.12,0.09,0.68,0.82,U52058,44
,0.0,0.0,0.0,0.0,0.0,0.0,0.0,0.0,0.24,0.14,0.64,0.81,U52059,30
,0.0,0.0,0.0,0.0,0.0,0.0,0.0,0.0,0.16,0.11,0.92,0.96,U52121,4
,0.0,0.0,0.0,0.0,0.0,0.0,0.0,0.0,0.18,0.09,0.8,0.9,U52125,10
,0.0,0.0,0.0,0.0,0.0,0.0,0.0,0.0,0.18,0.1,0.6,0.77,U5214,26
,0.0,0.0,0.0,0.0,0.0,0.0,0.0,0.0,0.18,0.11,0.86,0.93,U52153,7
,0.0,0.0,0.0,0.0,0.0,0.0,0.0,0.0,0.18,0.11,0.58,0.79,U5217,26
,0.0,0.0,0.0,0.0,0.0,0.0,0.0,0.0,0.28,0.14,0.68,0.84,U52175,19
,0.0,0.0,0.0,0.0,0.0,0.0,0.0,0.0,0.14,0.09,0.84,0.92,U52181,8
,0.0,0.0,0.0,0.0,0.0,0.0,0.0,0.0,0.16,0.1,0.84,0.92,U52195,8
,0.0,0.0,0.0,0.0,0.0,0.0,0.0,0.0,0.2,0.11,0.72,0.82,U52205,54
,0.0,0.0,0.0,0.0,0.0,0.0,0.0,0.0,0.1,0.07,0.76,0.86,U52207,15
,0.0,0.0,0.0,0.0,0.0,0.0,0.0,0.0,0.2,0.13,0.5,0.73,U52211,30
,0.0,0.0,0.0,0.0,0.0,0.0,0.0,0.0,0.08,0.07,0.74,0.82,U52236,20
,0.0,0.0,0.0,0.0,0.0,0.0,0.0,0.0,0.2,0.12,0.64,0.82,U52248,19
,0.0,0.0,0.0,0.0,0.0,0.0,0.0,0.0,0.14,0.1,0.74,0.8,U52259,47
,0.0,0.0,0.0,0.0,0.0,0.0,0.0,0.0,0.14,0.09,0.68,0.8,U52274,30
,0.0,0.0,0.0,0.0,0.0,0.0,0.0,0.0,0.2,0.12,0.94,0.97,U52284,3
,0.0,0.0,0.0,0.0,0.0,0.0,0.0,0.0,0.18,0.12,0.76,0.85,U52286,44
,0.0,0.0,0.0,0.0,0.0,0.0,0.0,0.0,0.16,0.1,0.96,0.98,U52303,2
,0.0,0.0,0.0,0.0,0.0,0.0,0.0,0.0,0.1,0.07,0.74,0.85,U52334,40
,0.0,0.0,0.0,0.0,0.0,0.0,0.0,0.0,0.14,0.08,0.74,0.84,U52355,36
,0.0,0.0,0.0,0.0,0.0,0.0,0.0,0.0,0.2,0.11,0.8,0.86,U52360,70
,0.0,0.0,0.0,0.0,0.0,0.0,0.0,0.0,0.16,0.08,0.76,0.88,U52361,12
,0.0,0.0,0.0,0.0,0.0,0.0,0.0,0.0,0.16,0.11,0.74,0.86,U52392,20
,0.0,0.0,0.0,0.0,0.0,0.0,0.0,0.0,0.14,0.11,0.98,0.99,U52399,1
0.45226130653266333,0.00909090909090909,0.0,0.0,0.0,0.0,0.0,0.0,1.0,0.1,0.07,0.78,0.88,U52429,27
,0.0,0.0,0.0,0.0,0.0,0.0,0.0,0.0,0.2,0.13,0.98,0.99,U52450,1
,0.0,0.0,0.0,0.0,0.0,0.0,0.0,0.0,0.22,0.12,0.98,0.99,U52453,1
,0.0,0.0,0.0,0.0,0.0,0.0,0.0,0.0,0.2,0.12,0.68,0.83,U5247,20
,0.0,0.0,0.0,0.0,0.0,0.0,0.0,0.0,0.2,0.1,0.6,0.77,U52479,32
,0.0,0.0,0.0,0.0,0.0,0.0,0.0,0.0,0.06,0.03,0.8,0.9,U5252,12
,0.0,0.0,0.0,0.0,0.0,0.0,0.0,0.0,0.14,0.11,0.9,0.87,U52520,63
,0.0,0.0,0.0,0.0,0.0,0.0,0.0,0.0,0.18,0.12,0.86,0.93,U52528,7
,0.0,0.0,0.0,0.0,0.0,0.0,0.0,0.0,0.2,0.14,0.68,0.83,U52541,18
,0.0,0.0,0.0,0.0,0.0,0.0,0.0,0.0,0.14,0.07,0.66,0.8,U52543,30
,0.0,0.0,0.0,0.0,0.0,0.0,0.0,0.0,0.14,0.08,0.92,0.96,U52556,100
,0.0,0.0,0.0,0.0,0.0,0.0,0.0,0.0,0.24,0.12,0.72,0.84,U52584,44
,0.0,0.0,0.0,0.0,0.0,0.0,0.0,0.0,0.16,0.12,0.9,0.95,U52585,5
,0.0,0.0,0.0,0.0,0.0,0.0,0.0,0.0,0.18,0.11,0.84,0.92,U52629,8
,0.0,0.0,0.0,0.0,0.0,0.0,0.0,0.0,0.1,0.1,0.74,0.87,U52652,13
,0.0,0.0,0.0,0.0,0.0,0.0,0.0,0.0,0.18,0.13,0.86,0.93,U52656,7
,0.0,0.0,0.0,0.0,0.0,0.0,0.0,0.0,0.12,0.11,0.98,0.99,U52670,1
,0.0,0.0,0.0,0.0,0.0,0.0,0.0,0.0,0.26,0.14,0.84,0.92,U52675,10
,0.0,0.0,0.0,0.0,0.0,0.0,0.0,0.0,0.2,0.11,0.66,0.77,U52685,45
,0.0,0.0,0.0,0.0,0.0,0.0,0.0,0.0,0.14,0.12,0.86,0.93,U52706,7
,0.0,0.0,0.0,0.0,0.0,0.0,0.0,0.0,0.16,0.12,0.6,0.77,U5271,33
,0.0,0.0,0.0,0.0,0.0,0.0,0.0,0.0,0.1,0.09,0.8,0.83,U5273,93
,0.0,0.0,0.0,0.0,0.0,0.0,0.0,0.0,0.18,0.11,0.82,0.91,U52772,9
,0.0,0.0,0.0,0.0,0.0,0.0,0.0,0.0,0.1,0.07,0.64,0.81,U52777,29
,0.0,0.0,0.0,0.0,0.0,0.0,0.0,0.0,0.22,0.13,0.66,0.79,U52784,27
,0.0,0.0,0.0,0.0,0.0,0.0,0.0,0.0,0.26,0.14,0.78,0.89,U52805,11
,0.0,0.0,0.0,0.0,0.0,0.0,0.0,0.0,0.16,0.08,0.78,0.88,U52831,13
,0.0,0.0,0.0,0.0,0.0,0.0,0.0,0.0,0.08,0.05,0.94,0.97,U52832,3
,0.0,0.0,0.0,0.0,0.0,0.0,0.0,0.0,0.16,0.1,0.84,0.92,U5284,8
,0.0,0.0,0.0,0.0,0.0,0.0,0.0,0.0,0.06,0.03,0.76,0.88,U52851,38
,0.0,0.0,0.0,0.0,0.0,0.0,0.0,0.0,0.1,0.05,0.84,0.9,U52852,22
,0.0,0.0,0.0,0.0,0.0,0.0,0.0,0.0,0.04,0.02,0.78,0.87,U52871,32
,0.0,0.0,0.0,0.0,0.0,0.0,0.0,0.0,0.14,0.09,0.72,0.85,U52877,18
,0.0,0.0,0.0,0.0,0.0,0.0,0.0,0.0,0.18,0.12,0.78,0.89,U5288,11
,0.0,0.0,0.0,0.0,0.0,0.0,0.0,0.0,0.12,0.08,0.94,0.97,U52889,3
,0.0,0.0,0.0,0.0,0.0,0.0,0.0,0.0,0.12,0.08,0.76,0.85,U52910,17
,0.0,0.0,0.0,0.0,0.0,0.0,0.0,0.0,0.14,0.07,0.92,0.96,U52912,4
,0.0,0.0,0.0,0.0,0.0,0.0,0.0,0.0,0.2,0.12,0.64,0.82,U52931,20
,0.0,0.0,0.0,0.0,0.0,0.0,0.0,0.0,0.12,0.06,0.7,0.81,U52932,26
,0.0,0.0,0.0,0.0,0.0,0.0,0.0,0.0,0.16,0.14,0.82,0.84,U52937,72
,0.0,0.0,0.0,0.0,0.0,0.0,0.0,0.0,0.18,0.1,0.64,0.8,U52939,24
,0.0,0.0,0.0,0.0,0.0,0.0,0.0,0.0,0.2,0.12,0.62,0.78,U52951,49
,0.0,0.0,0.0,0.0,0.0,0.0,0.0,0.0,0.2,0.12,0.88,0.94,U53026,6
,0.0,0.0,0.0,0.0,0.0,0.0,0.0,0.0,0.04,0.03,0.92,0.91,U53068,153
,0.0,0.0,0.0,0.0,0.0,0.0,0.0,0.0,0.04,0.03,0.86,0.9,U53073,33
,0.0,0.0,0.0,0.0,0.0,0.0,0.0,0.0,0.1,0.07,0.88,0.94,U53076,6
,0.0,0.0,0.0,0.0,0.0,0.0,0.0,0.0,0.2,0.12,0.66,0.78,U53091,38
,0.0,0.0,0.0,0.0,0.0,0.0,0.0,0.0,0.22,0.14,0.82,0.88,U53104,61
,0.0,0.0,0.0,0.0,0.0,0.0,0.0,0.0,0.14,0.08,0.88,0.94,U53108,6
,0.0,0.0,0.0,0.0,0.0,0.0,0.0,0.0,0.14,0.09,0.78,0.88,U53112,12
,0.0,0.0,0.0,0.0,0.0,0.0,0.0,0.0,0.16,0.1,0.66,0.76,U5313,37
,0.0,0.0,0.0,0.0,0.0,0.0,0.0,0.0,0.08,0.06,0.82,0.91,U53134,12
,0.0,0.0,0.0,0.0,0.0,0.0,0.0,0.0,0.04,0.02,0.94,0.97,U5315,3
,0.0,0.0,0.0,0.0,0.0,0.0,0.0,0.0,0.16,0.08,0.88,0.94,U53154,6
,0.0,0.0,0.0,0.0,0.0,0.0,0.0,0.0,0.02,0.01,0.92,0.93,U53163,77
,0.0,0.0,0.0,0.0,0.0,0.0,0.0,0.0,0.12,0.08,0.96,0.98,U53181,2
,0.0,0.0,0.0,0.0,0.0,0.0,0.0,0.0,0.18,0.1,0.68,0.8,U53200,58
,0.0,0.0,0.0,0.0,0.0,0.0,0.0,0.0,0.18,0.1,0.86,0.93,U53205,7
,0.0,0.0,0.0,0.0,0.0,0.0,0.0,0.0,0.08,0.06,0.72,0.8,U53220,56
,0.0,0.0,0.0,0.0,0.0,0.0,0.0,0.0,0.18,0.13,0.82,0.91,U53223,9
,0.0,0.0,0.0,0.0,0.0,0.0,0.0,0.0,0.22,0.12,0.76,0.88,U53239,12
,0.0,0.0,0.0,0.0,0.0,0.0,0.0,0.0,0.18,0.11,0.96,0.98,U53242,2
,0.0,0.0,0.0,0.0,0.0,0.0,0.0,0.0,0.2,0.11,0.74,0.86,U53244,19
,0.0,0.0,0.0,0.0,0.0,0.0,0.0,0.0,0.18,0.11,0.8,0.9,U53266,11
,0.0,0.0,0.0,0.0,0.0,0.0,0.0,0.0,0.04,0.03,0.92,0.95,U53269,58
,0.0,0.0,0.0,0.0,0.0,0.0,0.0,0.0,0.08,0.04,0.86,0.93,U53308,7
,0.0,0.0,0.0,0.0,0.0,0.0,0.0,0.0,0.22,0.12,0.72,0.86,U53356,14
,0.0,0.0,0.0,0.0,0.0,0.0,0.0,0.0,0.08,0.08,0.82,0.85,U53360,38
,0.0,0.0,0.0,0.0,0.0,0.0,0.0,0.0,0.12,0.07,0.74,0.85,U53391,18
,0.0,0.0,0.0,0.0,0.0,0.0,0.0,0.0,0.18,0.12,0.72,0.86,U53415,18
,0.0,0.0,0.0,0.0,0.0,0.0,0.0,0.0,0.2,0.11,0.72,0.84,U53425,23
,0.0,0.0,0.0,0.0,0.0,0.0,0.0,0.0,0.16,0.1,0.92,0.96,U53429,4
,0.0,0.0,0.0,0.0,0.0,0.0,0.0,0.0,0.1,0.08,0.74,0.83,U53441,19
,0.0,0.0,0.0,0.0,0.0,0.0,0.0,0.0,0.14,0.08,0.9,0.95,U53450,5
,0.0,0.0,0.0,0.0,0.0,0.0,0.0,0.0,0.12,0.07,0.82,0.9,U53465,11
,0.0,0.0,0.0,0.0,0.0,0.0,0.0,0.0,0.18,0.11,0.92,0.95,U53487,117
,0.0,0.0,0.0,0.0,0.0,0.0,0.0,0.0,0.16,0.08,0.7,0.85,U5349,15
,0.0,0.0,0.0,0.0,0.0,0.0,0.0,0.0,0.16,0.1,0.64,0.76,U53504,33
0.542713567839196,0.010869565217391304,0.0,0.0,0.0,0.0,0.0,1.0,1.0,0.12,0.08,0.84,0.92,U53506,8
,0.0,0.0,0.0,0.0,0.0,0.0,0.0,0.0,0.26,0.13,0.82,0.91,U5352,9
,0.0,0.0,0.0,0.0,0.0,0.0,0.0,0.0,0.2,0.11,0.76,0.88,U53533,12
,0.0,0.0,0.0,0.0,0.0,0.0,0.0,0.0,0.22,0.13,0.8,0.9,U53549,10
,0.0,0.0,0.0,0.0,0.0,0.0,0.0,0.0,0.1,0.08,0.82,0.89,U53551,49
,0.0,0.0,0.0,0.0,0.0,0.0,0.0,0.0,0.22,0.12,0.76,0.85,U53562,40
,0.0,0.0,0.0,0.0,0.0,0.0,0.0,0.0,0.24,0.14,0.82,0.91,U53563,9
,0.0,0.0,0.0,0.0,0.0,0.0,0.0,0.0,0.2,0.11,0.82,0.91,U53584,9
,0.0,0.0,0.0,0.0,0.0,0.0,0.0,0.0,0.22,0.12,0.72,0.86,U53629,14
,0.0,0.0,0.0,0.0,0.0,0.0,0.0,0.0,0.16,0.09,0.68,0.82,U53631,20
,0.0,0.0,0.0,0.0,0.0,0.0,0.0,0.0,0.22,0.11,0.64,0.77,U53662,53
,0.0,0.0,0.0,0.0,0.0,0.0,0.0,0.0,0.16,0.12,0.94,0.97,U53669,3
,0.0,0.0,0.0,0.0,0.0,0.0,0.0,0.0,0.1,0.07,0.96,0.94,U53673,105
,0.0,0.0,0.0,0.0,0.0,0.0,0.0,0.0,0.18,0.1,0.8,0.89,U53689,11
,0.0,0.0,0.0,0.0,0.0,0.0,0.0,0.0,0.06,0.05,0.76,0.85,U53706,22
,0.0,0.0,0.0,0.0,0.0,0.0,0.0,0.0,0.16,0.1,0.82,0.89,U5374,11
,0.0,0.0,0.0,0.0,0.0,0.0,0.0,0.0,0.22,0.12,0.64,0.81,U53754,20
,0.0,0.0,0.0,0.0,0.0,0.0,0.0,0.0,0.16,0.09,0.68,0.82,U53765,21
,0.0,0.0,0.0,0.0,0.0,0.0,0.0,0.0,0.16,0.09,0.84,0.92,U53775,8
,0.0,0.0,0.0,0.0,0.0,0.0,0.0,0.0,0.22,0.12,0.88,0.9,U53784,50
,0.0,0.0,0.0,0.0,0.0,0.0,0.0,0.0,0.22,0.12,0.7,0.82,U53808,23
0.7839195979899497,0.022727272727272728,0.0,0.0,0.0,0.0,0.5,0.5,0.5,0.2,0.13,0.88,0.94,U53856,6
,0.0,0.0,0.0,0.0,0.0,0.0,0.0,0.0,0.12,0.06,0.74,0.86,U53878,15
,0.0,0.0,0.0,0.0,0.0,0.0,0.0,0.0,0.16,0.1,0.92,0.96,U53892,4
,0.0,0.0,0.0,0.0,0.0,0.0,0.0,0.0,0.2,0.14,0.98,0.99,U53907,1
,0.0,0.0,0.0,0.0,0.0,0.0,0.0,0.0,0.2,0.13,0.74,0.87,U53938,16
,0.0,0.0,0.0,0.0,0.0,0.0,0.0,0.0,0.22,0.12,0.76,0.88,U53969,12
,0.0,0.0,0.0,0.0,0.0,0.0,0.0,0.0,0.14,0.07,0.7,0.83,U53971,18
,0.0,0.0,0.0,0.0,0.0,0.0,0.0,0.0,0.16,0.1,0.8,0.9,U53975,10
,0.0,0.0,0.0,0.0,0.0,0.0,0.0,0.0,0.16,0.08,0.8,0.9,U53984,10
,0.0,0.0,0.0,0.0,0.0,0.0,0.0,0.0,0.14,0.09,0.78,0.89,U53989,11
,0.0,0.0,0.0,0.0,0.0,0.0,0.0,0.0,0.16,0.11,0.82,0.91,U54017,9
,0.0,0.0,0.0,0.0,0.0,0.0,0.0,0.0,0.12,0.1,0.84,0.92,U54035,8
,0.0,0.0,0.0,0.0,0.0,0.0,0.0,0.0,0.2,0.12,0.78,0.84,U54037,59
,0.0,0.0,0.0,0.0,0.0,0.0,0.0,0.0,0.22,0.13,0.8,0.85,U54070,35
,0.0,0.0,0.0,0.0,0.0,0.0,0.0,0.0,0.18,0.1,0.68,0.82,U54129,32
,0.0,0.0,0.0,0.0,0.0,0.0,0.0,0.0,0.18,0.1,0.8,0.9,U54152,10
,0.0,0.0,0.0,0.0,0.0,0.0,0.0,0.0,0.1,0.08,0.76,0.82,U54166,29
,0.0,0.0,0.0,0.0,0.0,0.0,0.0,0.0,0.12,0.08,0.62,0.78,U54180,26
,0.0,0.0,0.0,0.0,0.0,0.0,0.0,0.0,0.12,0.07,0.74,0.84,U54218,20
,0.0,0.0,0.0,0.0,0.0,0.0,0.0,0.0,0.22,0.12,0.8,0.9,U54220,10
,0.0,0.0,0.0,0.0,0.0,0.0,0.0,0.0,0.06,0.04,0.88,0.94,U54242,6
,0.0,0.0,0.0,0.0,0.0,0.0,0.0,0.0,0.22,0.13,0.62,0.79,U54252,24
,0.0,0.0,0.0,0.0,0.0,0.0,0.0,0.0,0.06,0.03,0.9,0.94,U54261,85
0.7424242424242424,0.058823529411764705,0.0,0.0,0.0,0.0,0.09090909090909091,0.18181818181818182,0.18181818181818182,0.06,0.04,0.9,0.92,U5428,39
,0.0,0.0,0.0,0.0,0.0,0.0,0.0,0.0,0.16,0.13,0.8,0.87,U54286,73
,0.0,0.0,0.0,0.0,0.0,0.0,0.0,0.0,0.12,0.09,0.96,0.98,U54299,2
,0.0,0.0,0.0,0.0,0.0,0.0,0.0,0.0,0.16,0.11,0.8,0.86,U54306,48
,0.0,0.0,0.0,0.0,0.0,0.0,0.0,0.0,0.2,0.11,0.84,0.92,U54347,8
,0.0,0.0,0.0,0.0,0.0,0.0,0.0,0.0,0.08,0.04,0.92,0.96,U54367,4
,0.0,0.0,0.0,0.0,0.0,0.0,0.0,0.0,0.12,0.09,0.8,0.84,U54370,43
,0.0,0.0,0.0,0.0,0.0,0.0,0.0,0.0,0.18,0.13,0.74,0.87,U54371,14
,0.0,0.0,0.0,0.0,0.0,0.0,0.0,0.0,0.14,0.07,0.7,0.84,U54373,26
,0.0,0.0,0.0,0.0,0.0,0.0,0.0,0.0,0.18,0.12,0.88,0.9,U5438,99
,0.0,0.0,0.0,0.0,0.0,0.0,0.0,0.0,0.2,0.14,0.72,0.85,U54386,15
,0.0,0.0,0.0,0.0,0.0,0.0,0.0,0.0,0.16,0.08,0.64,0.82,U54436,29
,0.0,0.0,0.0,0.0,0.0,0.0,0.0,0.0,0.12,0.09,0.84,0.92,U54449,8
,0.0,0.0,0.0,0.0,0.0,0.0,0.0,0.0,0.14,0.1,0.8,0.9,U54478,11
,0.0,0.0,0.0,0.0,0.0,0.0,0.0,0.0,0.12,0.11,0.88,0.94,U54512,6
,0.0,0.0,0.0,0.0,0.0,0.0,0.0,0.0,0.22,0.14,0.68,0.83,U54517,19
,0.0,0.0,0.0,0.0,0.0,0.0,0.0,0.0,0.14,0.08,0.66,0.83,U54548,27
,0.0,0.0,0.0,0.0,0.0,0.0,0.0,0.0,0.2,0.11,0.66,0.81,U54576,25
,0.0,0.0,0.0,0.0,0.0,0.0,0.0,0.0,0.06,0.03,0.86,0.93,U54589,7
,0.0,0.0,0.0,0.0,0.0,0.0,0.0,0.0,0.18,0.11,0.94,0.97,U54604,3
,0.0,0.0,0.0,0.0,0.0,0.0,0.0,0.0,0.2,0.1,0.72,0.8,U54615,32
,0.0,0.0,0.0,0.0,0.0,0.0,0.0,0.0,0.14,0.08,0.88,0.94,U54620,6
,0.0,0.0,0.0,0.0,0.0,0.0,0.0,0.0,0.16,0.1,0.72,0.86,U54685,15
,0.0,0.0,0.0,0.0,0.0,0.0,0.0,0.0,0.08,0.06,0.66,0.79,U54698,31
,0.0,0.0,0.0,0.0,0.0,0.0,0.0,0.0,0.2,0.12,0.84,0.92,U54708,8
,0.0,0.0,0.0,0.0,0.0,0.0,0.0,0.0,0.04,0.03,0.9,0.94,U54737,89
,0.0,0.0,0.0,0.0,0.0,0.0,0.0,0.0,0.16,0.1,0.9,0.95,U54766,5
,0.0,0.0,0.0,0.0,0.0,0.0,0.0,0.0,0.18,0.09,0.76,0.86,U54806,58
,0.0,0.0,0.0,0.0,0.0,0.0,0.0,0.0,0.12,0.09,0.92,0.96,U54810,4
,0.0,0.0,0.0,0.0,0.0,0.0,0.0,0.0,0.04,0.02,0.92,0.93,U54826,304
,0.0,0.0,0.0,0.0,0.0,0.0,0.0,0.0,0.16,0.09,0.78,0.89,U54832,11
,0.0,0.0,0.0,0.0,0.0,0.0,0.0,0.0,0.14,0.07,0.64,0.79,U5484,58
,0.0,0.0,0.0,0.0,0.0,0.0,0.0,0.0,0.2,0.13,0.86,0.93,U54849,7
,0.0,0.0,0.0,0.0,0.0,0.0,0.0,0.0,0.1,0.05,0.78,0.86,U54853,22
,0.0,0.0,0.0,0.0,0.0,0.0,0.0,0.0,0.08,0.05,0.78,0.87,U54856,95
,0.0,0.0,0.0,0.0,0.0,0.0,0.0,0.0,0.18,0.1,0.8,0.9,U54858,10
,0.0,0.0,0.0,0.0,0.0,0.0,0.0,0.0,0.18,0.11,0.9,0.91,U54866,125
,0.0,0.0,0.0,0.0,0.0,0.0,0.0,0.0,0.1,0.06,0.62,0.8,U54886,35
,0.0,0.0,0.0,0.0,0.0,0.0,0.0,0.0,0.22,0.13,0.94,0.97,U54894,3
,0.0,0.0,0.0,0.0,0.0,0.0,0.0,0.0,0.12,0.09,0.86,0.93,U54898,7
,0.0,0.0,0.0,0.0,0.0,0.0,0.0,0.0,0.18,0.12,0.7,0.84,U54899,19
,0.0,0.0,0.0,0.0,0.0,0.0,0.0,0.0,0.16,0.12,0.74,0.86,U54906,16
,0.0,0.0,0.0,0.0,0.0,0.0,0.0,0.0,0.2,0.12,0.96,0.98,U54909,2
,0.0,0.0,0.0,0.0,0.0,0.0,0.0,0.0,0.18,0.12,0.76,0.83,U54911,55
,0.0,0.0,0.0,0.0,0.0,0.0,0.0,0.0,0.1,0.07,0.74,0.84,U54921,52
,0.0,0.0,0.0,0.0,0.0,0.0,0.0,0.0,0.18,0.12,0.74,0.87,U54959,14
,0.0,0.0,0.0,0.0,0.0,0.0,0.0,0.0,0.2,0.13,0.6,0.78,U54961,40
,0.0,0.0,0.0,0.0,0.0,0.0,0.0,0.0,0.2,0.12,0.9,0.95,U54971,5
,0.0,0.0,0.0,0.0,0.0,0.0,0.0,0.0,0.1,0.05,0.76,0.87,U54979,13
,0.0,0.0,0.0,0.0,0.0,0.0,0.0,0.0,0.08,0.06,0.86,0.93,U54987,7
,0.0,0.0,0.0,0.0,0.0,0.0,0.0,0.0,0.14,0.1,0.72,0.84,U5500,21
,0.0,0.0,0.0,0.0,0.0,0.0,0.0,0.0,0.2,0.12,0.78,0.86,U55012,63
,0.0,0.0,0.0,0.0,0.0,0.0,0.0,0.0,0.02,0.02,0.9,0.92,U55019,33
0.4271356783919598,0.008695652173913044,0.0,0.0,0.0,0.0,0.0,0.0,0.3333333333333333,0.2,0.11,0.78,0.89,U55046,11
,0.0,0.0,0.0,0.0,0.0,0.0,0.0,0.0,0.12,0.09,0.92,0.95,U55067,149
,0.0,0.0,0.0,0.0,0.0,0.0,0.0,0.0,0.18,0.11,0.62,0.78,U55074,27
,0.0,0.0,0.0,0.0,0.0,0.0,0.0,0.0,0.24,0.14,0.72,0.85,U551,17
,0.0,0.0,0.0,0.0,0.0,0.0,0.0,0.0,0.2,0.13,0.74,0.87,U55104,14
,0.0,0.0,0.0,0.0,0.0,0.0,0.0,0.0,0.12,0.09,0.74,0.87,U55105,13
0.31155778894472363,0.007246376811594203,0.0,0.0,0.0,0.0,0.0,0.0,0.09090909090909091,0.14,0.12,0.72,0.82,U55115,99
,0.0,0.0,0.0,0.0,0.0,0.0,0.0,0.0,0.2,0.1,0.72,0.86,U55140,14
,0.0,0.0,0.0,0.0,0.0,0.0,0.0,0.0,0.12,0.08,0.74,0.86,U55142,15
,0.0,0.0,0.0,0.0,0.0,0.0,0.0,0.0,0.22,0.14,0.7,0.85,U55149,15
,0.0,0.0,0.0,0.0,0.0,0.0,0.0,0.0,0.1,0.07,0.9,0.92,U5515,17
,0.0,0.0,0.0,0.0,0.0,0.0,0.0,0.0,0.02,0.02,0.84,0.92,U55183,52
,0.0,0.0,0.0,0.0,0.0,0.0,0.0,0.0,0.06,0.05,0.96,0.98,U552,2
,0.0,0.0,0.0,0.0,0.0,0.0,0.0,0.0,0.1,0.09,0.78,0.83,U55215,62
,0.0,0.0,0.0,0.0,0.0,0.0,0.0,0.0,0.16,0.1,0.82,0.91,U55219,9
,0.0,0.0,0.0,0.0,0.0,0.0,0.0,0.0,0.16,0.09,0.88,0.94,U55232,6
,0.0,0.0,0.0,0.0,0.0,0.0,0.0,0.0,0.16,0.12,0.86,0.91,U55252,140
,0.0,0.0,0.0,0.0,0.0,0.0,0.0,0.0,0.06,0.04,0.82,0.91,U55253,10
,0.0,0.0,0.0,0.0,0.0,0.0,0.0,0.0,0.2,0.11,0.74,0.83,U55261,129
,0.0,0.0,0.0,0.0,0.0,0.0,0.0,0.0,0.24,0.13,0.7,0.84,U55279,16
,0.0,0.0,0.0,0.0,0.0,0.0,0.0,0.0,0.12,0.07,0.7,0.83,U55281,21
,0.0,0.0,0.0,0.0,0.0,0.0,0.0,0.0,0.22,0.12,0.72,0.8,U55294,38
0.8140703517587939,0.02631578947368421,0.0,0.0,0.0,0.0,0.5,0.5,0.5,0.12,0.06,0.74,0.87,U55325,19
,0.0,0.0,0.0,0.0,0.0,0.0,0.0,0.0,0.1,0.05,0.78,0.89,U55334,11
,0.0,0.0,0.0,0.0,0.0,0.0,0.0,0.0,0.24,0.13,0.64,0.8,U5534,23
,0.0,0.0,0.0,0.0,0.0,0.0,0.0,0.0,0.1,0.05,0.88,0.94,U55350,6
,0.0,0.0,0.0,0.0,0.0,0.0,0.0,0.0,0.14,0.11,0.9,0.95,U55355,5
,0.0,0.0,0.0,0.0,0.0,0.0,0.0,0.0,0.02,0.03,0.82,0.9,U55356,43
,0.0,0.0,0.0,0.0,0.0,0.0,0.0,0.0,0.12,0.13,0.9,0.9,U554,96
,0.0,0.0,0.0,0.0,0.0,0.0,0.0,0.0,0.1,0.1,0.82,0.86,U55428,53
,0.0,0.0,0.0,0.0,0.0,0.0,0.0,0.0,0.18,0.11,0.72,0.86,U5544,15
,0.0,0.0,0.0,0.0,0.0,0.0,0.0,0.0,0.22,0.13,0.68,0.8,U55460,28
,0.0,0.0,0.0,0.0,0.0,0.0,0.0,0.0,0.14,0.07,0.84,0.92,U55477,8
,0.0,0.0,0.0,0.0,0.0,0.0,0.0,0.0,0.18,0.1,0.9,0.95,U55478,5
,0.0,0.0,0.0,0.0,0.0,0.0,0.0,0.0,0.2,0.13,0.8,0.87,U55482,51
,0.0,0.0,0.0,0.0,0.0,0.0,0.0,0.0,0.14,0.1,0.84,0.92,U55483,8
,0.0,0.0,0.0,0.0,0.0,0.0,0.0,0.0,0.18,0.12,0.88,0.94,U5549,6
,0.0,0.0,0.0,0.0,0.0,0.0,0.0,0.0,0.18,0.12,0.78,0.88,U55491,13
,0.0,0.0,0.0,0.0,0.0,0.0,0.0,0.0,0.08,0.09,0.94,0.97,U5550,3
,0.0,0.0,0.0,0.0,0.0,0.0,0.0,0.0,0.2,0.1,0.94,0.97,U55528,3
,0.0,0.0,0.0,0.0,0.0,0.0,0.0,0.0,0.04,0.03,0.86,0.91,U5553,52
,0.0,0.0,0.0,0.0,0.0,0.0,0.0,0.0,0.1,0.08,0.72,0.84,U55556,21
,0.0,0.0,0.0,0.0,0.0,0.0,0.0,0.0,0.22,0.12,0.74,0.87,U55557,14
,0.0,0.0,0.0,0.0,0.0,0.0,0.0,0.0,0.06,0.04,0.86,0.91,U55579,39
,0.0,0.0,0.0,0.0,0.0,0.0,0.0,0.0,0.2,0.11,0.78,0.88,U55624,12
,0.0,0.0,0.0,0.0,0.0,0.0,0.0,0.0,0.1,0.05,0.8,0.9,U55636,12
,0.0,0.0,0.0,0.0,0.0,0.0,0.0,0.0,0.16,0.11,0.9,0.95,U55639,5
,0.0,0.0,0.0,0.0,0.0,0.0,0.0,0.0,0.2,0.12,0.68,0.82,U55641,32
,0.0,0.0,0.0,0.0,0.0,0.0,0.0,0.0,0.12,0.07,0.86,0.88,U55651,77
,0.0,0.0,0.0,0.0,0.0,0.0,0.0,0.0,0.24,0.13,0.72,0.86,U55652,14
,0.0,0.0,0.0,0.0,0.0,0.0,0.0,0.0,0.16,0.11,0.8,0.87,U55657,52
,0.0,0.0,0.0,0.0,0.0,0.0,0.0,0.0,0.24,0.13,0.66,0.83,U55675,18
,0.0,0.0,0.0,0.0,0.0,0.0,0.0,0.0,0.24,0.14,0.66,0.78,U55679,50
,0.0,0.0,0.0,0.0,0.0,0.0,0.0,0.0,0.06,0.06,0.84,0.87,U55699,39
,0.0,0.0,0.0,0.0,0.0,0.0,0.0,0.0,0.18,0.12,0.72,0.86,U55700,15
,0.0,0.0,0.0,0.0,0.0,0.0,0.0,0.0,0.12,0.1,0.78,0.88,U55701,12
,0.0,0.0,0.0,0.0,0.0,0.0,0.0,0.0,0.16,0.09,0.84,0.92,U55714,8
,0.0,0.0,0.0,0.0,0.0,0.0,0.0,0.0,0.04,0.02,0.88,0.94,U5572,61
,0.0,0.0,0.0,0.0,0.0,0.0,0.0,0.0,0.18,0.11,0.7,0.76,U55726,58
,0.0,0.0,0.0,0.0,0.0,0.0,0.0,0.0,0.02,0.03,0.88,0.89,U55748,46
,0.0,0.0,0.0,0.0,0.0,0.0,0.0,0.0,0.12,0.08,0.84,0.92,U55785,8
,0.0,0.0,0.0,0.0,0.0,0.0,0.0,0.0,0.16,0.13,0.92,0.96,U55798,4
,0.0,0.0,0.0,0.0,0.0,0.0,0.0,0.0,0.1,0.08,0.98,0.99,U55834,1
,0.0,0.0,0.0,0.0,0.0,0.0,0.0,0.0,0.12,0.08,0.76,0.88,U55852,12
,0.0,0.0,0.0,0.0,0.0,0.0,0.0,0.0,0.2,0.12,0.68,0.84,U55870,19
,0.0,0.0,0.0,0.0,0.0,0.0,0.0,0.0,0.04,0.03,0.88,0.88,U55876,42
,0.0,0.0,0.0,0.0,0.0,0.0,0.0,0.0,0.14,0.12,0.84,0.9,U55908,61
,0.0,0.0,0.0,0.0,0.0,0.0,0.0,0.0,0.26,0.14,0.8,0.9,U55943,10
,0.0,0.0,0.0,0.0,0.0,0.0,0.0,0.0,0.14,0.09,0.76,0.87,U55958,14
,0.0,0.0,0.0,0.0,0.0,0.0,0.0,0.0,0.22,0.11,0.62,0.81,U55966,24
,0.0,0.0,0.0,0.0,0.0,0.0,0.0,0.0,0.04,0.02,0.84,0.91,U55982,65
,0.0,0.0,0.0,0.0,0.0,0.0,0.0,0.0,0.2,0.11,0.6,0.8,U55985,22
,0.0,0.0,0.0,0.0,0.0,0.0,0.0,0.0,0.06,0.05,0.84,0.91,U55986,9
,0.0,0.0,0.0,0.0,0.0,0.0,0.0,0.0,0.16,0.1,0.92,0.96,U55998,4
,0.0,0.0,0.0,0.0,0.0,0.0,0.0,0.0,0.22,0.14,0.56,0.76,U56016,36
0.8894472361809045,0.043478260869565216,0.0,0.0,0.0,0.0,0.25,0.25,0.25,0.22,0.13,0.88,0.94,U56031,6
,0.0,0.0,0.0,0.0,0.0,0.0,0.0,0.0,0.2,0.12,0.8,0.84,U56042,24
,0.0,0.0,0.0,0.0,0.0,0.0,0.0,0.0,0.2,0.11,0.66,0.83,U56062,18
,0.0,0.0,0.0,0.0,0.0,0.0,0.0,0.0,0.2,0.12,0.82,0.91,U56066,9
,0.0,0.0,0.0,0.0,0.0,0.0,0.0,0.0,0.04,0.03,0.88,0.89,U56107,49
,0.0,0.0,0.0,0.0,0.0,0.0,0.0,0.0,0.22,0.13,0.78,0.87,U56109,44
,0.0,0.0,0.0,0.0,0.0,0.0,0.0,0.0,0.1,0.07,0.86,0.89,U56117,66
,0.0,0.0,0.0,0.0,0.0,0.0,0.0,0.0,0.18,0.09,0.76,0.88,U56155,12
,0.0,0.0,0.0,0.0,0.0,0.0,0.0,0.0,0.22,0.12,0.9,0.95,U56172,5
,0.0,0.0,0.0,0.0,0.0,0.0,0.0,0.0,0.14,0.12,0.82,0.9,U56180,11
,0.0,0.0,0.0,0.0,0.0,0.0,0.0,0.0,0.24,0.13,0.68,0.8,U56190,23
,0.0,0.0,0.0,0.0,0.0,0.0,0.0,0.0,0.2,0.11,0.92,0.96,U56194,4
,0.0,0.0,0.0,0.0,0.0,0.0,0.0,0.0,0.24,0.14,0.78,0.88,U56199,12
,0.0,0.0,0.0,0.0,0.0,0.0,0.0,0.0,0.16,0.08,0.66,0.82,U56212,25
,0.0,0.0,0.0,0.0,0.0,0.0,0.0,0.0,0.08,0.07,0.78,0.87,U56225,39
,0.0,0.0,0.0,0.0,0.0,0.0,0.0,0.0,0.12,0.08,0.94,0.93,U56232,94
,0.0,0.0,0.0,0.0,0.0,0.0,0.0,0.0,0.2,0.12,0.88,0.86,U56237,53
,0.0,0.0,0.0,0.0,0.0,0.0,0.0,0.0,0.14,0.09,0.72,0.79,U56257,42
,0.0,0.0,0.0,0.0,0.0,0.0,0.0,0.0,0.12,0.07,0.66,0.81,U56261,31
,0.0,0.0,0.0,0.0,0.0,0.0,0.0,0.0,0.16,0.08,0.56,0.78,U5628,26
,0.0,0.0,0.0,0.0,0.0,0.0,0.0,0.0,0.12,0.07,0.9,0.95,U56298,5
,0.0,0.0,0.0,0.0,0.0,0.0,0.0,0.0,0.14,0.1,0.84,0.9,U56310,10
,0.0,0.0,0.0,0.0,0.0,0.0,0.0,0.0,0.04,0.03,0.98,0.96,U56361,174
,0.0,0.0,0.0,0.0,0.0,0.0,0.0,0.0,0.14,0.1,0.7,0.85,U56365,18
,0.0,0.0,0.0,0.0,0.0,0.0,0.0,0.0,0.04,0.03,0.84,0.87,U56376,85
,0.0,0.0,0.0,0.0,0.0,0.0,0.0,0.0,0.18,0.1,0.62,0.78,U56382,44
,0.0,0.0,0.0,0.0,0.0,0.0,0.0,0.0,0.06,0.05,0.96,0.98,U56429,2
,0.0,0.0,0.0,0.0,0.0,0.0,0.0,0.0,0.12,0.09,0.74,0.83,U56435,20
,0.0,0.0,0.0,0.0,0.0,0.0,0.0,0.0,0.22,0.12,0.84,0.92,U56441,8
,0.0,0.0,0.0,0.0,0.0,0.0,0.0,0.0,0.16,0.1,0.8,0.9,U56443,10
,0.0,0.0,0.0,0.0,0.0,0.0,0.0,0.0,0.16,0.11,0.7,0.84,U56450,21
,0.0,0.0,0.0,0.0,0.0,0.0,0.0,0.0,0.18,0.12,0.84,0.92,U56468,57
,0.0,0.0,0.0,0.0,0.0,0.0,0.0,0.0,0.2,0.13,0.78,0.89,U565,11
,0.0,0.0,0.0,0.0,0.0,0.0,0.0,0.0,0.16,0.1,0.76,0.84,U56500,39
,0.0,0.0,0.0,0.0,0.0,0.0,0.0,0.0,0.12,0.08,0.76,0.82,U56517,41
,0.0,0.0,0.0,0.0,0.0,0.0,0.0,0.0,0.16,0.1,0.8,0.9,U56539,11
,0.0,0.0,0.0,0.0,0.0,0.0,0.0,0.0,0.14,0.1,0.76,0.83,U56546,45
,0.0,0.0,0.0,0.0,0.0,0.0,0.0,0.0,0.16,0.11,0.92,0.93,U5657,82
,0.0,0.0,0.0,0.0,0.0,0.0,0.0,0.0,0.14,0.11,0.9,0.95,U56573,5
,0.0,0.0,0.0,0.0,0.0,0.0,0.0,0.0,0.06,0.09,0.96,0.98,U56579,2
,0.0,0.0,0.0,0.0,0.0,0.0,0.0,0.0,0.12,0.07,0.66,0.81,U56589,35
,0.0,0.0,0.0,0.0,0.0,0.0,0.0,0.0,0.2,0.11,0.78,0.82,U56594,61
,0.0,0.0,0.0,0.0,0.0,0.0,0.0,0.0,0.14,0.1,0.9,0.92,U56598,83
,0.0,0.0,0.0,0.0,0.0,0.0,0.0,0.0,0.08,0.06,0.74,0.81,U5662,20
,0.0,0.0,0.0,0.0,0.0,0.0,0.0,0.0,0.18,0.11,0.74,0.81,U56621,57
,0.0,0.0,0.0,0.0,0.0,0.0,0.0,0.0,0.16,0.09,0.9,0.94,U5664,83
,0.0,0.0,0.0,0.0,0.0,0.0,0.0,0.0,0.06,0.05,0.82,0.9,U56646,46
,0.0,0.0,0.0,0.0,0.0,0.0,0.0,0.0,0.14,0.09,0.9,0.95,U56659,5
,0.0,0.0,0.0,0.0,0.0,0.0,0.0,0.0,0.14,0.09,0.8,0.87,U56664,18
,0.0,0.0,0.0,0.0,0.0,0.0,0.0,0.0,0.16,0.11,0.72,0.85,U56668,16
,0.0,0.0,0.0,0.0,0.0,0.0,0.0,0.0,0.1,0.09,0.84,0.87,U56672,35
,0.0,0.0,0.0,0.0,0.0,0.0,0.0,0.0,0.18,0.1,0.6,0.78,U56711,26
,0.0,0.0,0.0,0.0,0.0,0.0,0.0,0.0,0.1,0.06,0.84,0.92,U56716,8
,0.0,0.0,0.0,0.0,0.0,0.0,0.0,0.0,0.2,0.11,0.76,0.84,U56731,68
,0.0,0.0,0.0,0.0,0.0,0.0,0.0,0.0,0.1,0.08,0.9,0.95,U56732,5
,0.0,0.0,0.0,0.0,0.0,0.0,0.0,0.0,0.14,0.07,0.78,0.86,U56749,61
0.08040201005025126,0.005434782608695652,0.0,0.0,0.0,0.0,0.0,0.0,0.3333333333333333,0.06,0.07,0.8,0.84,U56750,73
,0.0,0.0,0.0,0.0,0.0,0.0,0.0,0.0,0.18,0.12,0.7,0.8,U56764,29
,0.0,0.0,0.0,0.0,0.0,0.0,0.0,0.0,0.2,0.1,0.92,0.96,U56773,4
,0.0,0.0,0.0,0.0,0.0,0.0,0.0,0.0,0.16,0.1,0.8,0.9,U56778,10
,0.0,0.0,0.0,0.0,0.0,0.0,0.0,0.0,0.14,0.09,0.58,0.77,U56812,25
,0.0,0.0,0.0,0.0,0.0,0.0,0.0,0.0,0.06,0.05,0.86,0.9,U56819,62
,0.0,0.0,0.0,0.0,0.0,0.0,0.0,0.0,0.16,0.09,0.72,0.86,U56825,14
,0.0,0.0,0.0,0.0,0.0,0.0,0.0,0.0,0.06,0.06,0.96,0.98,U56894,2
,0.0,0.0,0.0,0.0,0.0,0.0,0.0,0.0,0.2,0.13,0.78,0.86,U5690,15
,0.0,0.0,0.0,0.0,0.0,0.0,0.0,0.0,0.2,0.11,0.7,0.8,U56912,40
,0.0,0.0,0.0,0.0,0.0,0.0,0.0,0.0,0.2,0.12,0.62,0.8,U56921,30
,0.0,0.0,0.0,0.0,0.0,0.0,0.0,0.0,0.18,0.12,0.78,0.85,U56937,41
,0.0,0.0,0.0,0.0,0.0,0.0,0.0,0.0,0.18,0.09,0.66,0.8,U56962,45
,0.0,0.0,0.0,0.0,0.0,0.0,0.0,0.0,0.2,0.13,0.72,0.86,U56973,15
,0.0,0.0,0.0,0.0,0.0,0.0,0.0,0.0,0.16,0.11,0.76,0.81,U57,47
,0.0,0.0,0.0,0.0,0.0,0.0,0.0,0.0,0.1,0.08,0.74,0.87,U57003,16
,0.0,0.0,0.0,0.0,0.0,0.0,0.0,0.0,0.2,0.13,0.98,0.99,U57008,1
,0.0,0.0,0.0,0.0,0.0,0.0,0.0,0.0,0.14,0.08,0.84,0.91,U57039,9
,0.0,0.0,0.0,0.0,0.0,0.0,0.0,0.0,0.1,0.05,0.8,0.86,U57044,40
,0.0,0.0,0.0,0.0,0.0,0.0,0.0,0.0,0.2,0.11,0.98,0.99,U57047,125
,0.0,0.0,0.0,0.0,0.0,0.0,0.0,0.0,0.18,0.12,0.68,0.82,U57061,22
,0.0,0.0,0.0,0.0,0.0,0.0,0.0,0.0,0.16,0.12,0.7,0.79,U57065,41
,0.0,0.0,0.0,0.0,0.0,0.0,0.0,0.0,0.22,0.13,0.84,0.92,U57066,9
,0.0,0.0,0.0,0.0,0.0,0.0,0.0,0.0,0.12,0.09,0.68,0.82,U57089,40
,0.0,0.0,0.0,0.0,0.0,0.0,0.0,0.0,0.18,0.13,0.92,0.96,U57103,5
,0.0,0.0,0.0,0.0,0.0,0.0,0.0,0.0,0.22,0.13,0.76,0.88,U57117,12
,0.0,0.0,0.0,0.0,0.0,0.0,0.0,0.0,0.14,0.1,0.92,0.96,U57131,4
,0.0,0.0,0.0,0.0,0.0,0.0,0.0,0.0,0.18,0.12,0.88,0.94,U57136,6
,0.0,0.0,0.0,0.0,0.0,0.0,0.0,0.0,0.14,0.1,0.86,0.93,U57156,7
,0.0,0.0,0.0,0.0,0.0,0.0,0.0,0.0,0.22,0.12,0.78,0.89,U57172,11
,0.0,0.0,0.0,0.0,0.0,0.0,0.0,0.0,0.16,0.08,0.8,0.9,U57196,10
,0.0,0.0,0.0,0.0,0.0,0.0,0.0,0.0,0.18,0.09,0.56,0.73,U57228,31
,0.0,0.0,0.0,0.0,0.0,0.0,0.0,0.0,0.14,0.12,0.68,0.78,U5724,43
,0.0,0.0,0.0,0.0,0.0,0.0,0.0,0.0,0.2,0.12,0.98,0.99,U5725,1
,0.0,0.0,0.0,0.0,0.0,0.0,0.0,0.0,0.04,0.04,0.94,0.96,U57258,76
,0.0,0.0,0.0,0.0,0.0,0.0,0.0,0.0,0.22,0.14,0.78,0.87,U57261,15
,0.0,0.0,0.0,0.0,0.0,0.0,0.0,0.0,0.2,0.12,0.76,0.88,U57265,15
,0.0,0.0,0.0,0.0,0.0,0.0,0.0,0.0,0.2,0.11,0.94,0.97,U57268,3
,0.0,0.0,0.0,0.0,0.0,0.0,0.0,0.0,0.2,0.1,0.76,0.86,U57279,16
,0.0,0.0,0.0,0.0,0.0,0.0,0.0,0.0,0.18,0.11,0.88,0.94,U57280,6
,0.0,0.0,0.0,0.0,0.0,0.0,0.0,0.0,0.12,0.09,0.88,0.9,U57282,13
,0.0,0.0,0.0,0.0,0.0,0.0,0.0,0.0,0.24,0.12,0.78,0.87,U5730,48
,0.0,0.0,0.0,0.0,0.0,0.0,0.0,0.0,0.12,0.08,0.8,0.9,U57307,10
,0.0,0.0,0.0,0.0,0.0,0.0,0.0,0.0,0.2,0.12,0.78,0.89,U57309,12
,0.0,0.0,0.0,0.0,0.0,0.0,0.0,0.0,0.12,0.07,0.7,0.84,U57324,18
,0.0,0.0,0.0,0.0,0.0,0.0,0.0,0.0,0.14,0.09,0.72,0.84,U57328,16
,0.0,0.0,0.0,0.0,0.0,0.0,0.0,0.0,0.24,0.14,0.62,0.77,U57329,37
,0.0,0.0,0.0,0.0,0.0,0.0,0.0,0.0,0.12,0.1,0.84,0.91,U57333,12
,0.0,0.0,0.0,0.0,0.0,0.0,0.0,0.0,0.2,0.11,0.96,0.98,U57341,2
,0.0,0.0,0.0,0.0,0.0,0.0,0.0,0.0,0.14,0.09,0.88,0.93,U57344,104
,0.0,0.0,0.0,0.0,0.0,0.0,0.0,0.0,0.02,0.01,0.8,0.89,U57349,33
,0.0,0.0,0.0,0.0,0.0,0.0,0.0,0.0,0.2,0.12,0.58,0.79,U57351,29
,0.0,0.0,0.0,0.0,0.0,0.0,0.0,0.0,0.14,0.11,0.86,0.93,U57354,7
,0.0,0.0,0.0,0.0,0.0,0.0,0.0,0.0,0.18,0.12,0.68,0.82,U57366,21
,0.0,0.0,0.0,0.0,0.0,0.0,0.0,0.0,0.1,0.06,0.92,0.94,U57383,65
,0.0,0.0,0.0,0.0,0.0,0.0,0.0,0.0,0.02,0.02,0.8,0.88,U57408,71
,0.0,0.0,0.0,0.0,0.0,0.0,0.0,0.0,0.18,0.11,0.98,0.98,U57413,140
,0.0,0.0,0.0,0.0,0.0,0.0,0.0,0.0,0.16,0.08,0.88,0.94,U57418,6
,0.0,0.0,0.0,0.0,0.0,0.0,0.0,0.0,0.2,0.11,0.82,0.9,U57462,37
,0.0,0.0,0.0,0.0,0.0,0.0,0.0,0.0,0.2,0.13,0.74,0.87,U57488,13
,0.0,0.0,0.0,0.0,0.0,0.0,0.0,0.0,0.18,0.14,0.92,0.94,U57503,72
,0.0,0.0,0.0,0.0,0.0,0.0,0.0,0.0,0.2,0.1,0.64,0.79,U5751,32
,0.0,0.0,0.0,0.0,0.0,0.0,0.0,0.0,0.12,0.09,0.8,0.89,U57516,11
,0.0,0.0,0.0,0.0,0.0,0.0,0.0,0.0,0.2,0.1,0.86,0.89,U5752,51
,0.0,0.0,0.0,0.0,0.0,0.0,0.0,0.0,0.22,0.12,0.72,0.85,U57535,27
,0.0,0.0,0.0,0.0,0.0,0.0,0.0,0.0,0.18,0.13,0.96,0.98,U5756,2
,0.0,0.0,0.0,0.0,0.0,0.0,0.0,0.0,0.2,0.12,0.64,0.8,U57567,22
,0.0,0.0,0.0,0.0,0.0,0.0,0.0,0.0,0.14,0.08,0.64,0.8,U57569,27
,0.0,0.0,0.0,0.0,0.0,0.0,0.0,0.0,0.18,0.09,0.84,0.92,U5761,8
,0.0,0.0,0.0,0.0,0.0,0.0,0.0,0.0,0.16,0.08,0.74,0.84,U57629,37
,0.0,0.0,0.0,0.0,0.0,0.0,0.0,0.0,0.24,0.12,0.94,0.97,U57634,3
0.6733668341708543,0.015151515151515152,0.0,0.0,0.0,0.0,0.0,0.5,0.5,0.14,0.09,0.72,0.85,U57639,44
,0.0,0.0,0.0,0.0,0.0,0.0,0.0,0.0,0.14,0.12,0.82,0.91,U57687,9
,0.0,0.0,0.0,0.0,0.0,0.0,0.0,0.0,0.22,0.12,0.58,0.77,U57692,30
,0.0,0.0,0.0,0.0,0.0,0.0,0.0,0.0,0.1,0.05,0.84,0.92,U57710,9
,0.0,0.0,0.0,0.0,0.0,0.0,0.0,0.0,0.24,0.14,0.64,0.8,U57711,24
,0.0,0.0,0.0,0.0,0.0,0.0,0.0,0.0,0.24,0.12,0.72,0.85,U57713,21
,0.0,0.0,0.0,0.0,0.0,0.0,0.0,0.0,0.18,0.1,0.64,0.81,U57717,28
,0.0,0.0,0.0,0.0,0.0,0.0,0.0,0.0,0.22,0.14,0.74,0.87,U57719,13
,0.0,0.0,0.0,0.0,0.0,0.0,0.0,0.0,0.08,0.05,0.98,0.99,U57722,1
,0.0,0.0,0.0,0.0,0.0,0.0,0.0,0.0,0.2,0.11,0.6,0.79,U57770,22
,0.0,0.0,0.0,0.0,0.0,0.0,0.0,0.0,0.2,0.12,0.7,0.85,U57772,16
,0.0,0.0,0.0,0.0,0.0,0.0,0.0,0.0,0.2,0.11,0.64,0.8,U57776,28
,0.0,0.0,0.0,0.0,0.0,0.0,0.0,0.0,0.14,0.09,0.58,0.73,U57792,39
,0.0,0.0,0.0,0.0,0.0,0.0,0.0,0.0,0.16,0.09,0.68,0.81,U57801,46
,0.0,0.0,0.0,0.0,0.0,0.0,0.0,0.0,0.16,0.11,0.9,0.95,U57820,5
,0.0,0.0,0.0,0.0,0.0,0.0,0.0,0.0,0.14,0.11,0.74,0.8,U57822,30
,0.0,0.0,0.0,0.0,0.0,0.0,0.0,0.0,0.12,0.07,0.82,0.91,U57826,10
,0.0,0.0,0.0,0.0,0.0,0.0,0.0,0.0,0.12,0.08,0.84,0.88,U57852,58
,0.0,0.0,0.0,0.0,0.0,0.0,0.0,0.0,0.12,0.1,0.74,0.78,U5786,44
,0.0,0.0,0.0,0.0,0.0,0.0,0.0,0.0,0.22,0.13,0.74,0.82,U57867,38
,0.0,0.0,0.0,0.0,0.0,0.0,0.0,0.0,0.26,0.14,0.7,0.85,U57874,15
,0.0,0.0,0.0,0.0,0.0,0.0,0.0,0.0,0.16,0.1,0.76,0.85,U57878,15
,0.0,0.0,0.0,0.0,0.0,0.0,0.0,0.0,0.16,0.12,0.82,0.91,U57880,9
,0.0,0.0,0.0,0.0,0.0,0.0,0.0,0.0,0.2,0.1,0.56,0.77,U57919,25
,0.0,0.0,0.0,0.0,0.0,0.0,0.0,0.0,0.12,0.11,0.84,0.92,U57921,8
,0.0,0.0,0.0,0.0,0.0,0.0,0.0,0.0,0.14,0.09,0.86,0.91,U57926,76
,0.0,0.0,0.0,0.0,0.0,0.0,0.0,0.0,0.18,0.12,0.6,0.77,U5796,24
,0.0,0.0,0.0,0.0,0.0,0.0,0.0,0.0,0.2,0.12,0.84,0.92,U57989,8
,0.0,0.0,0.0,0.0,0.0,0.0,0.0,0.0,0.2,0.1,0.54,0.73,U5799,33
,0.0,0.0,0.0,0.0,0.0,0.0,0.0,0.0,0.22,0.12,0.88,0.94,U57999,6
,0.0,0.0,0.0,0.0,0.0,0.0,0.0,0.0,0.08,0.06,0.76,0.86,U58027,59
,0.0,0.0,0.0,0.0,0.0,0.0,0.0,0.0,0.22,0.14,0.7,0.84,U58037,18
0.7247474747474747,0.024390243902439025,0.0,0.0,0.0,0.0,0.5,1.0,1.0,0.1,0.08,0.92,0.96,U58051,4
,0.0,0.0,0.0,0.0,0.0,0.0,0.0,0.0,0.06,0.05,0.92,0.96,U58057,4
,0.0,0.0,0.0,0.0,0.0,0.0,0.0,0.0,0.08,0.04,0.84,0.88,U58075,48
,0.0,0.0,0.0,0.0,0.0,0.0,0.0,0.0,0.22,0.13,0.64,0.77,U58091,30
,0.0,0.0,0.0,0.0,0.0,0.0,0.0,0.0,0.22,0.11,0.76,0.88,U58100,13
,0.0,0.0,0.0,0.0,0.0,0.0,0.0,0.0,0.06,0.03,0.86,0.93,U58112,7
,0.0,0.0,0.0,0.0,0.0,0.0,0.0,0.0,0.08,0.07,0.98,0.99,U58150,1
,0.0,0.0,0.0,0.0,0.0,0.0,0.0,0.0,0.14,0.08,0.64,0.79,U58159,31
,0.0,0.0,0.0,0.0,0.0,0.0,0.0,0.0,0.16,0.1,0.76,0.88,U58161,12
,0.0,0.0,0.0,0.0,0.0,0.0,0.0,0.0,0.2,0.12,0.7,0.79,U58190,59
,0.0,0.0,0.0,0.0,0.0,0.0,0.0,0.0,0.14,0.11,0.68,0.81,U58211,41
,0.0,0.0,0.0,0.0,0.0,0.0,0.0,0.0,0.18,0.09,0.96,0.98,U58219,2
,0.0,0.0,0.0,0.0,0.0,0.0,0.0,0.0,0.16,0.12,0.86,0.89,U58228,58
,0.0,0.0,0.0,0.0,0.0,0.0,0.0,0.0,0.2,0.12,0.72,0.85,U58257,17
,0.0,0.0,0.0,0.0,0.0,0.0,0.0,0.0,0.12,0.1,0.92,0.96,U58274,4
,0.0,0.0,0.0,0.0,0.0,0.0,0.0,0.0,0.14,0.08,0.94,0.97,U58280,3
,0.0,0.0,0.0,0.0,0.0,0.0,0.0,0.0,0.16,0.11,0.7,0.82,U58282,25
,0.0,0.0,0.0,0.0,0.0,0.0,0.0,0.0,0.18,0.11,0.94,0.97,U58286,3
0.5778894472361809,0.011764705882352941,0.0,0.0,0.0,0.0,0.0,0.14285714285714285,0.14285714285714285,0.16,0.12,0.8,0.86,U58287,90
,0.0,0.0,0.0,0.0,0.0,0.0,0.0,0.0,0.1,0.06,0.74,0.84,U58311,29
,0.0,0.0,0.0,0.0,0.0,0.0,0.0,0.0,0.24,0.13,0.86,0.93,U58349,7
,0.0,0.0,0.0,0.0,0.0,0.0,0.0,0.0,0.08,0.04,0.94,0.97,U58373,3
,0.0,0.0,0.0,0.0,0.0,0.0,0.0,0.0,0.18,0.1,0.92,0.96,U58379,4
,0.0,0.0,0.0,0.0,0.0,0.0,0.0,0.0,0.24,0.13,0.66,0.78,U58380,35
,0.0,0.0,0.0,0.0,0.0,0.0,0.0,0.0,0.22,0.12,0.72,0.85,U58398,20
,0.0,0.0,0.0,0.0,0.0,0.0,0.0,0.0,0.18,0.1,0.92,0.94,U58407,87
,0.0,0.0,0.0,0.0,0.0,0.0,0.0,0.0,0.12,0.06,0.7,0.82,U58428,18
,0.0,0.0,0.0,0.0,0.0,0.0,0.0,0.0,0.24,0.13,0.88,0.94,U58451,6
,0.0,0.0,0.0,0.0,0.0,0.0,0.0,0.0,0.24,0.14,0.76,0.87,U58464,14
,0.0,0.0,0.0,0.0,0.0,0.0,0.0,0.0,0.16,0.11,0.7,0.81,U5848,48
,0.0,0.0,0.0,0.0,0.0,0.0,0.0,0.0,0.1,0.06,0.72,0.85,U58485,24
,0.0,0.0,0.0,0.0,0.0,0.0,0.0,0.0,0.2,0.1,0.84,0.92,U5849,8
,0.0,0.0,0.0,0.0,0.0,0.0,0.0,0.0,0.14,0.1,0.8,0.9,U58517,10
,0.0,0.0,0.0,0.0,0.0,0.0,0.0,0.0,0.14,0.08,0.8,0.84,U58543,59
0.01507537688442211,0.005076142131979695,0.0,0.0,0.0,0.0,0.0,0.0,1.0,0.24,0.14,0.92,0.96,U58546,4
,0.0,0.0,0.0,0.0,0.0,0.0,0.0,0.0,0.12,0.09,0.86,0.85,U58566,34
,0.0,0.0,0.0,0.0,0.0,0.0,0.0,0.0,0.08,0.05,0.72,0.85,U5858,17
,0.0,0.0,0.0,0.0,0.0,0.0,0.0,0.0,0.1,0.05,0.9,0.95,U58613,6
,0.0,0.0,0.0,0.0,0.0,0.0,0.0,0.0,0.22,0.13,0.52,0.73,U58622,38
,0.0,0.0,0.0,0.0,0.0,0.0,0.0,0.0,0.18,0.11,0.92,0.96,U58640,4
,0.0,0.0,0.0,0.0,0.0,0.0,0.0,0.0,0.22,0.12,0.42,0.68,U5867,36
,0.0,0.0,0.0,0.0,0.0,0.0,0.0,0.0,0.22,0.13,0.8,0.9,U58684,11
,0.0,0.0,0.0,0.0,0.0,0.0,0.0,0.0,0.14,0.09,0.76,0.87,U58703,13
,0.0,0.0,0.0,0.0,0.0,0.0,0.0,0.0,0.18,0.14,0.76,0.87,U58706,14
,0.0,0.0,0.0,0.0,0.0,0.0,0.0,0.0,0.2,0.13,0.7,0.82,U58730,23
,0.0,0.0,0.0,0.0,0.0,0.0,0.0,0.0,0.16,0.09,0.66,0.81,U58737,19
,0.0,0.0,0.0,0.0,0.0,0.0,0.0,0.0,0.24,0.13,0.6,0.76,U58740,26
,0.0,0.0,0.0,0.0,0.0,0.0,0.0,0.0,0.22,0.11,0.76,0.87,U58783,13
,0.0,0.0,0.0,0.0,0.0,0.0,0.0,0.0,0.18,0.12,0.86,0.93,U58790,7
,0.0,0.0,0.0,0.0,0.0,0.0,0.0,0.0,0.1,0.07,0.64,0.82,U588,21
,0.0,0.0,0.0,0.0,0.0,0.0,0.0,0.0,0.08,0.04,0.78,0.89,U58805,16
0.5125628140703518,0.01020408163265306,0.0,0.0,0.0,0.0,0.0,0.05263157894736842,0.05263157894736842,0.26,0.14,0.86,0.9,U58811,70
0.2964824120603015,0.0070921985815602835,0.0,0.0,0.0,0.0,0.0,0.0,1.0,0.1,0.07,0.86,0.93,U58812,7
,0.0,0.0,0.0,0.0,0.0,0.0,0.0,0.0,0.18,0.13,0.96,0.97,U58813,208
,0.0,0.0,0.0,0.0,0.0,0.0,0.0,0.0,0.04,0.03,0.74,0.84,U58833,27
,0.0,0.0,0.0,0.0,0.0,0.0,0.0,0.0,0.14,0.08,0.66,0.82,U58855,21
,0.0,0.0,0.0,0.0,0.0,0.0,0.0,0.0,0.2,0.13,0.9,0.95,U58856,5
,0.0,0.0,0.0,0.0,0.0,0.0,0.0,0.0,0.12,0.06,0.72,0.84,U58860,30
,0.0,0.0,0.0,0.0,0.0,0.0,0.0,0.0,0.06,0.03,0.84,0.88,U5887,27
,0.0,0.0,0.0,0.0,0.0,0.0,0.0,0.0,0.04,0.02,0.88,0.94,U5890,8
,0.0,0.0,0.0,0.0,0.0,0.0,0.0,0.0,0.16,0.09,0.78,0.88,U58900,12
,0.0,0.0,0.0,0.0,0.0,0.0,0.0,0.0,0.24,0.12,0.68,0.83,U58933,23
,0.0,0.0,0.0,0.0,0.0,0.0,0.0,0.0,0.2,0.11,0.56,0.74,U58938,45
,0.0,0.0,0.0,0.0,0.0,0.0,0.0,0.0,0.06,0.06,0.7,0.85,U58949,32
,0.0,0.0,0.0,0.0,0.0,0.0,0.0,0.0,0.22,0.13,0.96,0.98,U58953,2
,0.0,0.0,0.0,0.0,0.0,0.0,0.0,0.0,0.1,0.08,0.94,0.97,U58961,3
,0.0,0.0,0.0,0.0,0.0,0.0,0.0,0.0,0.22,0.13,0.72,0.86,U58989,14
,0.0,0.0,0.0,0.0,0.0,0.0,0.0,0.0,0.12,0.07,0.82,0.91,U59016,9
,0.0,0.0,0.0,0.0,0.0,0.0,0.0,0.0,0.26,0.14,0.76,0.88,U59025,15
,0.0,0.0,0.0,0.0,0.0,0.0,0.0,0.0,0.14,0.12,0.88,0.92,U59029,9
,0.0,0.0,0.0,0.0,0.0,0.0,0.0,0.0,0.16,0.11,0.76,0.83,U59044,67
,0.0,0.0,0.0,0.0,0.0,0.0,0.0,0.0,0.2,0.11,0.88,0.94,U59068,6
,0.0,0.0,0.0,0.0,0.0,0.0,0.0,0.0,0.18,0.11,0.76,0.88,U59073,13
,0.0,0.0,0.0,0.0,0.0,0.0,0.0,0.0,0.16,0.11,0.62,0.78,U59078,26
,0.0,0.0,0.0,0.0,0.0,0.0,0.0,0.0,0.16,0.09,0.94,0.97,U59104,3
,0.0,0.0,0.0,0.0,0.0,0.0,0.0,0.0,0.22,0.12,0.9,0.95,U59105,5
,0.0,0.0,0.0,0.0,0.0,0.0,0.0,0.0,0.14,0.07,0.82,0.91,U59136,9
,0.0,0.0,0.0,0.0,0.0,0.0,0.0,0.0,0.16,0.09,0.9,0.95,U59138,5
,0.0,0.0,0.0,0.0,0.0,0.0,0.0,0.0,0.16,0.12,0.92,0.96,U59143,5
,0.0,0.0,0.0,0.0,0.0,0.0,0.0,0.0,0.12,0.09,0.86,0.93,U59151,7
,0.0,0.0,0.0,0.0,0.0,0.0,0.0,0.0,0.08,0.09,0.9,0.86,U59152,26
,0.0,0.0,0.0,0.0,0.0,0.0,0.0,0.0,0.12,0.08,0.66,0.78,U59268,41
,0.0,0.0,0.0,0.0,0.0,0.0,0.0,0.0,0.2,0.12,0.92,0.96,U59274,4
,0.0,0.0,0.0,0.0,0.0,0.0,0.0,0.0,0.14,0.11,0.62,0.73,U59292,44
,0.0,0.0,0.0,0.0,0.0,0.0,0.0,0.0,0.18,0.13,0.82,0.91,U59307,9
,0.0,0.0,0.0,0.0,0.0,0.0,0.0,0.0,0.22,0.12,0.8,0.87,U59330,61
,0.0,0.0,0.0,0.0,0.0,0.0,0.0,0.0,0.1,0.1,0.72,0.83,U59339,29
,0.0,0.0,0.0,0.0,0.0,0.0,0.0,0.0,0.2,0.14,0.84,0.92,U59343,8
,0.0,0.0,0.0,0.0,0.0,0.0,0.0,0.0,0.2,0.12,0.96,0.98,U59344,2
,0.0,0.0,0.0,0.0,0.0,0.0,0.0,0.0,0.16,0.09,0.7,0.85,U59370,19
0.9623115577889447,0.1111111111111111,0.0,0.3010299956639812,0.0,1.0,1.0,1.0,1.0,0.12,0.08,0.86,0.93,U59373,7
,0.0,0.0,0.0,0.0,0.0,0.0,0.0,0.0,0.2,0.12,0.66,0.79,U59398,31
,0.0,0.0,0.0,0.0,0.0,0.0,0.0,0.0,0.12,0.07,0.8,0.9,U59400,59
,0.0,0.0,0.0,0.0,0.0,0.0,0.0,0.0,0.22,0.12,0.92,0.96,U59418,4
,0.0,0.0,0.0,0.0,0.0,0.0,0.0,0.0,0.2,0.13,0.7,0.8,U59424,37
,0.0,0.0,0.0,0.0,0.0,0.0,0.0,0.0,0.18,0.1,0.78,0.89,U59430,13
0.4271356783919598,0.008695652173913044,0.0,0.0,0.0,0.0,0.0,0.0,0.25,0.1,0.07,0.82,0.86,U59440,129
,0.0,0.0,0.0,0.0,0.0,0.0,0.0,0.0,0.14,0.1,0.7,0.81,U59453,22
,0.0,0.0,0.0,0.0,0.0,0.0,0.0,0.0,0.12,0.09,0.74,0.83,U59469,69
,0.0,0.0,0.0,0.0,0.0,0.0,0.0,0.0,0.18,0.1,0.68,0.79,U59474,62
,0.0,0.0,0.0,0.0,0.0,0.0,0.0,0.0,0.2,0.12,0.8,0.9,U59475,10
,0.0,0.0,0.0,0.0,0.0,0.0,0.0,0.0,0.24,0.14,0.86,0.9,U59500,82
,0.0,0.0,0.0,0.0,0.0,0.0,0.0,0.0,0.2,0.13,0.94,0.97,U59561,3
,0.0,0.0,0.0,0.0,0.0,0.0,0.0,0.0,0.14,0.11,0.76,0.88,U5957,14
,0.0,0.0,0.0,0.0,0.0,0.0,0.0,0.0,0.04,0.03,0.82,0.88,U59607,93
,0.0,0.0,0.0,0.0,0.0,0.0,0.0,0.0,0.18,0.11,0.68,0.84,U59620,25
,0.0,0.0,0.0,0.0,0.0,0.0,0.0,0.0,0.04,0.03,0.82,0.84,U59633,38
,0.0,0.0,0.0,0.0,0.0,0.0,0.0,0.0,0.12,0.07,0.76,0.88,U59637,12
,0.0,0.0,0.0,0.0,0.0,0.0,0.0,0.0,0.16,0.1,0.6,0.78,U59655,34
,0.0,0.0,0.0,0.0,0.0,0.0,0.0,0.0,0.2,0.12,0.78,0.89,U59668,11
,0.0,0.0,0.0,0.0,0.0,0.0,0.0,0.0,0.24,0.14,0.98,0.97,U59679,142
,0.0,0.0,0.0,0.0,0.0,0.0,0.0,0.0,0.14,0.07,0.82,0.9,U5970,11
,0.0,0.0,0.0,0.0,0.0,0.0,0.0,0.0,0.12,0.09,0.9,0.94,U59701,117
0.5226130653266332,0.010416666666666666,0.0,0.0,0.0,0.0,0.0,1.0,1.0,0.22,0.13,0.84,0.92,U59715,8
,0.0,0.0,0.0,0.0,0.0,0.0,0.0,0.0,0.2,0.12,0.8,0.86,U59744,37
,0.0,0.0,0.0,0.0,0.0,0.0,0.0,0.0,0.2,0.12,0.9,0.95,U59751,5
,0.0,0.0,0.0,0.0,0.0,0.0,0.0,0.0,0.18,0.1,0.66,0.81,U59755,26
,0.0,0.0,0.0,0.0,0.0,0.0,0.0,0.0,0.2,0.13,0.76,0.87,U59762,16
,0.0,0.0,0.0,0.0,0.0,0.0,0.0,0.0,0.2,0.12,0.68,0.84,U59773,21
,0.0,0.0,0.0,0.0,0.0,0.0,0.0,0.0,0.04,0.02,0.8,0.89,U5981,47
,0.0,0.0,0.0,0.0,0.0,0.0,0.0,0.0,0.2,0.13,0.7,0.81,U59810,48
,0.0,0.0,0.0,0.0,0.0,0.0,0.0,0.0,0.06,0.03,0.88,0.89,U59819,89
,0.0,0.0,0.0,0.0,0.0,0.0,0.0,0.0,0.14,0.11,0.76,0.85,U5984,54
,0.0,0.0,0.0,0.0,0.0,0.0,0.0,0.0,0.24,0.14,0.76,0.88,U59870,12
,0.0,0.0,0.0,0.0,0.0,0.0,0.0,0.0,0.14,0.11,0.62,0.79,U59886,23
,0.0,0.0,0.0,0.0,0.0,0.0,0.0,0.0,0.24,0.14,0.66,0.82,U59928,19
,0.0,0.0,0.0,0.0,0.0,0.0,0.0,0.0,0.2,0.14,0.72,0.86,U59934,15
,0.0,0.0,0.0,0.0,0.0,0.0,0.0,0.0,0.14,0.07,0.8,0.88,U59963,96
,0.0,0.0,0.0,0.0,0.0,0.0,0.0,0.0,0.14,0.09,0.86,0.93,U59973,7
,0.0,0.0,0.0,0.0,0.0,0.0,0.0,0.0,0.12,0.09,0.96,0.98,U59998,2
,0.0,0.0,0.0,0.0,0.0,0.0,0.0,0.0,0.18,0.12,0.86,0.92,U60003,8
,0.0,0.0,0.0,0.0,0.0,0.0,0.0,0.0,0.2,0.12,0.78,0.88,U60015,13
,0.0,0.0,0.0,0.0,0.0,0.0,0.0,0.0,0.12,0.06,0.88,0.94,U60060,6
,0.0,0.0,0.0,0.0,0.0,0.0,0.0,0.0,0.14,0.07,0.86,0.93,U60123,7
,0.0,0.0,0.0,0.0,0.0,0.0,0.0,0.0,0.2,0.11,0.88,0.94,U60133,6
,0.0,0.0,0.0,0.0,0.0,0.0,0.0,0.0,0.16,0.1,0.9,0.95,U60139,5
,0.0,0.0,0.0,0.0,0.0,0.0,0.0,0.0,0.2,0.1,0.7,0.85,U60146,16
,0.0,0.0,0.0,0.0,0.0,0.0,0.0,0.0,0.16,0.1,0.62,0.79,U60151,22
,0.0,0.0,0.0,0.0,0.0,0.0,0.0,0.0,0.12,0.09,0.74,0.84,U6016,16
,0.0,0.0,0.0,0.0,0.0,0.0,0.0,0.0,0.12,0.07,0.72,0.82,U60165,44
,0.0,0.0,0.0,0.0,0.0,0.0,0.0,0.0,0.1,0.08,0.88,0.93,U6020,79
,0.0,0.0,0.0,0.0,0.0,0.0,0.0,0.0,0.14,0.09,0.92,0.96,U60234,4
,0.0,0.0,0.0,0.0,0.0,0.0,0.0,0.0,0.06,0.03,0.74,0.83,U60237,43
,0.0,0.0,0.0,0.0,0.0,0.0,0.0,0.0,0.22,0.13,0.66,0.83,U60251,22
,0.0,0.0,0.0,0.0,0.0,0.0,0.0,0.0,0.1,0.1,0.8,0.84,U60271,31
,0.0,0.0,0.0,0.0,0.0,0.0,0.0,0.0,0.16,0.08,0.66,0.8,U60308,26
,0.0,0.0,0.0,0.0,0.0,0.0,0.0,0.0,0.2,0.11,0.72,0.86,U60313,14
,0.0,0.0,0.0,0.0,0.0,0.0,0.0,0.0,0.24,0.13,0.62,0.77,U6032,30
,0.0,0.0,0.0,0.0,0.0,0.0,0.0,0.0,0.16,0.09,0.68,0.83,U60321,17
,0.0,0.0,0.0,0.0,0.0,0.0,0.0,0.0,0.16,0.11,0.94,0.97,U60332,3
,0.0,0.0,0.0,0.0,0.0,0.0,0.0,0.0,0.14,0.09,0.92,0.96,U60344,4
,0.0,0.0,0.0,0.0,0.0,0.0,0.0,0.0,0.1,0.06,0.86,0.92,U60363,8
,0.0,0.0,0.0,0.0,0.0,0.0,0.0,0.0,0.12,0.07,0.82,0.89,U60377,11
,0.0,0.0,0.0,0.0,0.0,0.0,0.0,0.0,0.06,0.03,0.94,0.97,U6040,3
,0.0,0.0,0.0,0.0,0.0,0.0,0.0,0.0,0.26,0.13,0.92,0.96,U60429,112
,0.0,0.0,0.0,0.0,0.0,0.0,0.0,0.0,0.12,0.08,0.82,0.91,U60481,9
,0.0,0.0,0.0,0.0,0.0,0.0,0.0,0.0,0.12,0.06,0.86,0.88,U60483,78
,0.0,0.0,0.0,0.0,0.0,0.0,0.0,0.0,0.18,0.13,0.84,0.92,U60505,8
,0.0,0.0,0.0,0.0,0.0,0.0,0.0,0.0,0.24,0.14,0.66,0.79,U60520,50
,0.0,0.0,0.0,0.0,0.0,0.0,0.0,0.0,0.08,0.05,0.96,0.98,U60524,2
0.6834170854271356,0.015625,0.0,0.0,0.0,0.0,0.0,0.1111111111111111,0.1111111111111111,0.2,0.14,0.9,0.93,U6054,64
,0.0,0.0,0.0,0.0,0.0,0.0,0.0,0.0,0.14,0.09,0.74,0.83,U60550,46
,0.0,0.0,0.0,0.0,0.0,0.0,0.0,0.0,0.18,0.11,0.96,0.98,U60594,2
,0.0,0.0,0.0,0.0,0.0,0.0,0.0,0.0,0.16,0.1,0.62,0.78,U60596,38
,0.0,0.0,0.0,0.0,0.0,0.0,0.0,0.0,0.12,0.09,0.8,0.84,U60597,42
,0.0,0.0,0.0,0.0,0.0,0.0,0.0,0.0,0.2,0.12,0.74,0.87,U60601,14
,0.0,0.0,0.0,0.0,0.0,0.0,0.0,0.0,0.18,0.11,0.72,0.86,U60604,15
,0.0,0.0,0.0,0.0,0.0,0.0,0.0,0.0,0.24,0.13,0.74,0.84,U60605,27
,0.0,0.0,0.0,0.0,0.0,0.0,0.0,0.0,0.16,0.11,0.78,0.89,U6062,11
,0.0,0.0,0.0,0.0,0.0,0.0,0.0,0.0,0.24,0.14,0.68,0.8,U60636,56
,0.0,0.0,0.0,0.0,0.0,0.0,0.0,0.0,0.22,0.11,0.76,0.86,U60642,15
,0.0,0.0,0.0,0.0,0.0,0.0,0.0,0.0,0.14,0.08,0.98,0.98,U60646,148
,0.0,0.0,0.0,0.0,0.0,0.0,0.0,0.0,0.2,0.11,0.96,0.98,U60655,2
,0.0,0.0,0.0,0.0,0.0,0.0,0.0,0.0,0.14,0.09,0.7,0.84,U60657,17
,0.0,0.0,0.0,0.0,0.0,0.0,0.0,0.0,0.16,0.1,0.7,0.81,U6066,43
,0.0,0.0,0.0,0.0,0.0,0.0,0.0,0.0,0.18,0.09,0.68,0.83,U60681,19
,0.0,0.0,0.0,0.0,0.0,0.0,0.0,0.0,0.1,0.07,0.78,0.89,U60691,11
,0.0,0.0,0.0,0.0,0.0,0.0,0.0,0.0,0.2,0.12,0.68,0.83,U60703,20
,0.0,0.0,0.0,0.0,0.0,0.0,0.0,0.0,0.06,0.04,0.96,0.98,U60717,2
,0.0,0.0,0.0,0.0,0.0,0.0,0.0,0.0,0.1,0.08,0.72,0.84,U60731,22
,0.0,0.0,0.0,0.0,0.0,0.0,0.0,0.0,0.12,0.07,0.84,0.92,U60785,8
,0.0,0.0,0.0,0.0,0.0,0.0,0.0,0.0,0.22,0.12,0.76,0.88,U60786,12
,0.0,0.0,0.0,0.0,0.0,0.0,0.0,0.0,0.18,0.1,0.9,0.95,U60787,5
,0.0,0.0,0.0,0.0,0.0,0.0,0.0,0.0,0.16,0.1,0.68,0.84,U6081,26
,0.0,0.0,0.0,0.0,0.0,0.0,0.0,0.0,0.06,0.08,0.88,0.93,U60822,7
,0.0,0.0,0.0,0.0,0.0,0.0,0.0,0.0,0.2,0.12,0.76,0.87,U6083,13
,0.0,0.0,0.0,0.0,0.0,0.0,0.0,0.0,0.16,0.08,0.74,0.87,U60850,15
,0.0,0.0,0.0,0.0,0.0,0.0,0.0,0.0,0.24,0.13,0.62,0.8,U60876,22
,0.0,0.0,0.0,0.0,0.0,0.0,0.0,0.0,0.16,0.12,0.92,0.96,U60895,4
,0.0,0.0,0.0,0.0,0.0,0.0,0.0,0.0,0.16,0.1,0.72,0.83,U609,43
,0.0,0.0,0.0,0.0,0.0,0.0,0.0,0.0,0.1,0.05,0.84,0.92,U60921,8
,0.0,0.0,0.0,0.0,0.0,0.0,0.0,0.0,0.12,0.08,0.7,0.85,U60964,16
,0.0,0.0,0.0,0.0,0.0,0.0,0.0,0.0,0.18,0.1,0.8,0.88,U60965,55
,0.0,0.0,0.0,0.0,0.0,0.0,0.0,0.0,0.2,0.12,0.98,0.99,U60991,1
,0.0,0.0,0.0,0.0,0.0,0.0,0.0,0.0,0.18,0.11,0.54,0.76,U61019,30
,0.0,0.0,0.0,0.0,0.0,0.0,0.0,0.0,0.12,0.07,0.62,0.77,U6102,34
,0.0,0.0,0.0,0.0,0.0,0.0,0.0,0.0,0.06,0.05,0.82,0.86,U61040,20
,0.0,0.0,0.0,0.0,0.0,0.0,0.0,0.0,0.18,0.11,0.7,0.82,U61054,51
,0.0,0.0,0.0,0.0,0.0,0.0,0.0,0.0,0.16,0.12,0.84,0.92,U61060,8
,0.0,0.0,0.0,0.0,0.0,0.0,0.0,0.0,0.2,0.12,0.72,0.85,U61092,16
,0.0,0.0,0.0,0.0,0.0,0.0,0.0,0.0,0.1,0.08,0.86,0.89,U6114,17
,0.0,0.0,0.0,0.0,0.0,0.0,0.0,0.0,0.22,0.12,0.8,0.9,U61158,10
,0.0,0.0,0.0,0.0,0.0,0.0,0.0,0.0,0.06,0.06,0.76,0.84,U6118,19
,0.0,0.0,0.0,0.0,0.0,0.0,0.0,0.0,0.2,0.11,0.72,0.79,U61181,61
,0.0,0.0,0.0,0.0,0.0,0.0,0.0,0.0,0.14,0.12,0.64,0.8,U6119,47
,0.0,0.0,0.0,0.0,0.0,0.0,0.0,0.0,0.1,0.06,0.7,0.83,U61222,24
,0.0,0.0,0.0,0.0,0.0,0.0,0.0,0.0,0.14,0.08,0.8,0.9,U61224,10
,0.0,0.0,0.0,0.0,0.0,0.0,0.0,0.0,0.18,0.11,0.92,0.96,U61228,4
,0.0,0.0,0.0,0.0,0.0,0.0,0.0,0.0,0.08,0.05,0.92,0.96,U61233,4
,0.0,0.0,0.0,0.0,0.0,0.0,0.0,0.0,0.2,0.13,0.8,0.9,U61234,10
,0.0,0.0,0.0,0.0,0.0,0.0,0.0,0.0,0.18,0.12,0.8,0.9,U61239,10
,0.0,0.0,0.0,0.0,0.0,0.0,0.0,0.0,0.18,0.12,0.74,0.87,U61243,13
,0.0,0.0,0.0,0.0,0.0,0.0,0.0,0.0,0.22,0.12,0.66,0.83,U61244,19
,0.0,0.0,0.0,0.0,0.0,0.0,0.0,0.0,0.14,0.1,0.68,0.83,U6125,27
,0.0,0.0,0.0,0.0,0.0,0.0,0.0,0.0,0.18,0.11,0.66,0.76,U61260,30
,0.0,0.0,0.0,0.0,0.0,0.0,0.0,0.0,0.08,0.04,0.74,0.85,U61264,43
,0.0,0.0,0.0,0.0,0.0,0.0,0.0,0.0,0.16,0.12,0.58,0.71,U61277,38
,0.0,0.0,0.0,0.0,0.0,0.0,0.0,0.0,0.18,0.11,0.94,0.97,U6129,3
,0.0,0.0,0.0,0.0,0.0,0.0,0.0,0.0,0.14,0.08,0.66,0.83,U61305,22
,0.0,0.0,0.0,0.0,0.0,0.0,0.0,0.0,0.18,0.09,0.7,0.84,U61321,25
,0.0,0.0,0.0,0.0,0.0,0.0,0.0,0.0,0.16,0.09,0.64,0.81,U61328,23
,0.0,0.0,0.0,0.0,0.0,0.0,0.0,0.0,0.26,0.14,0.7,0.84,U61329,21
,0.0,0.0,0.0,0.0,0.0,0.0,0.0,0.0,0.16,0.11,0.86,0.91,U61360,101
,0.0,0.0,0.0,0.0,0.0,0.0,0.0,0.0,0.2,0.12,0.8,0.87,U6138,60
,0.0,0.0,0.0,0.0,0.0,0.0,0.0,0.0,0.12,0.08,0.82,0.89,U61392,43
,0.0,0.0,0.0,0.0,0.0,0.0,0.0,0.0,0.06,0.05,0.86,0.92,U61399,31
,0.0,0.0,0.0,0.0,0.0,0.0,0.0,0.0,0.16,0.11,0.86,0.88,U61402,76
,0.0,0.0,0.0,0.0,0.0,0.0,0.0,0.0,0.22,0.11,0.88,0.94,U61413,6
,0.0,0.0,0.0,0.0,0.0,0.0,0.0,0.0,0.06,0.06,0.92,0.96,U61469,4
,0.0,0.0,0.0,0.0,0.0,0.0,0.0,0.0,0.22,0.12,0.76,0.88,U61485,12
,0.0,0.0,0.0,0.0,0.0,0.0,0.0,0.0,0.04,0.03,0.82,0.91,U61487,12
0.4321608040201005,0.008771929824561403,0.0,0.0,0.0,0.0,0.0,0.0,0.5,0.12,0.06,0.7,0.85,U6155,15
,0.0,0.0,0.0,0.0,0.0,0.0,0.0,0.0,0.22,0.13,0.7,0.79,U61557,45
,0.0,0.0,0.0,0.0,0.0,0.0,0.0,0.0,0.14,0.09,0.7,0.81,U61583,30
,0.0,0.0,0.0,0.0,0.0,0.0,0.0,0.0,0.16,0.13,0.96,0.98,U61595,2
,0.0,0.0,0.0,0.0,0.0,0.0,0.0,0.0,0.1,0.1,0.84,0.92,U61684,8
,0.0,0.0,0.0,0.0,0.0,0.0,0.0,0.0,0.1,0.06,0.9,0.94,U61688,6
,0.0,0.0,0.0,0.0,0.0,0.0,0.0,0.0,0.18,0.12,0.66,0.8,U61708,22
,0.0,0.0,0.0,0.0,0.0,0.0,0.0,0.0,0.1,0.06,0.84,0.87,U61723,54
,0.0,0.0,0.0,0.0,0.0,0.0,0.0,0.0,0.18,0.1,0.88,0.94,U61730,6
,0.0,0.0,0.0,0.0,0.0,0.0,0.0,0.0,0.02,0.01,0.88,0.91,U61750,50
,0.0,0.0,0.0,0.0,0.0,0.0,0.0,0.0,0.18,0.1,0.74,0.87,U61788,15
,0.0,0.0,0.0,0.0,0.0,0.0,0.0,0.0,0.1,0.05,0.7,0.82,U6179,18
,0.0,0.0,0.0,0.0,0.0,0.0,0.0,0.0,0.12,0.08,0.86,0.93,U61801,7
,0.0,0.0,0.0,0.0,0.0,0.0,0.0,0.0,0.14,0.12,0.68,0.83,U61811,26
,0.0,0.0,0.0,0.0,0.0,0.0,0.0,0.0,0.2,0.12,0.98,0.99,U61839,1
,0.0,0.0,0.0,0.0,0.0,0.0,0.0,0.0,0.16,0.09,0.8,0.9,U61862,10
,0.0,0.0,0.0,0.0,0.0,0.0,0.0,0.0,0.18,0.12,0.72,0.86,U61873,15
,0.0,0.0,0.0,0.0,0.0,0.0,0.0,0.0,0.16,0.11,0.86,0.88,U6188,58
,0.0,0.0,0.0,0.0,0.0,0.0,0.0,0.0,0.08,0.04,0.8,0.87,U61881,30
,0.0,0.0,0.0,0.0,0.0,0.0,0.0,0.0,0.08,0.05,0.94,0.94,U6190,74
,0.0,0.0,0.0,0.0,0.0,0.0,0.0,0.0,0.08,0.06,0.78,0.89,U61902,38
,0.0,0.0,0.0,0.0,0.0,0.0,0.0,0.0,0.16,0.1,0.86,0.92,U61943,8
,0.0,0.0,0.0,0.0,0.0,0.0,0.0,0.0,0.18,0.11,0.76,0.88,U61960,12
,0.0,0.0,0.0,0.0,0.0,0.0,0.0,0.0,0.04,0.02,0.92,0.93,U61968,81
,0.0,0.0,0.0,0.0,0.0,0.0,0.0,0.0,0.06,0.03,0.82,0.91,U61969,16
,0.0,0.0,0.0,0.0,0.0,0.0,0.0,0.0,0.22,0.13,0.64,0.79,U61970,24
,0.0,0.0,0.0,0.0,0.0,0.0,0.0,0.0,0.22,0.12,0.68,0.79,U61974,53
,0.0,0.0,0.0,0.0,0.0,0.0,0.0,0.0,0.18,0.11,0.8,0.9,U61995,10
,0.0,0.0,0.0,0.0,0.0,0.0,0.0,0.0,0.14,0.09,0.76,0.82,U6201,20
,0.0,0.0,0.0,0.0,0.0,0.0,0.0,0.0,0.16,0.11,0.68,0.81,U62013,21
,0.0,0.0,0.0,0.0,0.0,0.0,0.0,0.0,0.02,0.01,0.9,0.9,U6202,27
,0.0,0.0,0.0,0.0,0.0,0.0,0.0,0.0,0.16,0.09,0.88,0.94,U62041,6
,0.0,0.0,0.0,0.0,0.0,0.0,0.0,0.0,0.24,0.13,0.6,0.76,U62043,53
,0.0,0.0,0.0,0.0,0.0,0.0,0.0,0.0,0.1,0.05,0.74,0.87,U62061,13
,0.0,0.0,0.0,0.0,0.0,0.0,0.0,0.0,0.14,0.1,0.64,0.76,U62071,28
,0.0,0.0,0.0,0.0,0.0,0.0,0.0,0.0,0.2,0.13,0.9,0.95,U62076,5
,0.0,0.0,0.0,0.0,0.0,0.0,0.0,0.0,0.06,0.05,0.66,0.8,U62086,45
,0.0,0.0,0.0,0.0,0.0,0.0,0.0,0.0,0.12,0.08,0.96,0.98,U62109,2
,0.0,0.0,0.0,0.0,0.0,0.0,0.0,0.0,0.12,0.07,0.84,0.92,U62118,8
,0.0,0.0,0.0,0.0,0.0,0.0,0.0,0.0,0.18,0.12,0.62,0.78,U62121,31
,0.0,0.0,0.0,0.0,0.0,0.0,0.0,0.0,0.26,0.14,0.84,0.92,U62140,8
,0.0,0.0,0.0,0.0,0.0,0.0,0.0,0.0,0.1,0.06,0.96,0.98,U62178,2
,0.0,0.0,0.0,0.0,0.0,0.0,0.0,0.0,0.14,0.11,0.7,0.82,U62179,21
,0.0,0.0,0.0,0.0,0.0,0.0,0.0,0.0,0.14,0.08,0.8,0.9,U62189,10
,0.0,0.0,0.0,0.0,0.0,0.0,0.0,0.0,0.14,0.07,0.64,0.82,U62193,24
,0.0,0.0,0.0,0.0,0.0,0.0,0.0,0.0,0.2,0.12,0.98,0.99,U622,1
,0.0,0.0,0.0,0.0,0.0,0.0,0.0,0.0,0.22,0.12,0.6,0.78,U62228,24
,0.0,0.0,0.0,0.0,0.0,0.0,0.0,0.0,0.16,0.1,0.84,0.92,U62239,8
,0.0,0.0,0.0,0.0,0.0,0.0,0.0,0.0,0.18,0.11,0.72,0.85,U62301,15
,0.0,0.0,0.0,0.0,0.0,0.0,0.0,0.0,0.1,0.06,0.78,0.85,U62312,43
,0.0,0.0,0.0,0.0,0.0,0.0,0.0,0.0,0.04,0.03,0.88,0.9,U62325,28
,0.0,0.0,0.0,0.0,0.0,0.0,0.0,0.0,0.16,0.1,0.72,0.86,U62359,14
,0.0,0.0,0.0,0.0,0.0,0.0,0.0,0.0,0.22,0.13,0.98,0.98,U62382,172
,0.0,0.0,0.0,0.0,0.0,0.0,0.0,0.0,0.1,0.07,0.88,0.94,U62405,6
,0.0,0.0,0.0,0.0,0.0,0.0,0.0,0.0,0.2,0.12,0.96,0.98,U62414,2
,0.0,0.0,0.0,0.0,0.0,0.0,0.0,0.0,0.08,0.06,0.68,0.82,U62446,26
,0.0,0.0,0.0,0.0,0.0,0.0,0.0,0.0,0.12,0.06,0.86,0.89,U62457,54
,0.0,0.0,0.0,0.0,0.0,0.0,0.0,0.0,0.18,0.1,0.86,0.93,U62465,7
,0.0,0.0,0.0,0.0,0.0,0.0,0.0,0.0,0.18,0.12,0.78,0.89,U62486,13
,0.0,0.0,0.0,0.0,0.0,0.0,0.0,0.0,0.14,0.08,0.74,0.83,U62503,35
,0.0,0.0,0.0,0.0,0.0,0.0,0.0,0.0,0.24,0.12,0.76,0.88,U62519,12
,0.0,0.0,0.0,0.0,0.0,0.0,0.0,0.0,0.14,0.11,0.94,0.97,U62555,3
,0.0,0.0,0.0,0.0,0.0,0.0,0.0,0.0,0.16,0.14,0.92,0.96,U62558,4
,0.0,0.0,0.0,0.0,0.0,0.0,0.0,0.0,0.18,0.12,0.86,0.93,U62590,7
,0.0,0.0,0.0,0.0,0.0,0.0,0.0,0.0,0.12,0.09,0.86,0.86,U62597,20
,0.0,0.0,0.0,0.0,0.0,0.0,0.0,0.0,0.24,0.13,0.66,0.82,U62598,18
,0.0,0.0,0.0,0.0,0.0,0.0,0.0,0.0,0.16,0.11,0.9,0.93,U62605,94
,0.0,0.0,0.0,0.0,0.0,0.0,0.0,0.0,0.2,0.12,0.74,0.83,U62611,40
,0.0,0.0,0.0,0.0,0.0,0.0,0.0,0.0,0.04,0.03,0.88,0.92,U62614,100
,0.0,0.0,0.0,0.0,0.0,0.0,0.0,0.0,0.18,0.11,0.9,0.95,U62624,5
,0.0,0.0,0.0,0.0,0.0,0.0,0.0,0.0,0.18,0.1,0.96,0.92,U62637,121
,0.0,0.0,0.0,0.0,0.0,0.0,0.0,0.0,0.18,0.11,0.64,0.81,U62638,20
,0.0,0.0,0.0,0.0,0.0,0.0,0.0,0.0,0.14,0.1,0.82,0.88,U62655,75
,0.0,0.0,0.0,0.0,0.0,0.0,0.0,0.0,0.2,0.11,0.94,0.97,U62672,3
0.5879396984924623,0.012048192771084338,0.0,0.0,0.0,0.0,0.0,0.3333333333333333,0.3333333333333333,0.16,0.1,0.68,0.81,U6268,24
,0.0,0.0,0.0,0.0,0.0,0.0,0.0,0.0,0.2,0.13,0.94,0.93,U62700,72
,0.0,0.0,0.0,0.0,0.0,0.0,0.0,0.0,0.18,0.12,0.88,0.94,U62718,6
0.41708542713567837,0.008547008547008548,0.0,0.0,0.0,0.0,0.0,0.0,0.5,0.12,0.09,0.66,0.8,U62744,26
,0.0,0.0,0.0,0.0,0.0,0.0,0.0,0.0,0.1,0.06,0.82,0.91,U62753,9
,0.0,0.0,0.0,0.0,0.0,0.0,0.0,0.0,0.1,0.08,0.94,0.97,U62755,3
,0.0,0.0,0.0,0.0,0.0,0.0,0.0,0.0,0.04,0.03,0.82,0.86,U62800,19
,0.0,0.0,0.0,0.0,0.0,0.0,0.0,0.0,0.2,0.12,0.64,0.77,U62825,36
,0.0,0.0,0.0,0.0,0.0,0.0,0.0,0.0,0.16,0.09,0.86,0.91,U62837,67
,0.0,0.0,0.0,0.0,0.0,0.0,0.0,0.0,0.2,0.11,0.82,0.9,U62842,11
,0.0,0.0,0.0,0.0,0.0,0.0,0.0,0.0,0.1,0.06,0.84,0.92,U62843,20
,0.0,0.0,0.0,0.0,0.0,0.0,0.0,0.0,0.08,0.04,0.72,0.83,U62854,65
,0.0,0.0,0.0,0.0,0.0,0.0,0.0,0.0,0.14,0.11,0.92,0.96,U62857,4
,0.0,0.0,0.0,0.0,0.0,0.0,0.0,0.0,0.1,0.08,0.84,0.91,U62873,9
,0.0,0.0,0.0,0.0,0.0,0.0,0.0,0.0,0.22,0.12,0.68,0.81,U62898,37
,0.0,0.0,0.0,0.0,0.0,0.0,0.0,0.0,0.2,0.13,0.98,0.99,U62904,1
,0.0,0.0,0.0,0.0,0.0,0.0,0.0,0.0,0.18,0.13,0.72,0.84,U62908,37
,0.0,0.0,0.0,0.0,0.0,0.0,0.0,0.0,0.18,0.11,0.84,0.92,U62909,8
,0.0,0.0,0.0,0.0,0.0,0.0,0.0,0.0,0.12,0.1,0.74,0.85,U6291,21
,0.0,0.0,0.0,0.0,0.0,0.0,0.0,0.0,0.2,0.14,0.92,0.96,U62912,4
,0.0,0.0,0.0,0.0,0.0,0.0,0.0,0.0,0.12,0.09,0.88,0.94,U62946,6
,0.0,0.0,0.0,0.0,0.0,0.0,0.0,0.0,0.12,0.11,0.94,0.97,U62964,3
,0.0,0.0,0.0,0.0,0.0,0.0,0.0,0.0,0.14,0.09,0.92,0.93,U62973,39
,0.0,0.0,0.0,0.0,0.0,0.0,0.0,0.0,0.2,0.12,0.74,0.86,U62981,14
,0.0,0.0,0.0,0.0,0.0,0.0,0.0,0.0,0.16,0.09,0.68,0.83,U62983,20
,0.0,0.0,0.0,0.0,0.0,0.0,0.0,0.0,0.2,0.12,0.94,0.97,U62984,3
,0.0,0.0,0.0,0.0,0.0,0.0,0.0,0.0,0.16,0.09,0.94,0.96,U63028,4
,0.0,0.0,0.0,0.0,0.0,0.0,0.0,0.0,0.16,0.11,0.86,0.89,U63037,54
,0.0,0.0,0.0,0.0,0.0,0.0,0.0,0.0,0.2,0.12,0.72,0.86,U63049,15
,0.0,0.0,0.0,0.0,0.0,0.0,0.0,0.0,0.08,0.04,0.7,0.83,U63051,30
,0.0,0.0,0.0,0.0,0.0,0.0,0.0,0.0,0.08,0.06,0.86,0.93,U63064,7
,0.0,0.0,0.0,0.0,0.0,0.0,0.0,0.0,0.12,0.08,0.78,0.89,U63072,11
,0.0,0.0,0.0,0.0,0.0,0.0,0.0,0.0,0.22,0.11,0.88,0.94,U63075,6
,0.0,0.0,0.0,0.0,0.0,0.0,0.0,0.0,0.1,0.05,0.86,0.93,U63084,7
,0.0,0.0,0.0,0.0,0.0,0.0,0.0,0.0,0.12,0.07,0.74,0.83,U63093,25
,0.0,0.0,0.0,0.0,0.0,0.0,0.0,0.0,0.18,0.1,0.66,0.8,U63115,27
0.25125628140703515,0.006666666666666667,0.0,0.0,0.0,0.0,0.0,0.0,1.0,0.14,0.09,0.92,0.95,U63126,5
0.7286432160804021,0.01818181818181818,0.0,0.0,0.0,0.0,0.0,1.0,1.0,0.24,0.14,0.88,0.94,U63132,6
,0.0,0.0,0.0,0.0,0.0,0.0,0.0,0.0,0.12,0.09,0.88,0.93,U63138,8
,0.0,0.0,0.0,0.0,0.0,0.0,0.0,0.0,0.22,0.13,0.78,0.88,U63184,12
,0.0,0.0,0.0,0.0,0.0,0.0,0.0,0.0,0.12,0.08,0.78,0.88,U6319,15
,0.0,0.0,0.0,0.0,0.0,0.0,0.0,0.0,0.12,0.08,0.96,0.98,U63195,2
,0.0,0.0,0.0,0.0,0.0,0.0,0.0,0.0,0.18,0.12,0.96,0.98,U63238,2
,0.0,0.0,0.0,0.0,0.0,0.0,0.0,0.0,0.16,0.1,0.68,0.76,U63258,46
,0.0,0.0,0.0,0.0,0.0,0.0,0.0,0.0,0.12,0.11,0.96,0.98,U63260,2
,0.0,0.0,0.0,0.0,0.0,0.0,0.0,0.0,0.16,0.1,0.78,0.83,U63317,42
,0.0,0.0,0.0,0.0,0.0,0.0,0.0,0.0,0.14,0.09,0.7,0.78,U63333,27
,0.0,0.0,0.0,0.0,0.0,0.0,0.0,0.0,0.24,0.13,0.66,0.79,U63351,25
,0.0,0.0,0.0,0.0,0.0,0.0,0.0,0.0,0.26,0.14,0.66,0.83,U63364,19
,0.0,0.0,0.0,0.0,0.0,0.0,0.0,0.0,0.12,0.08,0.76,0.85,U63375,30
,0.0,0.0,0.0,0.0,0.0,0.0,0.0,0.0,0.18,0.1,0.92,0.96,U63386,4
,0.0,0.0,0.0,0.0,0.0,0.0,0.0,0.0,0.2,0.12,0.92,0.96,U63394,127
,0.0,0.0,0.0,0.0,0.0,0.0,0.0,0.0,0.24,0.12,0.72,0.85,U6340,35
,0.0,0.0,0.0,0.0,0.0,0.0,0.0,0.0,0.16,0.11,0.78,0.89,U63443,12
,0.0,0.0,0.0,0.0,0.0,0.0,0.0,0.0,0.16,0.12,0.9,0.95,U63447,5
,0.0,0.0,0.0,0.0,0.0,0.0,0.0,0.0,0.08,0.05,0.82,0.9,U63449,13
,0.0,0.0,0.0,0.0,0.0,0.0,0.0,0.0,0.2,0.1,0.74,0.87,U63456,13
,0.0,0.0,0.0,0.0,0.0,0.0,0.0,0.0,0.24,0.14,0.56,0.76,U63474,37
,0.0,0.0,0.0,0.0,0.0,0.0,0.0,0.0,0.16,0.11,0.64,0.76,U63476,47
,0.0,0.0,0.0,0.0,0.0,0.0,0.0,0.0,0.08,0.07,0.82,0.89,U6350,25
,0.0,0.0,0.0,0.0,0.0,0.0,0.0,0.0,0.08,0.06,0.8,0.87,U63520,33
,0.0,0.0,0.0,0.0,0.0,0.0,0.0,0.0,0.16,0.13,0.92,0.96,U63523,4
,0.0,0.0,0.0,0.0,0.0,0.0,0.0,0.0,0.26,0.13,0.88,0.94,U63528,6
,0.0,0.0,0.0,0.0,0.0,0.0,0.0,0.0,0.16,0.08,0.88,0.94,U63537,6
,0.0,0.0,0.0,0.0,0.0,0.0,0.0,0.0,0.2,0.12,0.76,0.88,U63541,13
0.7738693467336684,0.021739130434782608,0.0,0.0,0.0,0.0,1.0,1.0,1.0,0.12,0.08,0.7,0.82,U63546,26
,0.0,0.0,0.0,0.0,0.0,0.0,0.0,0.0,0.16,0.13,0.88,0.94,U63555,6
,0.0,0.0,0.0,0.0,0.0,0.0,0.0,0.0,0.16,0.11,0.74,0.83,U63567,18
0.5025125628140703,0.01,0.0,0.0,0.0,0.0,0.0,0.5,0.5,0.16,0.09,0.96,0.98,U63584,2
,0.0,0.0,0.0,0.0,0.0,0.0,0.0,0.0,0.14,0.12,0.7,0.85,U63585,17
,0.0,0.0,0.0,0.0,0.0,0.0,0.0,0.0,0.16,0.09,0.94,0.97,U63591,3
,0.0,0.0,0.0,0.0,0.0,0.0,0.0,0.0,0.2,0.12,0.84,0.92,U63593,8
,0.0,0.0,0.0,0.0,0.0,0.0,0.0,0.0,0.1,0.07,0.82,0.91,U63596,9
,0.0,0.0,0.0,0.0,0.0,0.0,0.0,0.0,0.18,0.13,0.98,0.99,U63606,1
,0.0,0.0,0.0,0.0,0.0,0.0,0.0,0.0,0.16,0.12,0.84,0.92,U63623,8
,0.0,0.0,0.0,0.0,0.0,0.0,0.0,0.0,0.12,0.1,0.78,0.89,U63624,11
,0.0,0.0,0.0,0.0,0.0,0.0,0.0,0.0,0.12,0.09,0.92,0.96,U63643,4
,0.0,0.0,0.0,0.0,0.0,0.0,0.0,0.0,0.14,0.1,0.82,0.86,U63660,21
,0.0,0.0,0.0,0.0,0.0,0.0,0.0,0.0,0.16,0.1,0.82,0.88,U63670,13
,0.0,0.0,0.0,0.0,0.0,0.0,0.0,0.0,0.18,0.13,0.7,0.8,U63680,53
,0.0,0.0,0.0,0.0,0.0,0.0,0.0,0.0,0.1,0.05,0.86,0.93,U6369,7
,0.0,0.0,0.0,0.0,0.0,0.0,0.0,0.0,0.16,0.08,0.76,0.88,U63698,13
0.1407035175879397,0.005813953488372093,0.0,0.0,0.0,0.0,0.0,0.0,1.0,0.12,0.11,0.94,0.97,U63701,3
,0.0,0.0,0.0,0.0,0.0,0.0,0.0,0.0,0.2,0.12,0.64,0.81,U63705,27
,0.0,0.0,0.0,0.0,0.0,0.0,0.0,0.0,0.16,0.09,0.7,0.83,U63714,20
,0.0,0.0,0.0,0.0,0.0,0.0,0.0,0.0,0.12,0.07,0.74,0.86,U6372,14
,0.0,0.0,0.0,0.0,0.0,0.0,0.0,0.0,0.18,0.13,0.78,0.87,U63735,13
,0.0,0.0,0.0,0.0,0.0,0.0,0.0,0.0,0.16,0.1,0.8,0.9,U63743,11
,0.0,0.0,0.0,0.0,0.0,0.0,0.0,0.0,0.2,0.11,0.74,0.83,U63754,54
,0.0,0.0,0.0,0.0,0.0,0.0,0.0,0.0,0.2,0.14,0.74,0.85,U63779,51
,0.0,0.0,0.0,0.0,0.0,0.0,0.0,0.0,0.2,0.13,0.72,0.82,U63784,36
,0.0,0.0,0.0,0.0,0.0,0.0,0.0,0.0,0.04,0.03,0.76,0.86,U63809,47
,0.0,0.0,0.0,0.0,0.0,0.0,0.0,0.0,0.2,0.11,0.66,0.82,U6382,23
,0.0,0.0,0.0,0.0,0.0,0.0,0.0,0.0,0.16,0.09,0.94,0.97,U63826,3
,0.0,0.0,0.0,0.0,0.0,0.0,0.0,0.0,0.2,0.12,0.7,0.78,U6383,32
,0.0,0.0,0.0,0.0,0.0,0.0,0.0,0.0,0.18,0.1,0.84,0.87,U63840,46
,0.0,0.0,0.0,0.0,0.0,0.0,0.0,0.0,0.18,0.1,0.64,0.8,U63851,37
,0.0,0.0,0.0,0.0,0.0,0.0,0.0,0.0,0.18,0.13,0.82,0.88,U63859,68
,0.0,0.0,0.0,0.0,0.0,0.0,0.0,0.0,0.18,0.11,0.82,0.87,U6386,59
,0.0,0.0,0.0,0.0,0.0,0.0,0.0,0.0,0.16,0.1,0.78,0.87,U63868,14
,0.0,0.0,0.0,0.0,0.0,0.0,0.0,0.0,0.08,0.08,0.92,0.96,U63870,4
,0.0,0.0,0.0,0.0,0.0,0.0,0.0,0.0,0.2,0.14,0.94,0.97,U63874,3
,0.0,0.0,0.0,0.0,0.0,0.0,0.0,0.0,0.18,0.13,0.88,0.92,U63882,94
,0.0,0.0,0.0,0.0,0.0,0.0,0.0,0.0,0.16,0.11,0.94,0.9,U63917,103
,0.0,0.0,0.0,0.0,0.0,0.0,0.0,0.0,0.2,0.11,0.66,0.81,U63924,22
,0.0,0.0,0.0,0.0,0.0,0.0,0.0,0.0,0.14,0.09,0.74,0.84,U63944,28
,0.0,0.0,0.0,0.0,0.0,0.0,0.0,0.0,0.16,0.13,0.66,0.81,U63949,27
,0.0,0.0,0.0,0.0,0.0,0.0,0.0,0.0,0.16,0.11,0.68,0.82,U63967,28
,0.0,0.0,0.0,0.0,0.0,0.0,0.0,0.0,0.02,0.03,0.92,0.91,U63977,23
,0.0,0.0,0.0,0.0,0.0,0.0,0.0,0.0,0.22,0.13,0.64,0.77,U64022,38
0.04522613065326633,0.005235602094240838,0.0,0.0,0.0,0.0,0.0,0.0,1.0,0.24,0.13,0.74,0.86,U64048,14
,0.0,0.0,0.0,0.0,0.0,0.0,0.0,0.0,0.12,0.07,0.88,0.94,U64103,6
,0.0,0.0,0.0,0.0,0.0,0.0,0.0,0.0,0.08,0.05,0.94,0.97,U64127,3
,0.0,0.0,0.0,0.0,0.0,0.0,0.0,0.0,0.08,0.06,0.74,0.86,U64153,14
,0.0,0.0,0.0,0.0,0.0,0.0,0.0,0.0,0.1,0.09,0.64,0.81,U64177,23
,0.0,0.0,0.0,0.0,0.0,0.0,0.0,0.0,0.16,0.1,0.84,0.92,U64193,9
,0.0,0.0,0.0,0.0,0.0,0.0,0.0,0.0,0.16,0.11,0.68,0.84,U64206,18
,0.0,0.0,0.0,0.0,0.0,0.0,0.0,0.0,0.14,0.09,0.6,0.77,U6422,36
,0.0,0.0,0.0,0.0,0.0,0.0,0.0,0.0,0.12,0.06,0.62,0.81,U64236,23
,0.0,0.0,0.0,0.0,0.0,0.0,0.0,0.0,0.16,0.1,0.76,0.8,U64280,48
,0.0,0.0,0.0,0.0,0.0,0.0,0.0,0.0,0.22,0.14,0.9,0.94,U64317,108
,0.0,0.0,0.0,0.0,0.0,0.0,0.0,0.0,0.2,0.11,0.64,0.81,U64340,21
,0.0,0.0,0.0,0.0,0.0,0.0,0.0,0.0,0.22,0.13,0.7,0.84,U64341,17
,0.0,0.0,0.0,0.0,0.0,0.0,0.0,0.0,0.18,0.13,0.84,0.92,U64347,8
0.19597989949748743,0.006211180124223602,0.0,0.0,0.0,0.0,0.0,0.0,0.25,0.14,0.1,0.78,0.87,U64355,16
,0.0,0.0,0.0,0.0,0.0,0.0,0.0,0.0,0.2,0.11,0.64,0.81,U6437,28
,0.0,0.0,0.0,0.0,0.0,0.0,0.0,0.0,0.1,0.06,0.78,0.89,U64453,11
,0.0,0.0,0.0,0.0,0.0,0.0,0.0,0.0,0.12,0.1,0.82,0.85,U64456,46
,0.0,0.0,0.0,0.0,0.0,0.0,0.0,0.0,0.28,0.14,0.7,0.84,U64464,16
,0.0,0.0,0.0,0.0,0.0,0.0,0.0,0.0,0.06,0.04,0.9,0.95,U64466,5
,0.0,0.0,0.0,0.0,0.0,0.0,0.0,0.0,0.22,0.12,0.74,0.86,U64483,17
,0.0,0.0,0.0,0.0,0.0,0.0,0.0,0.0,0.04,0.02,0.82,0.89,U64490,45
,0.0,0.0,0.0,0.0,0.0,0.0,0.0,0.0,0.12,0.07,0.72,0.82,U64503,42
,0.0,0.0,0.0,0.0,0.0,0.0,0.0,0.0,0.16,0.1,0.72,0.84,U64513,25
,0.0,0.0,0.0,0.0,0.0,0.0,0.0,0.0,0.1,0.07,0.86,0.89,U64546,40
,0.0,0.0,0.0,0.0,0.0,0.0,0.0,0.0,0.14,0.1,0.62,0.79,U64562,21
,0.0,0.0,0.0,0.0,0.0,0.0,0.0,0.0,0.1,0.07,0.92,0.96,U64564,4
,0.0,0.0,0.0,0.0,0.0,0.0,0.0,0.0,0.16,0.11,0.72,0.83,U64565,40
,0.0,0.0,0.0,0.0,0.0,0.0,0.0,0.0,0.14,0.09,0.72,0.84,U64601,20
,0.0,0.0,0.0,0.0,0.0,0.0,0.0,0.0,0.08,0.06,0.78,0.88,U64607,14
,0.0,0.0,0.0,0.0,0.0,0.0,0.0,0.0,0.14,0.08,0.84,0.88,U6464,78
,0.0,0.0,0.0,0.0,0.0,0.0,0.0,0.0,0.08,0.08,0.74,0.84,U64651,17
0.010050251256281407,0.005050505050505051,0.0,0.0,0.0,0.0,0.0,0.0,1.0,0.2,0.11,0.74,0.85,U64656,41
0.9547738693467337,0.1,0.0,0.2890648263178879,0.0,0.3333333333333333,0.3333333333333333,0.3333333333333333,0.3333333333333333,0.22,0.11,0.68,0.82,U64666,25
,0.0,0.0,0.0,0.0,0.0,0.0,0.0,0.0,0.08,0.06,0.88,0.94,U64671,6
,0.0,0.0,0.0,0.0,0.0,0.0,0.0,0.0,0.08,0.07,0.92,0.96,U64679,4
,0.0,0.0,0.0,0.0,0.0,0.0,0.0,0.0,0.18,0.12,0.72,0.81,U64683,39
,0.0,0.0,0.0,0.0,0.0,0.0,0.0,0.0,0.24,0.13,0.86,0.93,U64685,7
,0.0,0.0,0.0,0.0,0.0,0.0,0.0,0.0,0.06,0.03,0.82,0.89,U64687,20
,0.0,0.0,0.0,0.0,0.0,0.0,0.0,0.0,0.24,0.12,0.6,0.77,U64690,37
,0.0,0.0,0.0,0.0,0.0,0.0,0.0,0.0,0.12,0.11,0.86,0.93,U64691,7
,0.0,0.0,0.0,0.0,0.0,0.0,0.0,0.0,0.14,0.09,0.76,0.88,U64698,13
,0.0,0.0,0.0,0.0,0.0,0.0,0.0,0.0,0.18,0.12,0.78,0.84,U64791,51
,0.0,0.0,0.0,0.0,0.0,0.0,0.0,0.0,0.16,0.14,0.96,0.98,U64814,2
,0.0,0.0,0.0,0.0,0.0,0.0,0.0,0.0,0.12,0.07,0.62,0.79,U64817,40
,0.0,0.0,0.0,0.0,0.0,0.0,0.0,0.0,0.12,0.06,0.74,0.84,U64825,26
,0.0,0.0,0.0,0.0,0.0,0.0,0.0,0.0,0.18,0.1,0.78,0.81,U6483,53
,0.0,0.0,0.0,0.0,0.0,0.0,0.0,0.0,0.14,0.11,0.84,0.88,U64834,57
,0.0,0.0,0.0,0.0,0.0,0.0,0.0,0.0,0.18,0.1,0.72,0.85,U64837,15
,0.0,0.0,0.0,0.0,0.0,0.0,0.0,0.0,0.12,0.08,0.8,0.88,U64871,19
,0.0,0.0,0.0,0.0,0.0,0.0,0.0,0.0,0.06,0.09,0.94,0.93,U64877,60
,0.0,0.0,0.0,0.0,0.0,0.0,0.0,0.0,0.24,0.12,0.88,0.92,U64885,68
,0.0,0.0,0.0,0.0,0.0,0.0,0.0,0.0,0.06,0.07,0.92,0.96,U64906,4
,0.0,0.0,0.0,0.0,0.0,0.0,0.0,0.0,0.2,0.1,0.82,0.91,U64943,9
,0.0,0.0,0.0,0.0,0.0,0.0,0.0,0.0,0.12,0.11,0.92,0.96,U64947,4
,0.0,0.0,0.0,0.0,0.0,0.0,0.0,0.0,0.16,0.1,0.72,0.81,U64973,27
,0.0,0.0,0.0,0.0,0.0,0.0,0.0,0.0,0.14,0.09,0.86,0.86,U64985,74
,0.0,0.0,0.0,0.0,0.0,0.0,0.0,0.0,0.22,0.14,0.98,0.99,U65003,1
,0.0,0.0,0.0,0.0,0.0,0.0,0.0,0.0,0.06,0.03,0.9,0.93,U65009,130
,0.0,0.0,0.0,0.0,0.0,0.0,0.0,0.0,0.12,0.08,0.92,0.96,U65017,4
,0.0,0.0,0.0,0.0,0.0,0.0,0.0,0.0,0.14,0.09,0.9,0.95,U6503,5
,0.0,0.0,0.0,0.0,0.0,0.0,0.0,0.0,0.22,0.13,0.68,0.82,U65036,21
,0.0,0.0,0.0,0.0,0.0,0.0,0.0,0.0,0.2,0.1,0.68,0.82,U65046,19
,0.0,0.0,0.0,0.0,0.0,0.0,0.0,0.0,0.14,0.12,0.84,0.92,U65056,8
,0.0,0.0,0.0,0.0,0.0,0.0,0.0,0.0,0.22,0.13,0.98,0.99,U65059,1
,0.0,0.0,0.0,0.0,0.0,0.0,0.0,0.0,0.24,0.14,0.66,0.77,U65061,31
,0.0,0.0,0.0,0.0,0.0,0.0,0.0,0.0,0.22,0.13,0.74,0.86,U65086,16
,0.0,0.0,0.0,0.0,0.0,0.0,0.0,0.0,0.12,0.08,0.74,0.86,U65156,14
,0.0,0.0,0.0,0.0,0.0,0.0,0.0,0.0,0.16,0.13,0.88,0.94,U65163,6
,0.0,0.0,0.0,0.0,0.0,0.0,0.0,0.0,0.1,0.07,0.86,0.92,U65180,8
,0.0,0.0,0.0,0.0,0.0,0.0,0.0,0.0,0.2,0.12,0.98,0.99,U65183,1
,0.0,0.0,0.0,0.0,0.0,0.0,0.0,0.0,0.18,0.1,0.7,0.82,U6519,40
,0.0,0.0,0.0,0.0,0.0,0.0,0.0,0.0,0.14,0.11,0.76,0.88,U65194,16
,0.0,0.0,0.0,0.0,0.0,0.0,0.0,0.0,0.18,0.11,0.78,0.89,U65209,11
,0.0,0.0,0.0,0.0,0.0,0.0,0.0,0.0,0.2,0.11,0.64,0.81,U65228,21
,0.0,0.0,0.0,0.0,0.0,0.0,0.0,0.0,0.16,0.11,0.82,0.91,U65241,9
,0.0,0.0,0.0,0.0,0.0,0.0,0.0,0.0,0.14,0.09,0.94,0.97,U65243,3
0.21105527638190955,0.006329113924050633,0.0,0.0,0.0,0.0,0.0,0.0,1.0,0.2,0.12,0.88,0.94,U65246,6
,0.0,0.0,0.0,0.0,0.0,0.0,0.0,0.0,0.26,0.13,0.92,0.96,U65251,4
,0.0,0.0,0.0,0.0,0.0,0.0,0.0,0.0,0.16,0.12,0.88,0.9,U65257,108
,0.0,0.0,0.0,0.0,0.0,0.0,0.0,0.0,0.12,0.08,0.7,0.85,U65260,16
,0.0,0.0,0.0,0.0,0.0,0.0,0.0,0.0,0.22,0.13,0.58,0.76,U65267,34
,0.0,0.0,0.0,0.0,0.0,0.0,0.0,0.0,0.12,0.1,0.88,0.84,U65326,65
,0.0,0.0,0.0,0.0,0.0,0.0,0.0,0.0,0.1,0.08,0.74,0.8,U65341,51
,0.0,0.0,0.0,0.0,0.0,0.0,0.0,0.0,0.14,0.1,0.68,0.82,U65344,26
,0.0,0.0,0.0,0.0,0.0,0.0,0.0,0.0,0.22,0.12,0.76,0.88,U65346,12
,0.0,0.0,0.0,0.0,0.0,0.0,0.0,0.0,0.2,0.11,0.64,0.8,U65347,39
,0.0,0.0,0.0,0.0,0.0,0.0,0.0,0.0,0.14,0.12,0.76,0.83,U6535,49
,0.0,0.0,0.0,0.0,0.0,0.0,0.0,0.0,0.1,0.07,0.96,0.98,U65362,2
,0.0,0.0,0.0,0.0,0.0,0.0,0.0,0.0,0.24,0.12,0.72,0.85,U65375,18
,0.0,0.0,0.0,0.0,0.0,0.0,0.0,0.0,0.14,0.09,0.9,0.95,U65397,5
,0.0,0.0,0.0,0.0,0.0,0.0,0.0,0.0,0.16,0.1,0.66,0.83,U654,18
,0.0,0.0,0.0,0.0,0.0,0.0,0.0,0.0,0.12,0.09,0.74,0.85,U65422,19
,0.0,0.0,0.0,0.0,0.0,0.0,0.0,0.0,0.14,0.1,0.92,0.96,U65426,4
,0.0,0.0,0.0,0.0,0.0,0.0,0.0,0.0,0.18,0.11,0.72,0.86,U65434,19
,0.0,0.0,0.0,0.0,0.0,0.0,0.0,0.0,0.16,0.12,0.82,0.89,U65437,12
,0.0,0.0,0.0,0.0,0.0,0.0,0.0,0.0,0.14,0.08,0.6,0.8,U65473,21
,0.0,0.0,0.0,0.0,0.0,0.0,0.0,0.0,0.2,0.11,0.82,0.84,U65497,57
0.9748743718592965,0.16666666666666666,0.0,0.3562071871080222,0.0,1.0,1.0,1.0,1.0,0.02,0.03,0.96,0.98,U6553,2
,0.0,0.0,0.0,0.0,0.0,0.0,0.0,0.0,0.18,0.13,0.68,0.84,U65542,17
,0.0,0.0,0.0,0.0,0.0,0.0,0.0,0.0,0.22,0.13,0.88,0.88,U65578,190
,0.0,0.0,0.0,0.0,0.0,0.0,0.0,0.0,0.18,0.11,0.82,0.88,U65589,75
0.4371859296482412,0.008849557522123894,0.0,0.0,0.0,0.0,0.0,0.0,0.0625,0.24,0.13,0.66,0.83,U65633,21
,0.0,0.0,0.0,0.0,0.0,0.0,0.0,0.0,0.2,0.1,0.7,0.84,U65635,16
,0.0,0.0,0.0,0.0,0.0,0.0,0.0,0.0,0.18,0.13,0.98,0.99,U65691,1
,0.0,0.0,0.0,0.0,0.0,0.0,0.0,0.0,0.12,0.07,0.66,0.81,U65739,39
,0.0,0.0,0.0,0.0,0.0,0.0,0.0,0.0,0.12,0.07,0.86,0.93,U65743,7
,0.0,0.0,0.0,0.0,0.0,0.0,0.0,0.0,0.1,0.07,0.74,0.87,U65802,13
0.542713567839196,0.010869565217391304,0.0,0.0,0.0,0.0,0.0,0.14285714285714285,0.14285714285714285,0.18,0.12,0.72,0.86,U65808,15
,0.0,0.0,0.0,0.0,0.0,0.0,0.0,0.0,0.14,0.1,0.76,0.85,U65824,16
,0.0,0.0,0.0,0.0,0.0,0.0,0.0,0.0,0.16,0.12,0.88,0.94,U65864,6
,0.0,0.0,0.0,0.0,0.0,0.0,0.0,0.0,0.16,0.12,0.94,0.97,U65867,3
,0.0,0.0,0.0,0.0,0.0,0.0,0.0,0.0,0.18,0.11,0.76,0.86,U65882,30
,0.0,0.0,0.0,0.0,0.0,0.0,0.0,0.0,0.16,0.1,0.54,0.76,U65883,29
,0.0,0.0,0.0,0.0,0.0,0.0,0.0,0.0,0.14,0.09,0.9,0.95,U65885,5
,0.0,0.0,0.0,0.0,0.0,0.0,0.0,0.0,0.12,0.08,0.78,0.86,U65902,67
,0.0,0.0,0.0,0.0,0.0,0.0,0.0,0.0,0.24,0.12,0.7,0.85,U65910,15
,0.0,0.0,0.0,0.0,0.0,0.0,0.0,0.0,0.14,0.12,0.86,0.93,U65912,7
,0.0,0.0,0.0,0.0,0.0,0.0,0.0,0.0,0.2,0.11,0.74,0.86,U65936,15
,0.0,0.0,0.0,0.0,0.0,0.0,0.0,0.0,0.1,0.08,0.66,0.81,U65977,32
,0.0,0.0,0.0,0.0,0.0,0.0,0.0,0.0,0.16,0.1,0.8,0.89,U66017,11
,0.0,0.0,0.0,0.0,0.0,0.0,0.0,0.0,0.16,0.1,0.64,0.82,U66023,25
,0.0,0.0,0.0,0.0,0.0,0.0,0.0,0.0,0.24,0.13,0.66,0.78,U66027,50
,0.0,0.0,0.0,0.0,0.0,0.0,0.0,0.0,0.1,0.08,0.8,0.87,U66031,20
,0.0,0.0,0.0,0.0,0.0,0.0,0.0,0.0,0.18,0.13,0.72,0.85,U66039,15
,0.0,0.0,0.0,0.0,0.0,0.0,0.0,0.0,0.12,0.08,0.84,0.92,U6605,8
,0.0,0.0,0.0,0.0,0.0,0.0,0.0,0.0,0.1,0.07,0.9,0.95,U66079,5
,0.0,0.0,0.0,0.0,0.0,0.0,0.0,0.0,0.12,0.08,0.7,0.81,U66081,23
,0.0,0.0,0.0,0.0,0.0,0.0,0.0,0.0,0.2,0.12,0.58,0.78,U66082,36
,0.0,0.0,0.0,0.0,0.0,0.0,0.0,0.0,0.08,0.05,0.86,0.93,U66091,7
,0.0,0.0,0.0,0.0,0.0,0.0,0.0,0.0,0.08,0.07,0.72,0.82,U6613,46
,0.0,0.0,0.0,0.0,0.0,0.0,0.0,0.0,0.22,0.13,0.7,0.85,U66139,20
,0.0,0.0,0.0,0.0,0.0,0.0,0.0,0.0,0.24,0.12,0.6,0.75,U6616,43
,0.0,0.0,0.0,0.0,0.0,0.0,0.0,0.0,0.16,0.1,0.66,0.83,U66161,18
,0.0,0.0,0.0,0.0,0.0,0.0,0.0,0.0,0.12,0.1,0.7,0.85,U66215,15
,0.0,0.0,0.0,0.0,0.0,0.0,0.0,0.0,0.18,0.12,0.8,0.9,U66242,10
,0.0,0.0,0.0,0.0,0.0,0.0,0.0,0.0,0.14,0.09,0.88,0.94,U66271,6
,0.0,0.0,0.0,0.0,0.0,0.0,0.0,0.0,0.16,0.08,0.72,0.85,U66301,27
,0.0,0.0,0.0,0.0,0.0,0.0,0.0,0.0,0.18,0.12,0.72,0.82,U66309,48
,0.0,0.0,0.0,0.0,0.0,0.0,0.0,0.0,0.04,0.02,0.98,0.96,U66311,83
,0.0,0.0,0.0,0.0,0.0,0.0,0.0,0.0,0.2,0.11,0.86,0.89,U6633,71
,0.0,0.0,0.0,0.0,0.0,0.0,0.0,0.0,0.2,0.1,0.98,0.99,U66345,1
,0.0,0.0,0.0,0.0,0.0,0.0,0.0,0.0,0.18,0.1,0.68,0.83,U66358,22
,0.0,0.0,0.0,0.0,0.0,0.0,0.0,0.0,0.22,0.13,0.76,0.88,U66370,13
,0.0,0.0,0.0,0.0,0.0,0.0,0.0,0.0,0.06,0.09,0.84,0.91,U66377,16
,0.0,0.0,0.0,0.0,0.0,0.0,0.0,0.0,0.14,0.07,0.82,0.91,U66409,9
,0.0,0.0,0.0,0.0,0.0,0.0,0.0,0.0,0.06,0.05,0.8,0.89,U66418,50
,0.0,0.0,0.0,0.0,0.0,0.0,0.0,0.0,0.08,0.04,0.8,0.9,U66430,15
,0.0,0.0,0.0,0.0,0.0,0.0,0.0,0.0,0.16,0.08,0.7,0.83,U6644,24
,0.0,0.0,0.0,0.0,0.0,0.0,0.0,0.0,0.12,0.08,0.82,0.91,U66440,9
,0.0,0.0,0.0,0.0,0.0,0.0,0.0,0.0,0.2,0.12,0.78,0.89,U6645,11
,0.0,0.0,0.0,0.0,0.0,0.0,0.0,0.0,0.18,0.13,0.62,0.78,U66485,30
,0.0,0.0,0.0,0.0,0.0,0.0,0.0,0.0,0.12,0.11,0.92,0.96,U66491,4
,0.0,0.0,0.0,0.0,0.0,0.0,0.0,0.0,0.16,0.1,0.82,0.91,U66492,10
,0.0,0.0,0.0,0.0,0.0,0.0,0.0,0.0,0.2,0.13,0.8,0.9,U66505,10
,0.0,0.0,0.0,0.0,0.0,0.0,0.0,0.0,0.12,0.07,0.9,0.95,U66516,5
,0.0,0.0,0.0,0.0,0.0,0.0,0.0,0.0,0.16,0.1,0.74,0.84,U66562,47
,0.0,0.0,0.0,0.0,0.0,0.0,0.0,0.0,0.02,0.02,0.76,0.87,U66570,29
,0.0,0.0,0.0,0.0,0.0,0.0,0.0,0.0,0.08,0.05,0.96,0.98,U66587,2
,0.0,0.0,0.0,0.0,0.0,0.0,0.0,0.0,0.14,0.12,0.96,0.98,U66617,167
,0.0,0.0,0.0,0.0,0.0,0.0,0.0,0.0,0.16,0.11,0.92,0.96,U66619,4
,0.0,0.0,0.0,0.0,0.0,0.0,0.0,0.0,0.22,0.12,0.68,0.84,U66651,18
,0.0,0.0,0.0,0.0,0.0,0.0,0.0,0.0,0.26,0.14,0.96,0.98,U66656,2
,0.0,0.0,0.0,0.0,0.0,0.0,0.0,0.0,0.2,0.11,0.72,0.86,U66680,15
,0.0,0.0,0.0,0.0,0.0,0.0,0.0,0.0,0.14,0.1,0.86,0.93,U66681,7
,0.0,0.0,0.0,0.0,0.0,0.0,0.0,0.0,0.18,0.09,0.82,0.91,U66696,9
,0.0,0.0,0.0,0.0,0.0,0.0,0.0,0.0,0.14,0.09,0.74,0.86,U66711,15
,0.0,0.0,0.0,0.0,0.0,0.0,0.0,0.0,0.18,0.1,0.64,0.81,U66740,26
,0.0,0.0,0.0,0.0,0.0,0.0,0.0,0.0,0.06,0.04,0.68,0.84,U66743,18
,0.0,0.0,0.0,0.0,0.0,0.0,0.0,0.0,0.16,0.13,0.84,0.92,U66778,8
,0.0,0.0,0.0,0.0,0.0,0.0,0.0,0.0,0.1,0.06,0.86,0.85,U66794,78
,0.0,0.0,0.0,0.0,0.0,0.0,0.0,0.0,0.18,0.12,0.78,0.85,U6680,78
,0.0,0.0,0.0,0.0,0.0,0.0,0.0,0.0,0.18,0.12,0.7,0.85,U66821,17
,0.0,0.0,0.0,0.0,0.0,0.0,0.0,0.0,0.22,0.13,0.82,0.9,U66831,57
,0.0,0.0,0.0,0.0,0.0,0.0,0.0,0.0,0.16,0.1,0.84,0.92,U66847,8
,0.0,0.0,0.0,0.0,0.0,0.0,0.0,0.0,0.14,0.1,0.72,0.82,U66857,22
,0.0,0.0,0.0,0.0,0.0,0.0,0.0,0.0,0.1,0.07,0.72,0.84,U66864,22
,0.0,0.0,0.0,0.0,0.0,0.0,0.0,0.0,0.2,0.11,0.7,0.82,U66874,54
,0.0,0.0,0.0,0.0,0.0,0.0,0.0,0.0,0.16,0.09,0.64,0.82,U66886,20
,0.0,0.0,0.0,0.0,0.0,0.0,0.0,0.0,0.12,0.07,0.8,0.87,U66894,25
,0.0,0.0,0.0,0.0,0.0,0.0,0.0,0.0,0.12,0.09,0.72,0.86,U66906,14
,0.0,0.0,0.0,0.0,0.0,0.0,0.0,0.0,0.1,0.06,0.88,0.94,U66907,7
,0.0,0.0,0.0,0.0,0.0,0.0,0.0,0.0,0.08,0.09,0.86,0.93,U66922,7
,0.0,0.0,0.0,0.0,0.0,0.0,0.0,0.0,0.2,0.1,0.9,0.95,U66948,5
,0.0,0.0,0.0,0.0,0.0,0.0,0.0,0.0,0.16,0.08,0.76,0.87,U66972,13
,0.0,0.0,0.0,0.0,0.0,0.0,0.0,0.0,0.04,0.04,0.8,0.85,U670,50
0.6633165829145728,0.014705882352941176,0.0,0.0,0.0,0.0,0.0,0.5,0.5,0.06,0.04,0.78,0.87,U67001,14
0.3969849246231156,0.008264462809917356,0.0,0.0,0.0,0.0,0.0,0.0,0.25,0.16,0.12,0.86,0.89,U67045,50
,0.0,0.0,0.0,0.0,0.0,0.0,0.0,0.0,0.12,0.07,0.94,0.97,U67055,3
,0.0,0.0,0.0,0.0,0.0,0.0,0.0,0.0,0.1,0.07,0.88,0.94,U6707,6
,0.0,0.0,0.0,0.0,0.0,0.0,0.0,0.0,0.06,0.06,0.86,0.85,U67086,46
,0.0,0.0,0.0,0.0,0.0,0.0,0.0,0.0,0.22,0.11,0.74,0.83,U67099,61
,0.0,0.0,0.0,0.0,0.0,0.0,0.0,0.0,0.2,0.14,0.72,0.81,U67102,58
,0.0,0.0,0.0,0.0,0.0,0.0,0.0,0.0,0.14,0.12,0.8,0.87,U67136,15
,0.0,0.0,0.0,0.0,0.0,0.0,0.0,0.0,0.2,0.11,0.82,0.91,U67137,9
,0.0,0.0,0.0,0.0,0.0,0.0,0.0,0.0,0.24,0.13,0.74,0.87,U67158,15
,0.0,0.0,0.0,0.0,0.0,0.0,0.0,0.0,0.14,0.11,0.82,0.91,U67177,9
,0.0,0.0,0.0,0.0,0.0,0.0,0.0,0.0,0.14,0.08,0.74,0.86,U67203,17
,0.0,0.0,0.0,0.0,0.0,0.0,0.0,0.0,0.18,0.11,0.8,0.86,U67209,20
,0.0,0.0,0.0,0.0,0.0,0.0,0.0,0.0,0.08,0.07,0.92,0.94,U67223,62
,0.0,0.0,0.0,0.0,0.0,0.0,0.0,0.0,0.08,0.06,0.8,0.87,U67235,19
,0.0,0.0,0.0,0.0,0.0,0.0,0.0,0.0,0.16,0.11,0.92,0.93,U67252,83
,0.0,0.0,0.0,0.0,0.0,0.0,0.0,0.0,0.18,0.12,0.72,0.86,U67259,14
,0.0,0.0,0.0,0.0,0.0,0.0,0.0,0.0,0.16,0.12,0.88,0.94,U67284,6
,0.0,0.0,0.0,0.0,0.0,0.0,0.0,0.0,0.12,0.1,0.9,0.95,U67293,5
,0.0,0.0,0.0,0.0,0.0,0.0,0.0,0.0,0.22,0.14,0.68,0.82,U67308,38
,0.0,0.0,0.0,0.0,0.0,0.0,0.0,0.0,0.28,0.14,0.52,0.74,U67330,32
,0.0,0.0,0.0,0.0,0.0,0.0,0.0,0.0,0.1,0.07,0.86,0.92,U67343,70
,0.0,0.0,0.0,0.0,0.0,0.0,0.0,0.0,0.16,0.11,0.92,0.96,U67369,4
,0.0,0.0,0.0,0.0,0.0,0.0,0.0,0.0,0.12,0.07,0.92,0.96,U67372,4
,0.0,0.0,0.0,0.0,0.0,0.0,0.0,0.0,0.2,0.11,0.9,0.95,U6738,5
,0.0,0.0,0.0,0.0,0.0,0.0,0.0,0.0,0.14,0.09,0.66,0.78,U67380,26
,0.0,0.0,0.0,0.0,0.0,0.0,0.0,0.0,0.16,0.1,0.66,0.81,U67383,28
,0.0,0.0,0.0,0.0,0.0,0.0,0.0,0.0,0.14,0.09,0.82,0.9,U67395,45
,0.0,0.0,0.0,0.0,0.0,0.0,0.0,0.0,0.04,0.02,0.88,0.91,U67444,83
,0.0,0.0,0.0,0.0,0.0,0.0,0.0,0.0,0.2,0.11,0.9,0.95,U67466,5
,0.0,0.0,0.0,0.0,0.0,0.0,0.0,0.0,0.08,0.05,0.9,0.92,U6747,21
,0.0,0.0,0.0,0.0,0.0,0.0,0.0,0.0,0.08,0.05,0.74,0.86,U67485,33
,0.0,0.0,0.0,0.0,0.0,0.0,0.0,0.0,0.24,0.14,0.66,0.83,U67488,19
,0.0,0.0,0.0,0.0,0.0,0.0,0.0,0.0,0.2,0.11,0.82,0.9,U67508,10
,0.0,0.0,0.0,0.0,0.0,0.0,0.0,0.0,0.06,0.08,0.78,0.87,U67521,60
,0.0,0.0,0.0,0.0,0.0,0.0,0.0,0.0,0.2,0.11,0.72,0.86,U67524,16
,0.0,0.0,0.0,0.0,0.0,0.0,0.0,0.0,0.2,0.13,0.7,0.82,U67531,19
,0.0,0.0,0.0,0.0,0.0,0.0,0.0,0.0,0.22,0.13,0.66,0.81,U67535,21
,0.0,0.0,0.0,0.0,0.0,0.0,0.0,0.0,0.2,0.14,0.7,0.84,U67536,33
,0.0,0.0,0.0,0.0,0.0,0.0,0.0,0.0,0.16,0.12,0.74,0.81,U67545,43
,0.0,0.0,0.0,0.0,0.0,0.0,0.0,0.0,0.08,0.05,0.82,0.91,U67562,9
,0.0,0.0,0.0,0.0,0.0,0.0,0.0,0.0,0.1,0.06,0.8,0.85,U67564,80
,0.0,0.0,0.0,0.0,0.0,0.0,0.0,0.0,0.2,0.13,0.74,0.84,U67565,45
,0.0,0.0,0.0,0.0,0.0,0.0,0.0,0.0,0.14,0.09,0.82,0.91,U67573,9
,0.0,0.0,0.0,0.0,0.0,0.0,0.0,0.0,0.18,0.11,0.66,0.82,U67578,19
,0.0,0.0,0.0,0.0,0.0,0.0,0.0,0.0,0.18,0.1,0.88,0.94,U67589,6
,0.0,0.0,0.0,0.0,0.0,0.0,0.0,0.0,0.18,0.11,0.92,0.96,U67597,4
0.8190954773869347,0.02702702702702703,0.0,0.0,0.0,0.0,0.2,0.2,0.2,0.1,0.05,0.9,0.93,U67611,110
,0.0,0.0,0.0,0.0,0.0,0.0,0.0,0.0,0.22,0.12,0.9,0.95,U67629,5
,0.0,0.0,0.0,0.0,0.0,0.0,0.0,0.0,0.18,0.12,0.64,0.8,U67648,46
,0.0,0.0,0.0,0.0,0.0,0.0,0.0,0.0,0.1,0.08,0.62,0.81,U67651,21
,0.0,0.0,0.0,0.0,0.0,0.0,0.0,0.0,0.16,0.1,0.9,0.95,U67654,5
,0.0,0.0,0.0,0.0,0.0,0.0,0.0,0.0,0.22,0.12,0.78,0.87,U67670,52
,0.0,0.0,0.0,0.0,0.0,0.0,0.0,0.0,0.18,0.12,0.88,0.91,U67675,89
,0.0,0.0,0.0,0.0,0.0,0.0,0.0,0.0,0.12,0.09,0.74,0.87,U67692,13
,0.0,0.0,0.0,0.0,0.0,0.0,0.0,0.0,0.2,0.12,0.88,0.94,U67720,6
,0.0,0.0,0.0,0.0,0.0,0.0,0.0,0.0,0.08,0.09,0.96,0.98,U67721,2
,0.0,0.0,0.0,0.0,0.0,0.0,0.0,0.0,0.14,0.09,0.62,0.78,U6774,25
,0.0,0.0,0.0,0.0,0.0,0.0,0.0,0.0,0.22,0.13,0.64,0.8,U67761,23
,0.0,0.0,0.0,0.0,0.0,0.0,0.0,0.0,0.2,0.12,0.98,0.97,U67762,162
,0.0,0.0,0.0,0.0,0.0,0.0,0.0,0.0,0.1,0.06,0.74,0.83,U67765,26
,0.0,0.0,0.0,0.0,0.0,0.0,0.0,0.0,0.14,0.1,0.76,0.87,U67772,13
,0.0,0.0,0.0,0.0,0.0,0.0,0.0,0.0,0.22,0.12,0.92,0.96,U67774,4
,0.0,0.0,0.0,0.0,0.0,0.0,0.0,0.0,0.2,0.13,0.68,0.83,U67795,25
,0.0,0.0,0.0,0.0,0.0,0.0,0.0,0.0,0.14,0.11,0.68,0.84,U67807,17
,0.0,0.0,0.0,0.0,0.0,0.0,0.0,0.0,0.12,0.08,0.96,0.98,U67815,2
,0.0,0.0,0.0,0.0,0.0,0.0,0.0,0.0,0.18,0.12,0.7,0.81,U67823,26
,0.0,0.0,0.0,0.0,0.0,0.0,0.0,0.0,0.16,0.09,0.96,0.98,U67831,2
,0.0,0.0,0.0,0.0,0.0,0.0,0.0,0.0,0.2,0.12,0.76,0.88,U67839,13
,0.0,0.0,0.0,0.0,0.0,0.0,0.0,0.0,0.12,0.08,0.52,0.74,U6785,41
,0.0,0.0,0.0,0.0,0.0,0.0,0.0,0.0,0.24,0.13,0.66,0.81,U67859,23
0.05527638190954774,0.005291005291005291,0.0,0.0,0.0,0.0,0.0,0.0,0.3333333333333333,0.14,0.08,0.78,0.88,U67869,52
,0.0,0.0,0.0,0.0,0.0,0.0,0.0,0.0,0.08,0.09,0.74,0.84,U67905,47
,0.0,0.0,0.0,0.0,0.0,0.0,0.0,0.0,0.18,0.1,0.78,0.89,U67906,11
,0.0,0.0,0.0,0.0,0.0,0.0,0.0,0.0,0.12,0.12,0.94,0.97,U67912,3
,0.0,0.0,0.0,0.0,0.0,0.0,0.0,0.0,0.12,0.1,0.88,0.94,U67943,6
,0.0,0.0,0.0,0.0,0.0,0.0,0.0,0.0,0.18,0.09,0.86,0.93,U68004,7
,0.0,0.0,0.0,0.0,0.0,0.0,0.0,0.0,0.24,0.13,0.66,0.82,U68024,19
,0.0,0.0,0.0,0.0,0.0,0.0,0.0,0.0,0.14,0.09,0.82,0.91,U68035,9
,0.0,0.0,0.0,0.0,0.0,0.0,0.0,0.0,0.24,0.14,0.66,0.79,U68045,22
,0.0,0.0,0.0,0.0,0.0,0.0,0.0,0.0,0.1,0.08,0.8,0.84,U68046,42
,0.0,0.0,0.0,0.0,0.0,0.0,0.0,0.0,0.2,0.13,0.98,0.99,U68058,1
,0.0,0.0,0.0,0.0,0.0,0.0,0.0,0.0,0.22,0.14,0.56,0.78,U68067,25
,0.0,0.0,0.0,0.0,0.0,0.0,0.0,0.0,0.18,0.12,0.64,0.81,U68092,23
,0.0,0.0,0.0,0.0,0.0,0.0,0.0,0.0,0.18,0.13,0.64,0.76,U68112,45
,0.0,0.0,0.0,0.0,0.0,0.0,0.0,0.0,0.16,0.11,0.76,0.83,U68124,69
,0.0,0.0,0.0,0.0,0.0,0.0,0.0,0.0,0.16,0.1,0.68,0.82,U68139,56
,0.0,0.0,0.0,0.0,0.0,0.0,0.0,0.0,0.14,0.1,0.74,0.8,U68147,28
,0.0,0.0,0.0,0.0,0.0,0.0,0.0,0.0,0.2,0.1,0.78,0.89,U68148,11
,0.0,0.0,0.0,0.0,0.0,0.0,0.0,0.0,0.12,0.09,0.66,0.8,U68152,61
,0.0,0.0,0.0,0.0,0.0,0.0,0.0,0.0,0.14,0.1,0.68,0.8,U68169,34
,0.0,0.0,0.0,0.0,0.0,0.0,0.0,0.0,0.06,0.04,0.8,0.86,U68180,164
,0.0,0.0,0.0,0.0,0.0,0.0,0.0,0.0,0.12,0.07,0.78,0.86,U68201,17
,0.0,0.0,0.0,0.0,0.0,0.0,0.0,0.0,0.14,0.1,0.78,0.89,U68212,11
,0.0,0.0,0.0,0.0,0.0,0.0,0.0,0.0,0.22,0.12,0.78,0.87,U68284,64
,0.0,0.0,0.0,0.0,0.0,0.0,0.0,0.0,0.2,0.12,0.84,0.91,U68298,10
,0.0,0.0,0.0,0.0,0.0,0.0,0.0,0.0,0.22,0.11,0.82,0.91,U68317,9
,0.0,0.0,0.0,0.0,0.0,0.0,0.0,0.0,0.14,0.1,0.9,0.93,U68325,101
,0.0,0.0,0.0,0.0,0.0,0.0,0.0,0.0,0.1,0.05,0.92,0.96,U68359,4
,0.0,0.0,0.0,0.0,0.0,0.0,0.0,0.0,0.18,0.12,0.72,0.81,U68366,44
,0.0,0.0,0.0,0.0,0.0,0.0,0.0,0.0,0.18,0.1,0.74,0.84,U68381,60
0.07537688442211055,0.005405405405405406,0.0,0.0,0.0,0.0,0.0,0.0,1.0,0.2,0.12,0.62,0.8,U68384,23
,0.0,0.0,0.0,0.0,0.0,0.0,0.0,0.0,0.18,0.13,0.88,0.94,U68418,6
,0.0,0.0,0.0,0.0,0.0,0.0,0.0,0.0,0.22,0.12,0.58,0.79,U68429,28
,0.0,0.0,0.0,0.0,0.0,0.0,0.0,0.0,0.2,0.11,0.98,0.96,U68442,93
,0.0,0.0,0.0,0.0,0.0,0.0,0.0,0.0,0.2,0.11,0.6,0.71,U68460,43
,0.0,0.0,0.0,0.0,0.0,0.0,0.0,0.0,0.18,0.12,0.68,0.84,U68461,18
,0.0,0.0,0.0,0.0,0.0,0.0,0.0,0.0,0.16,0.1,0.86,0.91,U68479,88
,0.0,0.0,0.0,0.0,0.0,0.0,0.0,0.0,0.18,0.13,0.7,0.82,U68482,28
,0.0,0.0,0.0,0.0,0.0,0.0,0.0,0.0,0.16,0.1,0.64,0.76,U68485,34
,0.0,0.0,0.0,0.0,0.0,0.0,0.0,0.0,0.18,0.1,0.84,0.92,U68502,8
,0.0,0.0,0.0,0.0,0.0,0.0,0.0,0.0,0.22,0.13,0.98,0.99,U68503,1
,0.0,0.0,0.0,0.0,0.0,0.0,0.0,0.0,0.2,0.13,0.92,0.96,U68505,4
,0.0,0.0,0.0,0.0,0.0,0.0,0.0,0.0,0.14,0.11,0.98,0.99,U68564,1
,0.0,0.0,0.0,0.0,0.0,0.0,0.0,0.0,0.14,0.07,0.8,0.9,U68586,11
,0.0,0.0,0.0,0.0,0.0,0.0,0.0,0.0,0.18,0.11,0.96,0.98,U6860,2
,0.0,0.0,0.0,0.0,0.0,0.0,0.0,0.0,0.12,0.06,0.88,0.93,U6863,9
,0.0,0.0,0.0,0.0,0.0,0.0,0.0,0.0,0.12,0.06,0.76,0.88,U68634,13
,0.0,0.0,0.0,0.0,0.0,0.0,0.0,0.0,0.16,0.1,0.74,0.87,U68639,13
,0.0,0.0,0.0,0.0,0.0,0.0,0.0,0.0,0.16,0.09,0.88,0.94,U68644,6
,0.0,0.0,0.0,0.0,0.0,0.0,0.0,0.0,0.18,0.11,0.86,0.93,U68647,7
,0.0,0.0,0.0,0.0,0.0,0.0,0.0,0.0,0.12,0.06,0.8,0.9,U68663,10
,0.0,0.0,0.0,0.0,0.0,0.0,0.0,0.0,0.1,0.08,0.98,0.99,U68669,1
,0.0,0.0,0.0,0.0,0.0,0.0,0.0,0.0,0.16,0.1,0.7,0.83,U6867,21
,0.0,0.0,0.0,0.0,0.0,0.0,0.0,0.0,0.1,0.07,0.92,0.93,U68673,38
,0.0,0.0,0.0,0.0,0.0,0.0,0.0,0.0,0.24,0.13,0.72,0.84,U6868,20
,0.0,0.0,0.0,0.0,0.0,0.0,0.0,0.0,0.2,0.12,0.96,0.98,U68682,2
,0.0,0.0,0.0,0.0,0.0,0.0,0.0,0.0,0.1,0.08,0.66,0.82,U68684,28
,0.0,0.0,0.0,0.0,0.0,0.0,0.0,0.0,0.12,0.1,0.82,0.88,U68733,13
,0.0,0.0,0.0,0.0,0.0,0.0,0.0,0.0,0.04,0.04,0.72,0.83,U68754,31
,0.0,0.0,0.0,0.0,0.0,0.0,0.0,0.0,0.18,0.11,0.72,0.82,U68756,44
,0.0,0.0,0.0,0.0,0.0,0.0,0.0,0.0,0.18,0.12,0.92,0.95,U68763,96
,0.0,0.0,0.0,0.0,0.0,0.0,0.0,0.0,0.08,0.06,0.94,0.97,U68776,3
,0.0,0.0,0.0,0.0,0.0,0.0,0.0,0.0,0.18,0.1,0.66,0.82,U68777,23
,0.0,0.0,0.0,0.0,0.0,0.0,0.0,0.0,0.16,0.11,0.78,0.88,U68812,12
,0.0,0.0,0.0,0.0,0.0,0.0,0.0,0.0,0.12,0.09,0.8,0.83,U68819,24
,0.0,0.0,0.0,0.0,0.0,0.0,0.0,0.0,0.14,0.08,0.82,0.84,U68821,80
,0.0,0.0,0.0,0.0,0.0,0.0,0.0,0.0,0.22,0.12,0.54,0.75,U68838,36
,0.0,0.0,0.0,0.0,0.0,0.0,0.0,0.0,0.1,0.1,0.94,0.97,U68843,84
,0.0,0.0,0.0,0.0,0.0,0.0,0.0,0.0,0.18,0.11,0.8,0.9,U68897,10
,0.0,0.0,0.0,0.0,0.0,0.0,0.0,0.0,0.14,0.08,0.68,0.82,U68899,22
0.33668341708542715,0.007518796992481203,0.0,0.0,0.0,0.0,0.0,0.0,1.0,0.14,0.08,0.9,0.95,U68902,5
,0.0,0.0,0.0,0.0,0.0,0.0,0.0,0.0,0.18,0.13,0.78,0.89,U68905,11
,0.0,0.0,0.0,0.0,0.0,0.0,0.0,0.0,0.14,0.09,0.68,0.84,U68922,16
,0.0,0.0,0.0,0.0,0.0,0.0,0.0,0.0,0.08,0.04,0.86,0.88,U68940,53
,0.0,0.0,0.0,0.0,0.0,0.0,0.0,0.0,0.14,0.1,0.66,0.82,U68944,18
,0.0,0.0,0.0,0.0,0.0,0.0,0.0,0.0,0.18,0.12,0.9,0.95,U6896,5
,0.0,0.0,0.0,0.0,0.0,0.0,0.0,0.0,0.22,0.12,0.88,0.94,U68963,6
,0.0,0.0,0.0,0.0,0.0,0.0,0.0,0.0,0.12,0.08,0.86,0.93,U68990,7
,0.0,0.0,0.0,0.0,0.0,0.0,0.0,0.0,0.14,0.1,0.72,0.82,U68993,51
,0.0,0.0,0.0,0.0,0.0,0.0,0.0,0.0,0.12,0.11,0.86,0.93,U69000,7
,0.0,0.0,0.0,0.0,0.0,0.0,0.0,0.0,0.26,0.13,0.8,0.9,U69027,10
,0.0,0.0,0.0,0.0,0.0,0.0,0.0,0.0,0.16,0.09,0.66,0.74,U69105,41
,0.0,0.0,0.0,0.0,0.0,0.0,0.0,0.0,0.16,0.09,0.72,0.84,U69109,16
,0.0,0.0,0.0,0.0,0.0,0.0,0.0,0.0,0.2,0.12,0.72,0.84,U69116,30
,0.0,0.0,0.0,0.0,0.0,0.0,0.0,0.0,0.1,0.09,0.62,0.79,U69133,25
,0.0,0.0,0.0,0.0,0.0,0.0,0.0,0.0,0.14,0.1,0.78,0.84,U69136,35
,0.0,0.0,0.0,0.0,0.0,0.0,0.0,0.0,0.16,0.09,0.76,0.85,U69139,30
,0.0,0.0,0.0,0.0,0.0,0.0,0.0,0.0,0.1,0.05,0.66,0.82,U69142,40
,0.0,0.0,0.0,0.0,0.0,0.0,0.0,0.0,0.26,0.13,0.78,0.87,U69155,16
,0.0,0.0,0.0,0.0,0.0,0.0,0.0,0.0,0.24,0.13,0.74,0.87,U69174,13
,0.0,0.0,0.0,0.0,0.0,0.0,0.0,0.0,0.04,0.05,0.84,0.88,U69178,52
,0.0,0.0,0.0,0.0,0.0,0.0,0.0,0.0,0.2,0.12,0.88,0.94,U69179,132
,0.0,0.0,0.0,0.0,0.0,0.0,0.0,0.0,0.14,0.1,0.76,0.85,U69204,26
,0.0,0.0,0.0,0.0,0.0,0.0,0.0,0.0,0.22,0.13,0.74,0.85,U69224,35
,0.0,0.0,0.0,0.0,0.0,0.0,0.0,0.0,0.08,0.05,0.88,0.94,U69229,6
,0.0,0.0,0.0,0.0,0.0,0.0,0.0,0.0,0.14,0.08,0.72,0.82,U69235,41
,0.0,0.0,0.0,0.0,0.0,0.0,0.0,0.0,0.16,0.08,0.66,0.83,U69242,18
,0.0,0.0,0.0,0.0,0.0,0.0,0.0,0.0,0.1,0.09,0.9,0.94,U69251,6
,0.0,0.0,0.0,0.0,0.0,0.0,0.0,0.0,0.22,0.12,0.7,0.84,U69253,51
,0.0,0.0,0.0,0.0,0.0,0.0,0.0,0.0,0.16,0.09,0.92,0.96,U69262,4
,0.0,0.0,0.0,0.0,0.0,0.0,0.0,0.0,0.16,0.1,0.66,0.81,U6931,28
,0.0,0.0,0.0,0.0,0.0,0.0,0.0,0.0,0.14,0.1,0.72,0.84,U69316,19
,0.0,0.0,0.0,0.0,0.0,0.0,0.0,0.0,0.24,0.13,0.74,0.86,U69317,14
,0.0,0.0,0.0,0.0,0.0,0.0,0.0,0.0,0.08,0.07,0.94,0.92,U69319,59
,0.0,0.0,0.0,0.0,0.0,0.0,0.0,0.0,0.1,0.05,0.76,0.88,U69320,12
,0.0,0.0,0.0,0.0,0.0,0.0,0.0,0.0,0.1,0.1,0.92,0.96,U69322,4
,0.0,0.0,0.0,0.0,0.0,0.0,0.0,0.0,0.06,0.04,0.84,0.92,U6933,8
,0.0,0.0,0.0,0.0,0.0,0.0,0.0,0.0,0.12,0.07,0.86,0.93,U69338,7
,0.0,0.0,0.0,0.0,0.0,0.0,0.0,0.0,0.18,0.11,0.76,0.88,U69342,12
,0.0,0.0,0.0,0.0,0.0,0.0,0.0,0.0,0.14,0.09,0.64,0.81,U69346,20
,0.0,0.0,0.0,0.0,0.0,0.0,0.0,0.0,0.2,0.11,0.68,0.84,U69393,16
,0.0,0.0,0.0,0.0,0.0,0.0,0.0,0.0,0.12,0.07,0.92,0.96,U69394,4
,0.0,0.0,0.0,0.0,0.0,0.0,0.0,0.0,0.08,0.04,0.86,0.93,U69395,7
0.18592964824120603,0.006134969325153374,0.0,0.0,0.0,0.0,0.0,0.0,1.0,0.12,0.09,0.84,0.91,U69415,11
,0.0,0.0,0.0,0.0,0.0,0.0,0.0,0.0,0.18,0.12,0.54,0.75,U69436,30
,0.0,0.0,0.0,0.0,0.0,0.0,0.0,0.0,0.14,0.08,0.68,0.8,U69498,34
,0.0,0.0,0.0,0.0,0.0,0.0,0.0,0.0,0.2,0.11,0.74,0.83,U69508,63
0.8140703517587939,0.02631578947368421,0.0,0.0,0.0,0.0,0.5,0.5,0.5,0.1,0.07,0.8,0.85,U69512,45
,0.0,0.0,0.0,0.0,0.0,0.0,0.0,0.0,0.14,0.1,0.7,0.84,U69528,17
,0.0,0.0,0.0,0.0,0.0,0.0,0.0,0.0,0.14,0.09,0.66,0.81,U69546,23
,0.0,0.0,0.0,0.0,0.0,0.0,0.0,0.0,0.14,0.08,0.76,0.87,U69555,13
,0.0,0.0,0.0,0.0,0.0,0.0,0.0,0.0,0.18,0.11,0.7,0.85,U69560,15
,0.0,0.0,0.0,0.0,0.0,0.0,0.0,0.0,0.06,0.05,0.8,0.86,U69566,56
,0.0,0.0,0.0,0.0,0.0,0.0,0.0,0.0,0.24,0.13,0.64,0.8,U69569,28
,0.0,0.0,0.0,0.0,0.0,0.0,0.0,0.0,0.16,0.12,0.76,0.88,U69622,12
,0.0,0.0,0.0,0.0,0.0,0.0,0.0,0.0,0.08,0.07,0.72,0.82,U69630,28
,0.0,0.0,0.0,0.0,0.0,0.0,0.0,0.0,0.18,0.1,0.78,0.89,U69640,11
,0.0,0.0,0.0,0.0,0.0,0.0,0.0,0.0,0.16,0.09,0.78,0.89,U69647,11
,0.0,0.0,0.0,0.0,0.0,0.0,0.0,0.0,0.18,0.13,0.98,0.99,U69657,1
,0.0,0.0,0.0,0.0,0.0,0.0,0.0,0.0,0.12,0.07,0.78,0.88,U69674,56
,0.0,0.0,0.0,0.0,0.0,0.0,0.0,0.0,0.18,0.12,0.94,0.97,U69675,3
,0.0,0.0,0.0,0.0,0.0,0.0,0.0,0.0,0.2,0.11,0.54,0.75,U69681,34
,0.0,0.0,0.0,0.0,0.0,0.0,0.0,0.0,0.14,0.09,0.68,0.84,U69688,17
,0.0,0.0,0.0,0.0,0.0,0.0,0.0,0.0,0.16,0.12,0.68,0.84,U69732,17
,0.0,0.0,0.0,0.0,0.0,0.0,0.0,0.0,0.16,0.09,0.76,0.8,U69733,46
,0.0,0.0,0.0,0.0,0.0,0.0,0.0,0.0,0.1,0.09,0.92,0.96,U69740,4
,0.0,0.0,0.0,0.0,0.0,0.0,0.0,0.0,0.2,0.11,0.68,0.83,U69772,18
,0.0,0.0,0.0,0.0,0.0,0.0,0.0,0.0,0.22,0.12,0.76,0.85,U69821,58
,0.0,0.0,0.0,0.0,0.0,0.0,0.0,0.0,0.14,0.12,0.94,0.97,U69847,3
,0.0,0.0,0.0,0.0,0.0,0.0,0.0,0.0,0.18,0.11,0.7,0.85,U69854,15
,0.0,0.0,0.0,0.0,0.0,0.0,0.0,0.0,0.1,0.07,0.78,0.89,U69857,11
,0.0,0.0,0.0,0.0,0.0,0.0,0.0,0.0,0.18,0.11,0.68,0.79,U69869,38
,0.0,0.0,0.0,0.0,0.0,0.0,0.0,0.0,0.16,0.11,0.86,0.93,U69897,7
,0.0,0.0,0.0,0.0,0.0,0.0,0.0,0.0,0.18,0.11,0.92,0.96,U69899,4
,0.0,0.0,0.0,0.0,0.0,0.0,0.0,0.0,0.18,0.09,0.74,0.87,U69942,14
,0.0,0.0,0.0,0.0,0.0,0.0,0.0,0.0,0.12,0.06,0.72,0.84,U69950,41
,0.0,0.0,0.0,0.0,0.0,0.0,0.0,0.0,0.12,0.1,0.86,0.93,U6997,7
,0.0,0.0,0.0,0.0,0.0,0.0,0.0,0.0,0.16,0.11,0.78,0.84,U69985,52
,0.0,0.0,0.0,0.0,0.0,0.0,0.0,0.0,0.2,0.13,0.82,0.87,U69987,122
,0.0,0.0,0.0,0.0,0.0,0.0,0.0,0.0,0.16,0.09,0.86,0.93,U70000,7
,0.0,0.0,0.0,0.0,0.0,0.0,0.0,0.0,0.18,0.11,0.64,0.78,U70009,38
,0.0,0.0,0.0,0.0,0.0,0.0,0.0,0.0,0.14,0.08,0.82,0.91,U70013,9
,0.0,0.0,0.0,0.0,0.0,0.0,0.0,0.0,0.18,0.11,0.68,0.83,U70021,24
,0.0,0.0,0.0,0.0,0.0,0.0,0.0,0.0,0.18,0.11,0.96,0.98,U70039,2
,0.0,0.0,0.0,0.0,0.0,0.0,0.0,0.0,0.12,0.08,0.74,0.86,U70058,14
,0.0,0.0,0.0,0.0,0.0,0.0,0.0,0.0,0.18,0.11,0.86,0.93,U7007,7
,0.0,0.0,0.0,0.0,0.0,0.0,0.0,0.0,0.2,0.12,0.76,0.88,U70089,12
,0.0,0.0,0.0,0.0,0.0,0.0,0.0,0.0,0.14,0.11,0.66,0.78,U70122,51
,0.0,0.0,0.0,0.0,0.0,0.0,0.0,0.0,0.16,0.1,0.78,0.89,U70149,11
,0.0,0.0,0.0,0.0,0.0,0.0,0.0,0.0,0.22,0.12,0.86,0.89,U70155,73
0.27638190954773867,0.006896551724137931,0.0,0.0,0.0,0.0,0.0,0.0,0.25,0.24,0.13,0.68,0.84,U70187,16
,0.0,0.0,0.0,0.0,0.0,0.0,0.0,0.0,0.12,0.07,0.86,0.93,U70235,7
,0.0,0.0,0.0,0.0,0.0,0.0,0.0,0.0,0.18,0.11,0.78,0.89,U70237,11
,0.0,0.0,0.0,0.0,0.0,0.0,0.0,0.0,0.16,0.09,0.82,0.91,U70262,9
,0.0,0.0,0.0,0.0,0.0,0.0,0.0,0.0,0.1,0.07,0.82,0.88,U70271,15
,0.0,0.0,0.0,0.0,0.0,0.0,0.0,0.0,0.14,0.09,0.84,0.92,U70274,8
0.6884422110552764,0.015873015873015872,0.0,0.0,0.0,0.0,0.0,1.0,1.0,0.02,0.03,0.74,0.86,U70287,24
,0.0,0.0,0.0,0.0,0.0,0.0,0.0,0.0,0.16,0.08,0.86,0.93,U70297,7
,0.0,0.0,0.0,0.0,0.0,0.0,0.0,0.0,0.18,0.13,0.62,0.78,U70300,24
,0.0,0.0,0.0,0.0,0.0,0.0,0.0,0.0,0.14,0.08,0.82,0.84,U70313,45
,0.0,0.0,0.0,0.0,0.0,0.0,0.0,0.0,0.14,0.09,0.94,0.94,U70329,95
,0.0,0.0,0.0,0.0,0.0,0.0,0.0,0.0,0.08,0.05,0.76,0.86,U70330,55
,0.0,0.0,0.0,0.0,0.0,0.0,0.0,0.0,0.2,0.1,0.88,0.93,U70354,7
,0.0,0.0,0.0,0.0,0.0,0.0,0.0,0.0,0.18,0.13,0.74,0.84,U70371,40
0.7839195979899497,0.022727272727272728,0.0,0.0,0.0,0.0,0.5,0.5,0.5,0.22,0.14,0.78,0.89,U70396,11
,0.0,0.0,0.0,0.0,0.0,0.0,0.0,0.0,0.16,0.09,0.9,0.95,U70400,5
,0.0,0.0,0.0,0.0,0.0,0.0,0.0,0.0,0.1,0.06,0.84,0.92,U70433,8
,0.0,0.0,0.0,0.0,0.0,0.0,0.0,0.0,0.22,0.12,0.66,0.83,U70434,17
,0.0,0.0,0.0,0.0,0.0,0.0,0.0,0.0,0.1,0.08,0.8,0.86,U70449,69
,0.0,0.0,0.0,0.0,0.0,0.0,0.0,0.0,0.16,0.11,0.64,0.77,U70466,29
,0.0,0.0,0.0,0.0,0.0,0.0,0.0,0.0,0.12,0.08,0.98,0.96,U70493,118
,0.0,0.0,0.0,0.0,0.0,0.0,0.0,0.0,0.14,0.09,0.88,0.88,U70545,42
,0.0,0.0,0.0,0.0,0.0,0.0,0.0,0.0,0.12,0.09,0.94,0.97,U70556,3
,0.0,0.0,0.0,0.0,0.0,0.0,0.0,0.0,0.2,0.13,0.9,0.88,U70561,78
,0.0,0.0,0.0,0.0,0.0,0.0,0.0,0.0,0.08,0.06,0.86,0.9,U70606,39
,0.0,0.0,0.0,0.0,0.0,0.0,0.0,0.0,0.16,0.11,0.74,0.85,U70607,15
,0.0,0.0,0.0,0.0,0.0,0.0,0.0,0.0,0.18,0.12,0.72,0.86,U70608,15
,0.0,0.0,0.0,0.0,0.0,0.0,0.0,0.0,0.18,0.12,0.8,0.89,U70641,11
,0.0,0.0,0.0,0.0,0.0,0.0,0.0,0.0,0.16,0.11,0.92,0.96,U70675,4
,0.0,0.0,0.0,0.0,0.0,0.0,0.0,0.0,0.18,0.11,0.94,0.97,U70693,3
,0.0,0.0,0.0,0.0,0.0,0.0,0.0,0.0,0.1,0.1,0.76,0.88,U70695,14
,0.0,0.0,0.0,0.0,0.0,0.0,0.0,0.0,0.06,0.04,0.96,0.98,U70725,2
,0.0,0.0,0.0,0.0,0.0,0.0,0.0,0.0,0.2,0.12,0.98,0.99,U70731,1
,0.0,0.0,0.0,0.0,0.0,0.0,0.0,0.0,0.16,0.09,0.66,0.83,U70738,19
,0.0,0.0,0.0,0.0,0.0,0.0,0.0,0.0,0.18,0.1,0.56,0.77,U70751,31
,0.0,0.0,0.0,0.0,0.0,0.0,0.0,0.0,0.16,0.08,0.84,0.92,U70770,8
,0.0,0.0,0.0,0.0,0.0,0.0,0.0,0.0,0.14,0.09,0.78,0.89,U70795,13
,0.0,0.0,0.0,0.0,0.0,0.0,0.0,0.0,0.18,0.1,0.82,0.88,U70798,53
,0.0,0.0,0.0,0.0,0.0,0.0,0.0,0.0,0.14,0.08,0.64,0.79,U70805,31
,0.0,0.0,0.0,0.0,0.0,0.0,0.0,0.0,0.14,0.07,0.76,0.83,U70818,40
,0.0,0.0,0.0,0.0,0.0,0.0,0.0,0.0,0.18,0.11,0.78,0.89,U70844,12
,0.0,0.0,0.0,0.0,0.0,0.0,0.0,0.0,0.14,0.1,0.96,0.98,U70851,2
,0.0,0.0,0.0,0.0,0.0,0.0,0.0,0.0,0.1,0.11,0.78,0.79,U70853,28
,0.0,0.0,0.0,0.0,0.0,0.0,0.0,0.0,0.04,0.02,0.84,0.91,U70854,20
,0.0,0.0,0.0,0.0,0.0,0.0,0.0,0.0,0.12,0.09,0.72,0.85,U70869,51
,0.0,0.0,0.0,0.0,0.0,0.0,0.0,0.0,0.18,0.1,0.78,0.89,U70882,13
,0.0,0.0,0.0,0.0,0.0,0.0,0.0,0.0,0.22,0.14,0.9,0.95,U70891,5
,0.0,0.0,0.0,0.0,0.0,0.0,0.0,0.0,0.2,0.11,0.74,0.87,U70905,13
,0.0,0.0,0.0,0.0,0.0,0.0,0.0,0.0,0.06,0.05,0.58,0.75,U70925,29
,0.0,0.0,0.0,0.0,0.0,0.0,0.0,0.0,0.16,0.09,0.82,0.91,U7096,9
,0.0,0.0,0.0,0.0,0.0,0.0,0.0,0.0,0.04,0.06,0.9,0.9,U70971,74
,0.0,0.0,0.0,0.0,0.0,0.0,0.0,0.0,0.1,0.07,0.92,0.96,U70985,4
,0.0,0.0,0.0,0.0,0.0,0.0,0.0,0.0,0.16,0.13,0.86,0.93,U70987,7
,0.0,0.0,0.0,0.0,0.0,0.0,0.0,0.0,0.14,0.08,0.8,0.87,U70992,17
,0.0,0.0,0.0,0.0,0.0,0.0,0.0,0.0,0.18,0.11,0.88,0.94,U70993,6
,0.0,0.0,0.0,0.0,0.0,0.0,0.0,0.0,0.24,0.13,0.58,0.76,U71024,31
,0.0,0.0,0.0,0.0,0.0,0.0,0.0,0.0,0.06,0.07,0.8,0.89,U71059,38
,0.0,0.0,0.0,0.0,0.0,0.0,0.0,0.0,0.22,0.14,0.78,0.84,U71083,42
,0.0,0.0,0.0,0.0,0.0,0.0,0.0,0.0,0.18,0.11,0.68,0.81,U71092,54
,0.0,0.0,0.0,0.0,0.0,0.0,0.0,0.0,0.06,0.03,0.88,0.91,U7110,50
,0.0,0.0,0.0,0.0,0.0,0.0,0.0,0.0,0.14,0.09,0.68,0.81,U71100,22
,0.0,0.0,0.0,0.0,0.0,0.0,0.0,0.0,0.18,0.09,0.86,0.9,U71116,82
,0.0,0.0,0.0,0.0,0.0,0.0,0.0,0.0,0.18,0.13,0.88,0.94,U71137,6
0.3969849246231156,0.008264462809917356,0.0,0.0,0.0,0.0,0.0,0.0,0.5,0.14,0.1,0.68,0.84,U71138,17
,0.0,0.0,0.0,0.0,0.0,0.0,0.0,0.0,0.14,0.11,0.78,0.83,U71156,38
,0.0,0.0,0.0,0.0,0.0,0.0,0.0,0.0,0.06,0.03,0.96,0.98,U71171,2
,0.0,0.0,0.0,0.0,0.0,0.0,0.0,0.0,0.14,0.08,0.8,0.9,U71193,12
,0.0,0.0,0.0,0.0,0.0,0.0,0.0,0.0,0.06,0.05,0.94,0.94,U71198,99
,0.0,0.0,0.0,0.0,0.0,0.0,0.0,0.0,0.14,0.11,0.8,0.82,U71202,27
,0.0,0.0,0.0,0.0,0.0,0.0,0.0,0.0,0.08,0.05,0.94,0.92,U71255,39
,0.0,0.0,0.0,0.0,0.0,0.0,0.0,0.0,0.1,0.06,0.7,0.83,U71274,52
,0.0,0.0,0.0,0.0,0.0,0.0,0.0,0.0,0.2,0.12,0.96,0.93,U71275,75
,0.0,0.0,0.0,0.0,0.0,0.0,0.0,0.0,0.2,0.12,0.9,0.95,U71285,5
,0.0,0.0,0.0,0.0,0.0,0.0,0.0,0.0,0.22,0.11,0.7,0.85,U71300,19
,0.0,0.0,0.0,0.0,0.0,0.0,0.0,0.0,0.14,0.1,0.7,0.83,U7132,20
,0.0,0.0,0.0,0.0,0.0,0.0,0.0,0.0,0.08,0.06,0.82,0.87,U71357,46
,0.0,0.0,0.0,0.0,0.0,0.0,0.0,0.0,0.22,0.13,0.72,0.83,U71364,51
,0.0,0.0,0.0,0.0,0.0,0.0,0.0,0.0,0.12,0.08,0.76,0.79,U71373,51
,0.0,0.0,0.0,0.0,0.0,0.0,0.0,0.0,0.24,0.13,0.66,0.83,U71419,17
,0.0,0.0,0.0,0.0,0.0,0.0,0.0,0.0,0.18,0.11,0.9,0.95,U71426,5
,0.0,0.0,0.0,0.0,0.0,0.0,0.0,0.0,0.22,0.13,0.86,0.92,U71451,8
,0.0,0.0,0.0,0.0,0.0,0.0,0.0,0.0,0.24,0.12,0.94,0.96,U71454,142
,0.0,0.0,0.0,0.0,0.0,0.0,0.0,0.0,0.16,0.1,0.86,0.92,U71473,8
,0.0,0.0,0.0,0.0,0.0,0.0,0.0,0.0,0.2,0.13,0.68,0.79,U71475,29
,0.0,0.0,0.0,0.0,0.0,0.0,0.0,0.0,0.18,0.11,0.74,0.83,U7149,35
,0.0,0.0,0.0,0.0,0.0,0.0,0.0,0.0,0.22,0.12,0.64,0.8,U7151,21
,0.0,0.0,0.0,0.0,0.0,0.0,0.0,0.0,0.2,0.1,0.68,0.82,U71530,20
,0.0,0.0,0.0,0.0,0.0,0.0,0.0,0.0,0.08,0.1,0.96,0.95,U71539,71
,0.0,0.0,0.0,0.0,0.0,0.0,0.0,0.0,0.12,0.07,0.74,0.87,U71545,14
,0.0,0.0,0.0,0.0,0.0,0.0,0.0,0.0,0.18,0.1,0.66,0.82,U71570,27
,0.0,0.0,0.0,0.0,0.0,0.0,0.0,0.0,0.2,0.12,0.68,0.83,U71572,21
,0.0,0.0,0.0,0.0,0.0,0.0,0.0,0.0,0.14,0.09,0.78,0.87,U71575,14
,0.0,0.0,0.0,0.0,0.0,0.0,0.0,0.0,0.18,0.11,0.66,0.8,U71584,26
,0.0,0.0,0.0,0.0,0.0,0.0,0.0,0.0,0.2,0.12,0.68,0.82,U7160,22
,0.0,0.0,0.0,0.0,0.0,0.0,0.0,0.0,0.18,0.14,0.94,0.97,U71608,3
,0.0,0.0,0.0,0.0,0.0,0.0,0.0,0.0,0.18,0.1,0.62,0.78,U71611,24
,0.0,0.0,0.0,0.0,0.0,0.0,0.0,0.0,0.08,0.09,0.88,0.94,U71618,6
,0.0,0.0,0.0,0.0,0.0,0.0,0.0,0.0,0.1,0.06,0.74,0.84,U71620,21
,0.0,0.0,0.0,0.0,0.0,0.0,0.0,0.0,0.14,0.09,0.54,0.72,U71621,42
,0.0,0.0,0.0,0.0,0.0,0.0,0.0,0.0,0.24,0.14,0.96,0.98,U71659,272
,0.0,0.0,0.0,0.0,0.0,0.0,0.0,0.0,0.14,0.09,0.96,0.97,U7167,3
,0.0,0.0,0.0,0.0,0.0,0.0,0.0,0.0,0.22,0.13,0.92,0.96,U71736,4
,0.0,0.0,0.0,0.0,0.0,0.0,0.0,0.0,0.18,0.11,0.86,0.93,U71820,7
,0.0,0.0,0.0,0.0,0.0,0.0,0.0,0.0,0.04,0.02,0.96,0.98,U71839,2
,0.0,0.0,0.0,0.0,0.0,0.0,0.0,0.0,0.12,0.1,0.86,0.93,U71849,7
,0.0,0.0,0.0,0.0,0.0,0.0,0.0,0.0,0.16,0.11,0.76,0.84,U71851,29
,0.0,0.0,0.0,0.0,0.0,0.0,0.0,0.0,0.22,0.13,0.76,0.84,U71852,41
,0.0,0.0,0.0,0.0,0.0,0.0,0.0,0.0,0.2,0.11,0.76,0.85,U71855,31
,0.0,0.0,0.0,0.0,0.0,0.0,0.0,0.0,0.1,0.1,0.94,0.97,U71876,3
,0.0,0.0,0.0,0.0,0.0,0.0,0.0,0.0,0.18,0.13,0.7,0.83,U71877,40
,0.0,0.0,0.0,0.0,0.0,0.0,0.0,0.0,0.06,0.05,0.94,0.91,U71912,73
,0.0,0.0,0.0,0.0,0.0,0.0,0.0,0.0,0.22,0.13,0.64,0.81,U71913,37
,0.0,0.0,0.0,0.0,0.0,0.0,0.0,0.0,0.18,0.11,0.56,0.72,U71938,32
,0.0,0.0,0.0,0.0,0.0,0.0,0.0,0.0,0.18,0.12,0.88,0.92,U71943,62
,0.0,0.0,0.0,0.0,0.0,0.0,0.0,0.0,0.1,0.06,0.78,0.83,U7195,63
,0.0,0.0,0.0,0.0,0.0,0.0,0.0,0.0,0.14,0.1,0.76,0.85,U71956,15
,0.0,0.0,0.0,0.0,0.0,0.0,0.0,0.0,0.18,0.11,0.94,0.93,U71967,68
,0.0,0.0,0.0,0.0,0.0,0.0,0.0,0.0,0.12,0.1,0.78,0.89,U71968,11
,0.0,0.0,0.0,0.0,0.0,0.0,0.0,0.0,0.18,0.12,0.88,0.94,U7197,6
,0.0,0.0,0.0,0.0,0.0,0.0,0.0,0.0,0.14,0.09,0.8,0.9,U71988,10
,0.0,0.0,0.0,0.0,0.0,0.0,0.0,0.0,0.1,0.07,0.96,0.97,U72001,95
,0.0,0.0,0.0,0.0,0.0,0.0,0.0,0.0,0.2,0.12,0.86,0.93,U72003,7
,0.0,0.0,0.0,0.0,0.0,0.0,0.0,0.0,0.16,0.1,0.94,0.97,U72017,3
,0.0,0.0,0.0,0.0,0.0,0.0,0.0,0.0,0.16,0.09,0.74,0.87,U72036,14
,0.0,0.0,0.0,0.0,0.0,0.0,0.0,0.0,0.12,0.07,0.88,0.89,U72045,66
0.24120603015075376,0.006578947368421052,0.0,0.0,0.0,0.0,0.0,0.0,0.3333333333333333,0.22,0.12,0.88,0.91,U72051,83
,0.0,0.0,0.0,0.0,0.0,0.0,0.0,0.0,0.16,0.12,0.94,0.97,U72058,3
,0.0,0.0,0.0,0.0,0.0,0.0,0.0,0.0,0.16,0.11,0.88,0.94,U72116,6
,0.0,0.0,0.0,0.0,0.0,0.0,0.0,0.0,0.2,0.13,0.92,0.96,U72134,4
,0.0,0.0,0.0,0.0,0.0,0.0,0.0,0.0,0.2,0.12,0.68,0.83,U72159,17
,0.0,0.0,0.0,0.0,0.0,0.0,0.0,0.0,0.22,0.12,0.74,0.86,U72163,14
,0.0,0.0,0.0,0.0,0.0,0.0,0.0,0.0,0.2,0.11,0.86,0.93,U72169,7
,0.0,0.0,0.0,0.0,0.0,0.0,0.0,0.0,0.06,0.03,0.92,0.96,U72175,4
,0.0,0.0,0.0,0.0,0.0,0.0,0.0,0.0,0.16,0.12,0.94,0.97,U72182,3
,0.0,0.0,0.0,0.0,0.0,0.0,0.0,0.0,0.14,0.08,0.84,0.92,U72186,9
,0.0,0.0,0.0,0.0,0.0,0.0,0.0,0.0,0.24,0.14,0.72,0.86,U72188,15
,0.0,0.0,0.0,0.0,0.0,0.0,0.0,0.0,0.16,0.09,0.68,0.78,U72201,32
,0.0,0.0,0.0,0.0,0.0,0.0,0.0,0.0,0.16,0.09,0.78,0.88,U72218,12
,0.0,0.0,0.0,0.0,0.0,0.0,0.0,0.0,0.1,0.05,0.84,0.92,U7228,10
,0.0,0.0,0.0,0.0,0.0,0.0,0.0,0.0,0.14,0.08,0.96,0.96,U72280,235
,0.0,0.0,0.0,0.0,0.0,0.0,0.0,0.0,0.24,0.13,0.6,0.78,U72281,28
,0.0,0.0,0.0,0.0,0.0,0.0,0.0,0.0,0.16,0.09,0.6,0.8,U72289,23
,0.0,0.0,0.0,0.0,0.0,0.0,0.0,0.0,0.18,0.09,0.8,0.9,U72292,12
0.6733668341708543,0.015151515151515152,0.0,0.0,0.0,0.0,0.0,0.2,0.2,0.12,0.09,0.78,0.86,U72296,33
,0.0,0.0,0.0,0.0,0.0,0.0,0.0,0.0,0.12,0.1,0.76,0.88,U72309,12
,0.0,0.0,0.0,0.0,0.0,0.0,0.0,0.0,0.16,0.11,0.64,0.79,U72347,37
,0.0,0.0,0.0,0.0,0.0,0.0,0.0,0.0,0.22,0.14,0.88,0.94,U72350,6
,0.0,0.0,0.0,0.0,0.0,0.0,0.0,0.0,0.26,0.13,0.78,0.85,U72353,55
,0.0,0.0,0.0,0.0,0.0,0.0,0.0,0.0,0.16,0.12,0.82,0.89,U72404,63
,0.0,0.0,0.0,0.0,0.0,0.0,0.0,0.0,0.12,0.1,0.82,0.9,U72408,10
,0.0,0.0,0.0,0.0,0.0,0.0,0.0,0.0,0.18,0.13,0.86,0.93,U72454,7
0.5577889447236181,0.011235955056179775,0.0,0.0,0.0,0.0,0.0,0.3333333333333333,0.3333333333333333,0.12,0.08,0.8,0.86,U7247,20
,0.0,0.0,0.0,0.0,0.0,0.0,0.0,0.0,0.26,0.14,0.68,0.82,U72511,23
,0.0,0.0,0.0,0.0,0.0,0.0,0.0,0.0,0.2,0.12,0.94,0.97,U72525,3
0.5879396984924623,0.012048192771084338,0.0,0.0,0.0,0.0,0.0,0.3333333333333333,0.3333333333333333,0.14,0.09,0.94,0.97,U7256,3
,0.0,0.0,0.0,0.0,0.0,0.0,0.0,0.0,0.12,0.07,0.88,0.94,U72568,6
,0.0,0.0,0.0,0.0,0.0,0.0,0.0,0.0,0.18,0.1,0.9,0.93,U72569,137
,0.0,0.0,0.0,0.0,0.0,0.0,0.0,0.0,0.16,0.08,0.98,0.99,U7257,1
,0.0,0.0,0.0,0.0,0.0,0.0,0.0,0.0,0.2,0.12,0.96,0.98,U72578,2
,0.0,0.0,0.0,0.0,0.0,0.0,0.0,0.0,0.24,0.14,0.82,0.91,U7259,9
,0.0,0.0,0.0,0.0,0.0,0.0,0.0,0.0,0.16,0.09,0.72,0.84,U72615,22
,0.0,0.0,0.0,0.0,0.0,0.0,0.0,0.0,0.2,0.12,0.92,0.96,U7262,4
,0.0,0.0,0.0,0.0,0.0,0.0,0.0,0.0,0.1,0.07,0.66,0.83,U72644,17
,0.0,0.0,0.0,0.0,0.0,0.0,0.0,0.0,0.22,0.12,0.72,0.86,U72669,14
,0.0,0.0,0.0,0.0,0.0,0.0,0.0,0.0,0.14,0.12,0.98,0.99,U72687,1
,0.0,0.0,0.0,0.0,0.0,0.0,0.0,0.0,0.22,0.11,0.72,0.85,U72692,47
,0.0,0.0,0.0,0.0,0.0,0.0,0.0,0.0,0.2,0.12,0.88,0.94,U72701,6
,0.0,0.0,0.0,0.0,0.0,0.0,0.0,0.0,0.18,0.1,0.68,0.82,U72722,22
,0.0,0.0,0.0,0.0,0.0,0.0,0.0,0.0,0.16,0.09,0.92,0.96,U72727,4
,0.0,0.0,0.0,0.0,0.0,0.0,0.0,0.0,0.14,0.08,0.72,0.82,U72730,43
,0.0,0.0,0.0,0.0,0.0,0.0,0.0,0.0,0.2,0.11,0.96,0.96,U72738,89
,0.0,0.0,0.0,0.0,0.0,0.0,0.0,0.0,0.12,0.11,0.88,0.94,U7274,6
,0.0,0.0,0.0,0.0,0.0,0.0,0.0,0.0,0.2,0.13,0.68,0.83,U72741,18
,0.0,0.0,0.0,0.0,0.0,0.0,0.0,0.0,0.24,0.14,0.78,0.83,U72778,24
,0.0,0.0,0.0,0.0,0.0,0.0,0.0,0.0,0.2,0.12,0.8,0.9,U72797,10
,0.0,0.0,0.0,0.0,0.0,0.0,0.0,0.0,0.14,0.09,0.88,0.91,U72808,71
,0.0,0.0,0.0,0.0,0.0,0.0,0.0,0.0,0.16,0.11,0.76,0.85,U72869,39
,0.0,0.0,0.0,0.0,0.0,0.0,0.0,0.0,0.12,0.09,0.96,0.96,U72878,126
0.44221105527638194,0.008928571428571428,0.0,0.0,0.0,0.0,0.0,0.0,1.0,0.1,0.08,0.9,0.95,U72914,5
,0.0,0.0,0.0,0.0,0.0,0.0,0.0,0.0,0.16,0.08,0.7,0.84,U72916,41
,0.0,0.0,0.0,0.0,0.0,0.0,0.0,0.0,0.06,0.04,0.8,0.89,U72939,11
,0.0,0.0,0.0,0.0,0.0,0.0,0.0,0.0,0.18,0.11,0.78,0.89,U72944,11
,0.0,0.0,0.0,0.0,0.0,0.0,0.0,0.0,0.22,0.12,0.88,0.91,U72956,88
,0.0,0.0,0.0,0.0,0.0,0.0,0.0,0.0,0.16,0.13,0.98,0.99,U72957,1
0.48341836734693877,0.018518518518518517,0.0,0.0,0.0,0.0,0.0,0.16666666666666666,0.6666666666666666,0.12,0.08,0.88,0.9,U72963,25
,0.0,0.0,0.0,0.0,0.0,0.0,0.0,0.0,0.2,0.12,0.68,0.81,U72982,19
,0.0,0.0,0.0,0.0,0.0,0.0,0.0,0.0,0.16,0.12,0.66,0.8,U72997,23
,0.0,0.0,0.0,0.0,0.0,0.0,0.0,0.0,0.2,0.12,0.88,0.92,U73010,86
,0.0,0.0,0.0,0.0,0.0,0.0,0.0,0.0,0.14,0.08,0.86,0.93,U73026,7
,0.0,0.0,0.0,0.0,0.0,0.0,0.0,0.0,0.18,0.12,0.9,0.95,U73030,5
,0.0,0.0,0.0,0.0,0.0,0.0,0.0,0.0,0.16,0.09,0.74,0.87,U73036,13
,0.0,0.0,0.0,0.0,0.0,0.0,0.0,0.0,0.06,0.04,0.82,0.88,U73038,83
,0.0,0.0,0.0,0.0,0.0,0.0,0.0,0.0,0.22,0.12,0.62,0.79,U73041,28
,0.0,0.0,0.0,0.0,0.0,0.0,0.0,0.0,0.16,0.13,0.96,0.98,U73056,2
,0.0,0.0,0.0,0.0,0.0,0.0,0.0,0.0,0.18,0.09,0.74,0.85,U73072,62
,0.0,0.0,0.0,0.0,0.0,0.0,0.0,0.0,0.2,0.13,0.68,0.83,U73075,24
,0.0,0.0,0.0,0.0,0.0,0.0,0.0,0.0,0.18,0.09,0.84,0.92,U7312,8
,0.0,0.0,0.0,0.0,0.0,0.0,0.0,0.0,0.18,0.1,0.9,0.95,U73120,5
,0.0,0.0,0.0,0.0,0.0,0.0,0.0,0.0,0.1,0.07,0.86,0.88,U73145,117
,0.0,0.0,0.0,0.0,0.0,0.0,0.0,0.0,0.16,0.1,0.62,0.78,U73146,32
,0.0,0.0,0.0,0.0,0.0,0.0,0.0,0.0,0.16,0.1,0.9,0.95,U73147,5
,0.0,0.0,0.0,0.0,0.0,0.0,0.0,0.0,0.12,0.1,0.68,0.83,U73166,30
,0.0,0.0,0.0,0.0,0.0,0.0,0.0,0.0,0.14,0.08,0.82,0.9,U73177,12
,0.0,0.0,0.0,0.0,0.0,0.0,0.0,0.0,0.12,0.07,0.76,0.86,U73192,19
,0.0,0.0,0.0,0.0,0.0,0.0,0.0,0.0,0.2,0.13,0.94,0.97,U73211,3
,0.0,0.0,0.0,0.0,0.0,0.0,0.0,0.0,0.24,0.13,0.72,0.86,U73220,14
,0.0,0.0,0.0,0.0,0.0,0.0,0.0,0.0,0.06,0.04,0.96,0.98,U73235,2
,0.0,0.0,0.0,0.0,0.0,0.0,0.0,0.0,0.12,0.09,0.56,0.75,U73246,55
,0.0,0.0,0.0,0.0,0.0,0.0,0.0,0.0,0.16,0.11,0.92,0.96,U73257,4
,0.0,0.0,0.0,0.0,0.0,0.0,0.0,0.0,0.14,0.07,0.8,0.85,U73264,20
,0.0,0.0,0.0,0.0,0.0,0.0,0.0,0.0,0.12,0.06,0.82,0.91,U73268,9
,0.0,0.0,0.0,0.0,0.0,0.0,0.0,0.0,0.24,0.12,0.58,0.78,U73283,23
,0.0,0.0,0.0,0.0,0.0,0.0,0.0,0.0,0.06,0.06,0.86,0.87,U73297,28
,0.0,0.0,0.0,0.0,0.0,0.0,0.0,0.0,0.14,0.08,0.94,0.97,U73319,3
,0.0,0.0,0.0,0.0,0.0,0.0,0.0,0.0,0.1,0.05,0.8,0.87,U73356,13
,0.0,0.0,0.0,0.0,0.0,0.0,0.0,0.0,0.08,0.05,0.96,0.98,U7338,2
,0.0,0.0,0.0,0.0,0.0,0.0,0.0,0.0,0.02,0.07,0.94,0.97,U73386,3
,0.0,0.0,0.0,0.0,0.0,0.0,0.0,0.0,0.14,0.09,0.94,0.97,U73418,3
,0.0,0.0,0.0,0.0,0.0,0.0,0.0,0.0,0.28,0.14,0.76,0.87,U73454,14
,0.0,0.0,0.0,0.0,0.0,0.0,0.0,0.0,0.2,0.12,0.9,0.94,U73466,144
,0.0,0.0,0.0,0.0,0.0,0.0,0.0,0.0,0.06,0.04,0.84,0.91,U73473,44
,0.0,0.0,0.0,0.0,0.0,0.0,0.0,0.0,0.14,0.11,0.68,0.83,U73479,30
,0.0,0.0,0.0,0.0,0.0,0.0,0.0,0.0,0.2,0.11,0.8,0.9,U73558,10
,0.0,0.0,0.0,0.0,0.0,0.0,0.0,0.0,0.2,0.13,0.82,0.85,U73614,65
,0.0,0.0,0.0,0.0,0.0,0.0,0.0,0.0,0.08,0.08,0.7,0.84,U73625,20
,0.0,0.0,0.0,0.0,0.0,0.0,0.0,0.0,0.2,0.11,0.74,0.83,U73657,44
,0.0,0.0,0.0,0.0,0.0,0.0,0.0,0.0,0.2,0.11,0.56,0.76,U73683,28
,0.0,0.0,0.0,0.0,0.0,0.0,0.0,0.0,0.1,0.08,0.82,0.86,U73685,31
,0.0,0.0,0.0,0.0,0.0,0.0,0.0,0.0,0.18,0.11,0.82,0.91,U73695,9
,0.0,0.0,0.0,0.0,0.0,0.0,0.0,0.0,0.08,0.08,0.68,0.8,U73699,29
,0.0,0.0,0.0,0.0,0.0,0.0,0.0,0.0,0.2,0.13,0.58,0.76,U73721,39
,0.0,0.0,0.0,0.0,0.0,0.0,0.0,0.0,0.12,0.11,0.84,0.92,U73727,8
,0.0,0.0,0.0,0.0,0.0,0.0,0.0,0.0,0.16,0.11,0.7,0.82,U73735,81
,0.0,0.0,0.0,0.0,0.0,0.0,0.0,0.0,0.22,0.13,0.74,0.83,U7374,35
,0.0,0.0,0.0,0.0,0.0,0.0,0.0,0.0,0.16,0.12,0.7,0.77,U73746,40
,0.0,0.0,0.0,0.0,0.0,0.0,0.0,0.0,0.08,0.07,0.8,0.89,U73749,11
,0.0,0.0,0.0,0.0,0.0,0.0,0.0,0.0,0.2,0.11,0.74,0.85,U7378,23
,0.0,0.0,0.0,0.0,0.0,0.0,0.0,0.0,0.06,0.05,0.72,0.83,U73811,20
,0.0,0.0,0.0,0.0,0.0,0.0,0.0,0.0,0.12,0.08,0.76,0.83,U73829,53
,0.0,0.0,0.0,0.0,0.0,0.0,0.0,0.0,0.18,0.1,0.72,0.84,U73842,19
,0.0,0.0,0.0,0.0,0.0,0.0,0.0,0.0,0.18,0.1,0.68,0.82,U73846,23
,0.0,0.0,0.0,0.0,0.0,0.0,0.0,0.0,0.08,0.05,0.9,0.95,U73866,5
,0.0,0.0,0.0,0.0,0.0,0.0,0.0,0.0,0.08,0.06,0.74,0.86,U73871,33
,0.0,0.0,0.0,0.0,0.0,0.0,0.0,0.0,0.1,0.07,0.76,0.85,U73901,15
,0.0,0.0,0.0,0.0,0.0,0.0,0.0,0.0,0.1,0.08,0.74,0.76,U73905,48
,0.0,0.0,0.0,0.0,0.0,0.0,0.0,0.0,0.12,0.07,0.82,0.89,U73921,53
,0.0,0.0,0.0,0.0,0.0,0.0,0.0,0.0,0.16,0.1,0.76,0.86,U73925,14
,0.0,0.0,0.0,0.0,0.0,0.0,0.0,0.0,0.2,0.11,0.82,0.91,U73930,10
,0.0,0.0,0.0,0.0,0.0,0.0,0.0,0.0,0.12,0.08,0.64,0.79,U73931,30
,0.0,0.0,0.0,0.0,0.0,0.0,0.0,0.0,0.16,0.09,0.96,0.98,U73932,2
,0.0,0.0,0.0,0.0,0.0,0.0,0.0,0.0,0.12,0.09,0.84,0.92,U7395,9
,0.0,0.0,0.0,0.0,0.0,0.0,0.0,0.0,0.12,0.07,0.74,0.84,U73963,34
,0.0,0.0,0.0,0.0,0.0,0.0,0.0,0.0,0.22,0.12,0.66,0.79,U73982,39
,0.0,0.0,0.0,0.0,0.0,0.0,0.0,0.0,0.18,0.11,0.62,0.76,U73996,38
,0.0,0.0,0.0,0.0,0.0,0.0,0.0,0.0,0.12,0.08,0.84,0.92,U740,8
,0.0,0.0,0.0,0.0,0.0,0.0,0.0,0.0,0.18,0.12,0.86,0.93,U74007,7
,0.0,0.0,0.0,0.0,0.0,0.0,0.0,0.0,0.2,0.13,0.98,0.99,U74042,1
,0.0,0.0,0.0,0.0,0.0,0.0,0.0,0.0,0.16,0.11,0.68,0.79,U74065,35
,0.0,0.0,0.0,0.0,0.0,0.0,0.0,0.0,0.12,0.09,0.62,0.79,U74067,25
,0.0,0.0,0.0,0.0,0.0,0.0,0.0,0.0,0.04,0.02,0.84,0.88,U74068,27
,0.0,0.0,0.0,0.0,0.0,0.0,0.0,0.0,0.1,0.12,0.88,0.93,U74084,108
,0.0,0.0,0.0,0.0,0.0,0.0,0.0,0.0,0.14,0.1,0.9,0.95,U74088,5
,0.0,0.0,0.0,0.0,0.0,0.0,0.0,0.0,0.18,0.1,0.94,0.97,U74097,3
,0.0,0.0,0.0,0.0,0.0,0.0,0.0,0.0,0.18,0.1,0.66,0.83,U74111,20
,0.0,0.0,0.0,0.0,0.0,0.0,0.0,0.0,0.08,0.05,0.7,0.84,U74112,18
,0.0,0.0,0.0,0.0,0.0,0.0,0.0,0.0,0.18,0.13,0.92,0.96,U7412,4
,0.0,0.0,0.0,0.0,0.0,0.0,0.0,0.0,0.16,0.11,0.68,0.79,U74125,39
,0.0,0.0,0.0,0.0,0.0,0.0,0.0,0.0,0.08,0.05,0.92,0.93,U74130,153
,0.0,0.0,0.0,0.0,0.0,0.0,0.0,0.0,0.2,0.12,0.64,0.79,U74193,36
,0.0,0.0,0.0,0.0,0.0,0.0,0.0,0.0,0.18,0.11,0.68,0.79,U74198,38
,0.0,0.0,0.0,0.0,0.0,0.0,0.0,0.0,0.22,0.12,0.78,0.85,U74205,40
,0.0,0.0,0.0,0.0,0.0,0.0,0.0,0.0,0.06,0.03,0.96,0.94,U74207,79
,0.0,0.0,0.0,0.0,0.0,0.0,0.0,0.0,0.14,0.11,0.8,0.88,U74215,14
,0.0,0.0,0.0,0.0,0.0,0.0,0.0,0.0,0.14,0.12,0.78,0.87,U74244,13
,0.0,0.0,0.0,0.0,0.0,0.0,0.0,0.0,0.16,0.11,0.76,0.88,U74277,12
,0.0,0.0,0.0,0.0,0.0,0.0,0.0,0.0,0.18,0.1,0.82,0.91,U74287,9
,0.0,0.0,0.0,0.0,0.0,0.0,0.0,0.0,0.16,0.11,0.76,0.88,U74294,12
,0.0,0.0,0.0,0.0,0.0,0.0,0.0,0.0,0.2,0.11,0.78,0.84,U74322,49
,0.0,0.0,0.0,0.0,0.0,0.0,0.0,0.0,0.16,0.11,0.74,0.87,U74323,13
,0.0,0.0,0.0,0.0,0.0,0.0,0.0,0.0,0.14,0.09,0.7,0.85,U74360,16
,0.0,0.0,0.0,0.0,0.0,0.0,0.0,0.0,0.2,0.14,0.68,0.79,U74363,29
0.05025125628140704,0.005263157894736842,0.0,0.0,0.0,0.0,0.0,0.0,0.5,0.16,0.1,0.8,0.9,U74387,11
,0.0,0.0,0.0,0.0,0.0,0.0,0.0,0.0,0.2,0.13,0.76,0.86,U74390,17
,0.0,0.0,0.0,0.0,0.0,0.0,0.0,0.0,0.08,0.05,0.88,0.91,U744,10
,0.0,0.0,0.0,0.0,0.0,0.0,0.0,0.0,0.16,0.09,0.8,0.9,U74404,10
,0.0,0.0,0.0,0.0,0.0,0.0,0.0,0.0,0.14,0.11,0.66,0.83,U74445,20
,0.0,0.0,0.0,0.0,0.0,0.0,0.0,0.0,0.16,0.1,0.64,0.81,U74464,21
,0.0,0.0,0.0,0.0,0.0,0.0,0.0,0.0,0.12,0.08,0.66,0.81,U74511,22
,0.0,0.0,0.0,0.0,0.0,0.0,0.0,0.0,0.1,0.09,0.8,0.88,U74526,13
,0.0,0.0,0.0,0.0,0.0,0.0,0.0,0.0,0.18,0.09,0.72,0.86,U74527,14
,0.0,0.0,0.0,0.0,0.0,0.0,0.0,0.0,0.18,0.11,0.94,0.97,U74533,3
,0.0,0.0,0.0,0.0,0.0,0.0,0.0,0.0,0.12,0.09,0.86,0.88,U74552,57
,0.0,0.0,0.0,0.0,0.0,0.0,0.0,0.0,0.12,0.1,0.82,0.9,U74602,39
,0.0,0.0,0.0,0.0,0.0,0.0,0.0,0.0,0.18,0.11,0.6,0.8,U74606,20
,0.0,0.0,0.0,0.0,0.0,0.0,0.0,0.0,0.12,0.07,0.86,0.93,U74620,8
,0.0,0.0,0.0,0.0,0.0,0.0,0.0,0.0,0.16,0.11,0.76,0.87,U74633,14
,0.0,0.0,0.0,0.0,0.0,0.0,0.0,0.0,0.16,0.09,0.54,0.7,U74635,47
,0.0,0.0,0.0,0.0,0.0,0.0,0.0,0.0,0.1,0.1,0.86,0.91,U74655,32
,0.0,0.0,0.0,0.0,0.0,0.0,0.0,0.0,0.16,0.1,0.8,0.89,U74659,13
,0.0,0.0,0.0,0.0,0.0,0.0,0.0,0.0,0.22,0.13,0.92,0.96,U74667,4
,0.0,0.0,0.0,0.0,0.0,0.0,0.0,0.0,0.1,0.06,0.78,0.85,U74668,56
,0.0,0.0,0.0,0.0,0.0,0.0,0.0,0.0,0.1,0.06,0.88,0.93,U7467,94
,0.0,0.0,0.0,0.0,0.0,0.0,0.0,0.0,0.14,0.1,0.76,0.87,U74698,16
,0.0,0.0,0.0,0.0,0.0,0.0,0.0,0.0,0.08,0.07,0.82,0.88,U74732,26
,0.0,0.0,0.0,0.0,0.0,0.0,0.0,0.0,0.18,0.11,0.86,0.92,U74749,8
,0.0,0.0,0.0,0.0,0.0,0.0,0.0,0.0,0.18,0.11,0.72,0.84,U74760,45
,0.0,0.0,0.0,0.0,0.0,0.0,0.0,0.0,0.2,0.12,0.7,0.83,U74762,31
,0.0,0.0,0.0,0.0,0.0,0.0,0.0,0.0,0.22,0.11,0.86,0.93,U74772,7
,0.0,0.0,0.0,0.0,0.0,0.0,0.0,0.0,0.18,0.1,0.9,0.92,U7478,65
,0.0,0.0,0.0,0.0,0.0,0.0,0.0,0.0,0.12,0.11,0.78,0.86,U74803,65
,0.0,0.0,0.0,0.0,0.0,0.0,0.0,0.0,0.08,0.05,0.92,0.96,U74813,4
,0.0,0.0,0.0,0.0,0.0,0.0,0.0,0.0,0.16,0.12,0.8,0.88,U74815,20
,0.0,0.0,0.0,0.0,0.0,0.0,0.0,0.0,0.18,0.13,0.98,0.99,U74839,1
,0.0,0.0,0.0,0.0,0.0,0.0,0.0,0.0,0.2,0.1,0.7,0.81,U74843,26
,0.0,0.0,0.0,0.0,0.0,0.0,0.0,0.0,0.18,0.12,0.94,0.97,U74860,3
,0.0,0.0,0.0,0.0,0.0,0.0,0.0,0.0,0.26,0.13,0.72,0.85,U74881,21
,0.0,0.0,0.0,0.0,0.0,0.0,0.0,0.0,0.04,0.08,0.84,0.82,U7489,62
,0.0,0.0,0.0,0.0,0.0,0.0,0.0,0.0,0.12,0.07,0.84,0.92,U7490,8
,0.0,0.0,0.0,0.0,0.0,0.0,0.0,0.0,0.1,0.08,0.68,0.79,U74915,43
,0.0,0.0,0.0,0.0,0.0,0.0,0.0,0.0,0.2,0.12,0.92,0.94,U74929,185
0.7587939698492462,0.02040816326530612,0.0,0.0,0.0,0.0,1.0,1.0,1.0,0.2,0.12,0.78,0.89,U74959,12
0.9396984924623115,0.07692307692307693,0.0,0.0,0.0,0.0,0.5,0.5,0.5,0.18,0.11,0.8,0.9,U74962,11
,0.0,0.0,0.0,0.0,0.0,0.0,0.0,0.0,0.22,0.12,0.92,0.96,U74974,4
,0.0,0.0,0.0,0.0,0.0,0.0,0.0,0.0,0.16,0.08,0.78,0.89,U74999,12
0.7788944723618091,0.022222222222222223,0.0,0.0,0.0,0.0,0.07692307692307693,0.07692307692307693,0.07692307692307693,0.2,0.11,0.98,0.98,U75003,145
,0.0,0.0,0.0,0.0,0.0,0.0,0.0,0.0,0.14,0.08,0.92,0.94,U7501,86
,0.0,0.0,0.0,0.0,0.0,0.0,0.0,0.0,0.12,0.09,0.78,0.88,U75010,12
,0.0,0.0,0.0,0.0,0.0,0.0,0.0,0.0,0.18,0.12,0.66,0.81,U75024,21
,0.0,0.0,0.0,0.0,0.0,0.0,0.0,0.0,0.16,0.1,0.68,0.84,U7504,17
,0.0,0.0,0.0,0.0,0.0,0.0,0.0,0.0,0.04,0.02,0.92,0.91,U75057,69
,0.0,0.0,0.0,0.0,0.0,0.0,0.0,0.0,0.08,0.08,0.94,0.97,U751,3
,0.0,0.0,0.0,0.0,0.0,0.0,0.0,0.0,0.16,0.09,0.68,0.83,U75116,25
,0.0,0.0,0.0,0.0,0.0,0.0,0.0,0.0,0.12,0.08,0.86,0.93,U75117,7
,0.0,0.0,0.0,0.0,0.0,0.0,0.0,0.0,0.12,0.08,0.88,0.94,U75122,6
,0.0,0.0,0.0,0.0,0.0,0.0,0.0,0.0,0.2,0.12,0.64,0.8,U75163,22
,0.0,0.0,0.0,0.0,0.0,0.0,0.0,0.0,0.22,0.12,0.64,0.82,U75176,20
,0.0,0.0,0.0,0.0,0.0,0.0,0.0,0.0,0.22,0.14,0.88,0.94,U75191,6
,0.0,0.0,0.0,0.0,0.0,0.0,0.0,0.0,0.2,0.12,0.92,0.91,U75217,69
,0.0,0.0,0.0,0.0,0.0,0.0,0.0,0.0,0.14,0.1,0.92,0.96,U7523,4
,0.0,0.0,0.0,0.0,0.0,0.0,0.0,0.0,0.16,0.1,0.72,0.86,U75245,15
,0.0,0.0,0.0,0.0,0.0,0.0,0.0,0.0,0.22,0.12,0.72,0.82,U75249,39
,0.0,0.0,0.0,0.0,0.0,0.0,0.0,0.0,0.12,0.06,0.92,0.96,U75259,4
0.035175879396984924,0.0051813471502590676,0.0,0.0,0.0,0.0,0.0,0.0,0.3333333333333333,0.02,0.01,0.74,0.82,U75262,86
0.3969849246231156,0.008264462809917356,0.0,0.0,0.0,0.0,0.0,0.0,0.25,0.12,0.1,0.82,0.85,U75305,68
,0.0,0.0,0.0,0.0,0.0,0.0,0.0,0.0,0.24,0.13,0.82,0.9,U75341,80
,0.0,0.0,0.0,0.0,0.0,0.0,0.0,0.0,0.16,0.11,0.78,0.89,U75354,12
0.12060301507537688,0.005681818181818182,0.0,0.0,0.0,0.0,0.0,0.0,0.1,0.18,0.1,0.68,0.78,U75367,46
,0.0,0.0,0.0,0.0,0.0,0.0,0.0,0.0,0.2,0.11,0.5,0.73,U7538,33
,0.0,0.0,0.0,0.0,0.0,0.0,0.0,0.0,0.18,0.09,0.76,0.88,U75393,13
,0.0,0.0,0.0,0.0,0.0,0.0,0.0,0.0,0.08,0.04,0.92,0.96,U7543,4
0.5959595959595959,0.017543859649122806,0.0,0.0,0.0,0.0,0.0,0.09090909090909091,0.18181818181818182,0.18,0.11,0.98,0.98,U75436,180
,0.0,0.0,0.0,0.0,0.0,0.0,0.0,0.0,0.2,0.13,0.86,0.92,U75467,74
,0.0,0.0,0.0,0.0,0.0,0.0,0.0,0.0,0.16,0.12,0.72,0.83,U75468,21
,0.0,0.0,0.0,0.0,0.0,0.0,0.0,0.0,0.18,0.12,0.86,0.93,U75493,7
,0.0,0.0,0.0,0.0,0.0,0.0,0.0,0.0,0.2,0.13,0.98,0.99,U75496,1
,0.0,0.0,0.0,0.0,0.0,0.0,0.0,0.0,0.22,0.12,0.88,0.94,U7556,6
,0.0,0.0,0.0,0.0,0.0,0.0,0.0,0.0,0.2,0.12,0.74,0.87,U75585,15
,0.0,0.0,0.0,0.0,0.0,0.0,0.0,0.0,0.26,0.13,0.94,0.97,U75622,95
,0.0,0.0,0.0,0.0,0.0,0.0,0.0,0.0,0.08,0.04,0.9,0.93,U75627,68
,0.0,0.0,0.0,0.0,0.0,0.0,0.0,0.0,0.14,0.09,0.76,0.81,U75630,23
0.964824120603015,0.125,0.0,0.31546487678572877,0.0,0.09090909090909091,0.09090909090909091,0.09090909090909091,0.09090909090909091,0.12,0.09,0.84,0.9,U75699,60
,0.0,0.0,0.0,0.0,0.0,0.0,0.0,0.0,0.14,0.09,0.76,0.83,U75732,30
,0.0,0.0,0.0,0.0,0.0,0.0,0.0,0.0,0.2,0.11,0.7,0.85,U75737,15
,0.0,0.0,0.0,0.0,0.0,0.0,0.0,0.0,0.06,0.08,0.82,0.88,U75773,39
,0.0,0.0,0.0,0.0,0.0,0.0,0.0,0.0,0.18,0.12,0.76,0.87,U75787,13
,0.0,0.0,0.0,0.0,0.0,0.0,0.0,0.0,0.14,0.07,0.62,0.81,U75796,30
,0.0,0.0,0.0,0.0,0.0,0.0,0.0,0.0,0.1,0.08,0.86,0.93,U75797,7
,0.0,0.0,0.0,0.0,0.0,0.0,0.0,0.0,0.06,0.04,0.78,0.89,U75837,12
,0.0,0.0,0.0,0.0,0.0,0.0,0.0,0.0,0.14,0.11,0.82,0.89,U75850,15
,0.0,0.0,0.0,0.0,0.0,0.0,0.0,0.0,0.18,0.11,0.54,0.76,U75893,31
,0.0,0.0,0.0,0.0,0.0,0.0,0.0,0.0,0.06,0.03,0.78,0.89,U75909,20
,0.0,0.0,0.0,0.0,0.0,0.0,0.0,0.0,0.1,0.06,0.9,0.92,U75917,75
,0.0,0.0,0.0,0.0,0.0,0.0,0.0,0.0,0.06,0.08,0.96,0.98,U75920,2
,0.0,0.0,0.0,0.0,0.0,0.0,0.0,0.0,0.16,0.11,0.74,0.86,U75934,59
,0.0,0.0,0.0,0.0,0.0,0.0,0.0,0.0,0.14,0.1,0.8,0.9,U75943,10
,0.0,0.0,0.0,0.0,0.0,0.0,0.0,0.0,0.16,0.13,0.64,0.82,U75949,19
,0.0,0.0,0.0,0.0,0.0,0.0,0.0,0.0,0.08,0.06,0.96,0.97,U75950,116
,0.0,0.0,0.0,0.0,0.0,0.0,0.0,0.0,0.08,0.08,0.76,0.84,U75961,53
,0.0,0.0,0.0,0.0,0.0,0.0,0.0,0.0,0.22,0.12,0.7,0.84,U75964,17
0.10552763819095477,0.00558659217877095,0.0,0.0,0.0,0.0,0.0,0.0,0.5,0.16,0.1,0.7,0.81,U75968,20
,0.0,0.0,0.0,0.0,0.0,0.0,0.0,0.0,0.18,0.11,0.62,0.77,U7598,37
,0.0,0.0,0.0,0.0,0.0,0.0,0.0,0.0,0.16,0.1,0.84,0.86,U76000,25
,0.0,0.0,0.0,0.0,0.0,0.0,0.0,0.0,0.22,0.12,0.68,0.81,U76007,20
,0.0,0.0,0.0,0.0,0.0,0.0,0.0,0.0,0.16,0.11,0.6,0.77,U76036,48
,0.0,0.0,0.0,0.0,0.0,0.0,0.0,0.0,0.08,0.07,0.84,0.89,U76060,45
,0.0,0.0,0.0,0.0,0.0,0.0,0.0,0.0,0.14,0.09,0.9,0.95,U76072,5
,0.0,0.0,0.0,0.0,0.0,0.0,0.0,0.0,0.08,0.07,0.86,0.91,U76089,9
,0.0,0.0,0.0,0.0,0.0,0.0,0.0,0.0,0.16,0.09,0.68,0.77,U76118,58
,0.0,0.0,0.0,0.0,0.0,0.0,0.0,0.0,0.22,0.12,0.58,0.76,U76132,30
,0.0,0.0,0.0,0.0,0.0,0.0,0.0,0.0,0.24,0.13,0.84,0.92,U76178,8
,0.0,0.0,0.0,0.0,0.0,0.0,0.0,0.0,0.06,0.05,0.8,0.87,U76179,29
,0.0,0.0,0.0,0.0,0.0,0.0,0.0,0.0,0.22,0.13,0.66,0.79,U76190,39
,0.0,0.0,0.0,0.0,0.0,0.0,0.0,0.0,0.2,0.11,0.7,0.83,U76213,21
,0.0,0.0,0.0,0.0,0.0,0.0,0.0,0.0,0.22,0.12,0.58,0.77,U76223,28
,0.0,0.0,0.0,0.0,0.0,0.0,0.0,0.0,0.16,0.1,0.94,0.97,U76249,3
,0.0,0.0,0.0,0.0,0.0,0.0,0.0,0.0,0.18,0.12,0.68,0.81,U76251,38
,0.0,0.0,0.0,0.0,0.0,0.0,0.0,0.0,0.2,0.12,0.66,0.83,U76291,18
,0.0,0.0,0.0,0.0,0.0,0.0,0.0,0.0,0.22,0.14,0.88,0.94,U76298,6
,0.0,0.0,0.0,0.0,0.0,0.0,0.0,0.0,0.08,0.05,0.82,0.91,U76303,9
,0.0,0.0,0.0,0.0,0.0,0.0,0.0,0.0,0.18,0.13,0.8,0.9,U76313,11
,0.0,0.0,0.0,0.0,0.0,0.0,0.0,0.0,0.1,0.07,0.82,0.91,U76348,9
,0.0,0.0,0.0,0.0,0.0,0.0,0.0,0.0,0.16,0.1,0.64,0.81,U76362,35
,0.0,0.0,0.0,0.0,0.0,0.0,0.0,0.0,0.12,0.09,0.98,0.99,U76378,1
,0.0,0.0,0.0,0.0,0.0,0.0,0.0,0.0,0.18,0.1,0.68,0.81,U76406,51
,0.0,0.0,0.0,0.0,0.0,0.0,0.0,0.0,0.18,0.1,0.74,0.85,U76411,16
,0.0,0.0,0.0,0.0,0.0,0.0,0.0,0.0,0.12,0.1,0.78,0.88,U76414,41
,0.0,0.0,0.0,0.0,0.0,0.0,0.0,0.0,0.22,0.12,0.74,0.81,U76424,34
,0.0,0.0,0.0,0.0,0.0,0.0,0.0,0.0,0.1,0.08,0.92,0.96,U76450,4
,0.0,0.0,0.0,0.0,0.0,0.0,0.0,0.0,0.18,0.11,0.66,0.78,U7646,40
,0.0,0.0,0.0,0.0,0.0,0.0,0.0,0.0,0.14,0.09,0.86,0.93,U76477,7
,0.0,0.0,0.0,0.0,0.0,0.0,0.0,0.0,0.16,0.11,0.84,0.92,U76489,8
,0.0,0.0,0.0,0.0,0.0,0.0,0.0,0.0,0.12,0.1,0.98,0.99,U76495,1
,0.0,0.0,0.0,0.0,0.0,0.0,0.0,0.0,0.26,0.13,0.66,0.81,U76501,25
,0.0,0.0,0.0,0.0,0.0,0.0,0.0,0.0,0.16,0.1,0.72,0.85,U76528,18
,0.0,0.0,0.0,0.0,0.0,0.0,0.0,0.0,0.12,0.12,0.98,0.97,U76535,127
,0.0,0.0,0.0,0.0,0.0,0.0,0.0,0.0,0.16,0.1,0.72,0.81,U76540,37
0.9698492462311558,0.14285714285714285,0.0,0.3333333333333333,0.0,1.0,1.0,1.0,1.0,0.04,0.04,0.76,0.76,U76557,36
,0.0,0.0,0.0,0.0,0.0,0.0,0.0,0.0,0.04,0.03,0.96,0.98,U76560,2
,0.0,0.0,0.0,0.0,0.0,0.0,0.0,0.0,0.22,0.13,0.86,0.87,U76566,51
,0.0,0.0,0.0,0.0,0.0,0.0,0.0,0.0,0.24,0.13,0.74,0.83,U76576,42
,0.0,0.0,0.0,0.0,0.0,0.0,0.0,0.0,0.18,0.09,0.8,0.9,U76591,10
,0.0,0.0,0.0,0.0,0.0,0.0,0.0,0.0,0.12,0.09,0.98,0.99,U766,1
,0.0,0.0,0.0,0.0,0.0,0.0,0.0,0.0,0.2,0.13,0.74,0.86,U7662,29
,0.0,0.0,0.0,0.0,0.0,0.0,0.0,0.0,0.06,0.04,0.82,0.86,U76620,46
,0.0,0.0,0.0,0.0,0.0,0.0,0.0,0.0,0.14,0.1,0.86,0.93,U76635,7
,0.0,0.0,0.0,0.0,0.0,0.0,0.0,0.0,0.06,0.03,0.84,0.91,U76668,13
,0.0,0.0,0.0,0.0,0.0,0.0,0.0,0.0,0.2,0.12,0.92,0.96,U7667,4
,0.0,0.0,0.0,0.0,0.0,0.0,0.0,0.0,0.14,0.09,0.68,0.82,U76671,21
,0.0,0.0,0.0,0.0,0.0,0.0,0.0,0.0,0.08,0.06,0.88,0.94,U76700,7
,0.0,0.0,0.0,0.0,0.0,0.0,0.0,0.0,0.14,0.1,0.9,0.95,U76707,5
,0.0,0.0,0.0,0.0,0.0,0.0,0.0,0.0,0.2,0.1,0.94,0.97,U76752,3
,0.0,0.0,0.0,0.0,0.0,0.0,0.0,0.0,0.22,0.13,0.62,0.8,U76771,37
,0.0,0.0,0.0,0.0,0.0,0.0,0.0,0.0,0.26,0.13,0.56,0.75,U76799,42
,0.0,0.0,0.0,0.0,0.0,0.0,0.0,0.0,0.1,0.09,0.98,0.99,U76811,1
,0.0,0.0,0.0,0.0,0.0,0.0,0.0,0.0,0.18,0.11,0.72,0.84,U76816,19
,0.0,0.0,0.0,0.0,0.0,0.0,0.0,0.0,0.18,0.13,0.72,0.8,U76818,36
,0.0,0.0,0.0,0.0,0.0,0.0,0.0,0.0,0.24,0.14,0.7,0.83,U76820,20
,0.0,0.0,0.0,0.0,0.0,0.0,0.0,0.0,0.22,0.13,0.72,0.86,U76852,17
,0.0,0.0,0.0,0.0,0.0,0.0,0.0,0.0,0.04,0.03,0.86,0.92,U76853,83
,0.0,0.0,0.0,0.0,0.0,0.0,0.0,0.0,0.2,0.12,0.8,0.9,U7688,10
,0.0,0.0,0.0,0.0,0.0,0.0,0.0,0.0,0.22,0.13,0.8,0.9,U76902,10
,0.0,0.0,0.0,0.0,0.0,0.0,0.0,0.0,0.24,0.13,0.94,0.97,U76912,3
,0.0,0.0,0.0,0.0,0.0,0.0,0.0,0.0,0.08,0.08,0.74,0.81,U76944,39
,0.0,0.0,0.0,0.0,0.0,0.0,0.0,0.0,0.08,0.05,0.8,0.89,U76945,41
,0.0,0.0,0.0,0.0,0.0,0.0,0.0,0.0,0.16,0.1,0.8,0.87,U76946,63
,0.0,0.0,0.0,0.0,0.0,0.0,0.0,0.0,0.08,0.08,0.96,0.98,U76967,2
,0.0,0.0,0.0,0.0,0.0,0.0,0.0,0.0,0.1,0.08,0.72,0.84,U76979,27
,0.0,0.0,0.0,0.0,0.0,0.0,0.0,0.0,0.22,0.13,0.94,0.97,U76998,3
,0.0,0.0,0.0,0.0,0.0,0.0,0.0,0.0,0.2,0.12,0.84,0.88,U77033,86
,0.0,0.0,0.0,0.0,0.0,0.0,0.0,0.0,0.24,0.13,0.72,0.85,U77036,15
,0.0,0.0,0.0,0.0,0.0,0.0,0.0,0.0,0.22,0.13,0.74,0.84,U7705,18
,0.0,0.0,0.0,0.0,0.0,0.0,0.0,0.0,0.22,0.11,0.82,0.91,U77061,9
,0.0,0.0,0.0,0.0,0.0,0.0,0.0,0.0,0.08,0.06,0.94,0.97,U7707,3
,0.0,0.0,0.0,0.0,0.0,0.0,0.0,0.0,0.14,0.08,0.72,0.86,U77083,15
0.3015075376884422,0.007142857142857143,0.0,0.0,0.0,0.0,0.0,0.0,0.25,0.08,0.04,0.76,0.87,U77084,33
,0.0,0.0,0.0,0.0,0.0,0.0,0.0,0.0,0.2,0.12,0.7,0.85,U77111,19
,0.0,0.0,0.0,0.0,0.0,0.0,0.0,0.0,0.16,0.1,0.78,0.89,U77130,11
,0.0,0.0,0.0,0.0,0.0,0.0,0.0,0.0,0.18,0.12,0.86,0.9,U77134,97
,0.0,0.0,0.0,0.0,0.0,0.0,0.0,0.0,0.22,0.11,0.76,0.85,U77139,26
,0.0,0.0,0.0,0.0,0.0,0.0,0.0,0.0,0.16,0.1,0.96,0.98,U7714,2
,0.0,0.0,0.0,0.0,0.0,0.0,0.0,0.0,0.22,0.11,0.8,0.89,U77149,88
,0.0,0.0,0.0,0.0,0.0,0.0,0.0,0.0,0.18,0.11,0.7,0.79,U77179,34
,0.0,0.0,0.0,0.0,0.0,0.0,0.0,0.0,0.14,0.08,0.7,0.82,U77183,22
,0.0,0.0,0.0,0.0,0.0,0.0,0.0,0.0,0.16,0.12,0.88,0.94,U77187,6
,0.0,0.0,0.0,0.0,0.0,0.0,0.0,0.0,0.12,0.09,0.7,0.79,U77189,28
,0.0,0.0,0.0,0.0,0.0,0.0,0.0,0.0,0.2,0.13,0.82,0.88,U77196,56
,0.0,0.0,0.0,0.0,0.0,0.0,0.0,0.0,0.24,0.13,0.6,0.78,U77227,32
,0.0,0.0,0.0,0.0,0.0,0.0,0.0,0.0,0.2,0.12,0.72,0.82,U77248,27
,0.0,0.0,0.0,0.0,0.0,0.0,0.0,0.0,0.2,0.13,0.88,0.94,U77253,6
,0.0,0.0,0.0,0.0,0.0,0.0,0.0,0.0,0.14,0.08,0.88,0.94,U77260,6
,0.0,0.0,0.0,0.0,0.0,0.0,0.0,0.0,0.18,0.12,0.82,0.9,U77287,11
,0.0,0.0,0.0,0.0,0.0,0.0,0.0,0.0,0.1,0.1,0.92,0.96,U77325,4
,0.0,0.0,0.0,0.0,0.0,0.0,0.0,0.0,0.16,0.1,0.72,0.85,U77328,16
,0.0,0.0,0.0,0.0,0.0,0.0,0.0,0.0,0.24,0.14,0.68,0.8,U77347,42
,0.0,0.0,0.0,0.0,0.0,0.0,0.0,0.0,0.24,0.13,0.92,0.93,U7736,172
,0.0,0.0,0.0,0.0,0.0,0.0,0.0,0.0,0.14,0.11,0.84,0.87,U77407,76
,0.0,0.0,0.0,0.0,0.0,0.0,0.0,0.0,0.06,0.06,0.86,0.93,U77412,7
,0.0,0.0,0.0,0.0,0.0,0.0,0.0,0.0,0.24,0.13,0.8,0.9,U77416,10
,0.0,0.0,0.0,0.0,0.0,0.0,0.0,0.0,0.18,0.11,0.62,0.78,U77431,42
0.6142131979695431,0.05,0.0,0.0,0.0,0.0,0.16666666666666666,0.3333333333333333,0.5,0.16,0.11,0.74,0.87,U77439,14
,0.0,0.0,0.0,0.0,0.0,0.0,0.0,0.0,0.2,0.1,0.76,0.87,U77454,13
,0.0,0.0,0.0,0.0,0.0,0.0,0.0,0.0,0.22,0.13,0.98,0.99,U77463,1
,0.0,0.0,0.0,0.0,0.0,0.0,0.0,0.0,0.24,0.14,0.72,0.84,U77481,19
,0.0,0.0,0.0,0.0,0.0,0.0,0.0,0.0,0.16,0.11,0.56,0.74,U77493,32
,0.0,0.0,0.0,0.0,0.0,0.0,0.0,0.0,0.14,0.1,0.7,0.83,U77496,17
,0.0,0.0,0.0,0.0,0.0,0.0,0.0,0.0,0.12,0.08,0.72,0.85,U77513,16
,0.0,0.0,0.0,0.0,0.0,0.0,0.0,0.0,0.16,0.1,0.74,0.84,U77523,16
,0.0,0.0,0.0,0.0,0.0,0.0,0.0,0.0,0.06,0.06,0.86,0.89,U77538,13
,0.0,0.0,0.0,0.0,0.0,0.0,0.0,0.0,0.08,0.04,0.8,0.9,U77581,20
,0.0,0.0,0.0,0.0,0.0,0.0,0.0,0.0,0.08,0.07,0.9,0.95,U77590,5
,0.0,0.0,0.0,0.0,0.0,0.0,0.0,0.0,0.16,0.12,0.76,0.88,U7760,12
,0.0,0.0,0.0,0.0,0.0,0.0,0.0,0.0,0.16,0.12,0.82,0.84,U77607,65
,0.0,0.0,0.0,0.0,0.0,0.0,0.0,0.0,0.16,0.09,0.82,0.91,U77623,9
,0.0,0.0,0.0,0.0,0.0,0.0,0.0,0.0,0.16,0.09,0.86,0.93,U77633,7
,0.0,0.0,0.0,0.0,0.0,0.0,0.0,0.0,0.2,0.12,0.54,0.75,U77652,29
,0.0,0.0,0.0,0.0,0.0,0.0,0.0,0.0,0.12,0.08,0.72,0.85,U77659,18
,0.0,0.0,0.0,0.0,0.0,0.0,0.0,0.0,0.2,0.15,0.68,0.83,U77670,21
,0.0,0.0,0.0,0.0,0.0,0.0,0.0,0.0,0.18,0.1,0.76,0.87,U77675,13
,0.0,0.0,0.0,0.0,0.0,0.0,0.0,0.0,0.2,0.11,0.76,0.88,U77681,16
,0.0,0.0,0.0,0.0,0.0,0.0,0.0,0.0,0.14,0.09,0.78,0.88,U77682,12
,0.0,0.0,0.0,0.0,0.0,0.0,0.0,0.0,0.16,0.12,0.92,0.96,U7769,4
0.1658291457286432,0.005988023952095809,0.0,0.0,0.0,0.0,0.0,0.0,0.5,0.1,0.1,0.82,0.86,U77698,29
,0.0,0.0,0.0,0.0,0.0,0.0,0.0,0.0,0.14,0.09,0.78,0.89,U77699,12
,0.0,0.0,0.0,0.0,0.0,0.0,0.0,0.0,0.22,0.12,0.72,0.83,U7770,28
,0.0,0.0,0.0,0.0,0.0,0.0,0.0,0.0,0.08,0.04,0.72,0.84,U77734,36
,0.0,0.0,0.0,0.0,0.0,0.0,0.0,0.0,0.1,0.07,0.86,0.91,U77735,19
,0.0,0.0,0.0,0.0,0.0,0.0,0.0,0.0,0.24,0.13,0.82,0.89,U77737,71
,0.0,0.0,0.0,0.0,0.0,0.0,0.0,0.0,0.04,0.03,0.8,0.89,U77741,15
,0.0,0.0,0.0,0.0,0.0,0.0,0.0,0.0,0.18,0.12,0.78,0.88,U77749,57
,0.0,0.0,0.0,0.0,0.0,0.0,0.0,0.0,0.18,0.11,0.76,0.87,U77752,18
,0.0,0.0,0.0,0.0,0.0,0.0,0.0,0.0,0.12,0.07,0.8,0.87,U77762,15
,0.0,0.0,0.0,0.0,0.0,0.0,0.0,0.0,0.18,0.11,0.72,0.85,U77781,16
,0.0,0.0,0.0,0.0,0.0,0.0,0.0,0.0,0.12,0.1,0.98,0.99,U7780,1
,0.0,0.0,0.0,0.0,0.0,0.0,0.0,0.0,0.1,0.07,0.76,0.88,U77810,12
,0.0,0.0,0.0,0.0,0.0,0.0,0.0,0.0,0.18,0.1,0.92,0.96,U77815,4
,0.0,0.0,0.0,0.0,0.0,0.0,0.0,0.0,0.22,0.11,0.86,0.93,U77833,7
,0.0,0.0,0.0,0.0,0.0,0.0,0.0,0.0,0.2,0.11,0.72,0.85,U7786,20
,0.0,0.0,0.0,0.0,0.0,0.0,0.0,0.0,0.2,0.12,0.66,0.82,U77864,24
,0.0,0.0,0.0,0.0,0.0,0.0,0.0,0.0,0.2,0.12,0.62,0.8,U77867,21
,0.0,0.0,0.0,0.0,0.0,0.0,0.0,0.0,0.18,0.14,0.86,0.93,U77884,7
,0.0,0.0,0.0,0.0,0.0,0.0,0.0,0.0,0.12,0.07,0.72,0.8,U77889,39
,0.0,0.0,0.0,0.0,0.0,0.0,0.0,0.0,0.04,0.03,0.82,0.9,U7790,10
,0.0,0.0,0.0,0.0,0.0,0.0,0.0,0.0,0.06,0.08,0.82,0.85,U77917,41
,0.0,0.0,0.0,0.0,0.0,0.0,0.0,0.0,0.14,0.07,0.72,0.85,U77960,15
,0.0,0.0,0.0,0.0,0.0,0.0,0.0,0.0,0.08,0.05,0.92,0.94,U77977,142
,0.0,0.0,0.0,0.0,0.0,0.0,0.0,0.0,0.2,0.11,0.96,0.98,U77986,2
,0.0,0.0,0.0,0.0,0.0,0.0,0.0,0.0,0.12,0.09,0.98,0.99,U77990,1
,0.0,0.0,0.0,0.0,0.0,0.0,0.0,0.0,0.16,0.1,0.92,0.95,U77996,111
,0.0,0.0,0.0,0.0,0.0,0.0,0.0,0.0,0.18,0.11,0.76,0.85,U78000,64
,0.0,0.0,0.0,0.0,0.0,0.0,0.0,0.0,0.1,0.06,0.86,0.93,U78061,7
,0.0,0.0,0.0,0.0,0.0,0.0,0.0,0.0,0.24,0.13,0.68,0.79,U78074,29
,0.0,0.0,0.0,0.0,0.0,0.0,0.0,0.0,0.1,0.07,0.82,0.91,U78101,10
,0.0,0.0,0.0,0.0,0.0,0.0,0.0,0.0,0.18,0.1,0.8,0.9,U78120,11
,0.0,0.0,0.0,0.0,0.0,0.0,0.0,0.0,0.18,0.1,0.6,0.79,U78145,45
,0.0,0.0,0.0,0.0,0.0,0.0,0.0,0.0,0.14,0.1,0.92,0.96,U78148,4
,0.0,0.0,0.0,0.0,0.0,0.0,0.0,0.0,0.24,0.13,0.64,0.81,U78153,26
,0.0,0.0,0.0,0.0,0.0,0.0,0.0,0.0,0.12,0.09,0.76,0.84,U78170,56
0.9045226130653267,0.05,0.0,0.0,0.0,0.0,0.14285714285714285,0.14285714285714285,0.14285714285714285,0.22,0.13,0.82,0.89,U78215,72
,0.0,0.0,0.0,0.0,0.0,0.0,0.0,0.0,0.04,0.02,0.92,0.96,U78218,5
0.32663316582914576,0.007407407407407408,0.0,0.0,0.0,0.0,0.0,0.0,0.3333333333333333,0.1,0.09,0.9,0.94,U78244,98
,0.0,0.0,0.0,0.0,0.0,0.0,0.0,0.0,0.2,0.11,0.66,0.8,U78325,21
,0.0,0.0,0.0,0.0,0.0,0.0,0.0,0.0,0.18,0.1,0.92,0.96,U78327,4
,0.0,0.0,0.0,0.0,0.0,0.0,0.0,0.0,0.16,0.1,0.96,0.98,U78337,2
,0.0,0.0,0.0,0.0,0.0,0.0,0.0,0.0,0.18,0.11,0.86,0.87,U78359,114
,0.0,0.0,0.0,0.0,0.0,0.0,0.0,0.0,0.14,0.09,0.78,0.89,U7836,11
,0.0,0.0,0.0,0.0,0.0,0.0,0.0,0.0,0.22,0.13,0.9,0.95,U78380,5
,0.0,0.0,0.0,0.0,0.0,0.0,0.0,0.0,0.16,0.11,0.74,0.86,U78412,15
,0.0,0.0,0.0,0.0,0.0,0.0,0.0,0.0,0.12,0.07,0.74,0.82,U78413,59
,0.0,0.0,0.0,0.0,0.0,0.0,0.0,0.0,0.2,0.11,0.74,0.82,U78414,82
0.8592964824120602,0.030303030303030304,0.0,0.0,0.0,0.0,1.0,1.0,1.0,0.1,0.1,0.88,0.93,U78416,7
,0.0,0.0,0.0,0.0,0.0,0.0,0.0,0.0,0.14,0.11,0.86,0.93,U78423,7
,0.0,0.0,0.0,0.0,0.0,0.0,0.0,0.0,0.1,0.05,0.94,0.97,U78428,3
,0.0,0.0,0.0,0.0,0.0,0.0,0.0,0.0,0.16,0.11,0.78,0.81,U78442,37
,0.0,0.0,0.0,0.0,0.0,0.0,0.0,0.0,0.28,0.14,0.52,0.76,U78455,27
,0.0,0.0,0.0,0.0,0.0,0.0,0.0,0.0,0.02,0.01,0.82,0.88,U78463,30
,0.0,0.0,0.0,0.0,0.0,0.0,0.0,0.0,0.18,0.11,0.94,0.97,U78469,3
,0.0,0.0,0.0,0.0,0.0,0.0,0.0,0.0,0.1,0.06,0.84,0.9,U7850,55
,0.0,0.0,0.0,0.0,0.0,0.0,0.0,0.0,0.04,0.03,0.88,0.88,U78514,17
,0.0,0.0,0.0,0.0,0.0,0.0,0.0,0.0,0.2,0.13,0.68,0.8,U7853,39
,0.0,0.0,0.0,0.0,0.0,0.0,0.0,0.0,0.08,0.04,0.7,0.84,U78536,16
,0.0,0.0,0.0,0.0,0.0,0.0,0.0,0.0,0.12,0.07,0.78,0.88,U78562,14
,0.0,0.0,0.0,0.0,0.0,0.0,0.0,0.0,0.2,0.12,0.7,0.85,U78579,18
,0.0,0.0,0.0,0.0,0.0,0.0,0.0,0.0,0.14,0.09,0.82,0.88,U78589,50
,0.0,0.0,0.0,0.0,0.0,0.0,0.0,0.0,0.14,0.09,0.9,0.95,U78626,5
,0.0,0.0,0.0,0.0,0.0,0.0,0.0,0.0,0.2,0.11,0.72,0.84,U78644,18
,0.0,0.0,0.0,0.0,0.0,0.0,0.0,0.0,0.08,0.05,0.78,0.86,U78661,16
,0.0,0.0,0.0,0.0,0.0,0.0,0.0,0.0,0.08,0.06,0.74,0.87,U78683,14
,0.0,0.0,0.0,0.0,0.0,0.0,0.0,0.0,0.18,0.11,0.8,0.9,U78685,66
,0.0,0.0,0.0,0.0,0.0,0.0,0.0,0.0,0.2,0.11,0.82,0.91,U78696,10
,0.0,0.0,0.0,0.0,0.0,0.0,0.0,0.0,0.2,0.13,0.92,0.94,U78702,68
,0.0,0.0,0.0,0.0,0.0,0.0,0.0,0.0,0.22,0.13,0.66,0.82,U78709,19
,0.0,0.0,0.0,0.0,0.0,0.0,0.0,0.0,0.02,0.02,0.86,0.89,U78722,67
,0.0,0.0,0.0,0.0,0.0,0.0,0.0,0.0,0.1,0.08,0.78,0.81,U78723,25
,0.0,0.0,0.0,0.0,0.0,0.0,0.0,0.0,0.16,0.12,0.88,0.94,U78734,6
,0.0,0.0,0.0,0.0,0.0,0.0,0.0,0.0,0.16,0.09,0.6,0.77,U78742,30
,0.0,0.0,0.0,0.0,0.0,0.0,0.0,0.0,0.16,0.09,0.68,0.84,U78747,17
,0.0,0.0,0.0,0.0,0.0,0.0,0.0,0.0,0.14,0.09,0.78,0.88,U78750,13
,0.0,0.0,0.0,0.0,0.0,0.0,0.0,0.0,0.14,0.1,0.7,0.84,U78776,18
0.37185929648241206,0.007936507936507936,0.0,0.0,0.0,0.0,0.0,0.0,0.5,0.16,0.12,0.62,0.78,U78786,26
,0.0,0.0,0.0,0.0,0.0,0.0,0.0,0.0,0.2,0.12,0.6,0.77,U78800,39
,0.0,0.0,0.0,0.0,0.0,0.0,0.0,0.0,0.06,0.03,0.84,0.88,U78813,37
,0.0,0.0,0.0,0.0,0.0,0.0,0.0,0.0,0.18,0.11,0.88,0.94,U78818,6
,0.0,0.0,0.0,0.0,0.0,0.0,0.0,0.0,0.04,0.02,0.9,0.95,U78824,5
,0.0,0.0,0.0,0.0,0.0,0.0,0.0,0.0,0.2,0.11,0.98,0.99,U78848,114
,0.0,0.0,0.0,0.0,0.0,0.0,0.0,0.0,0.18,0.1,0.62,0.79,U78849,33
,0.0,0.0,0.0,0.0,0.0,0.0,0.0,0.0,0.14,0.09,0.74,0.84,U78855,20
,0.0,0.0,0.0,0.0,0.0,0.0,0.0,0.0,0.22,0.12,0.6,0.79,U7887,26
,0.0,0.0,0.0,0.0,0.0,0.0,0.0,0.0,0.1,0.07,0.8,0.9,U78871,12
,0.0,0.0,0.0,0.0,0.0,0.0,0.0,0.0,0.1,0.05,0.84,0.92,U78900,8
,0.0,0.0,0.0,0.0,0.0,0.0,0.0,0.0,0.2,0.1,0.82,0.88,U7892,67
,0.0,0.0,0.0,0.0,0.0,0.0,0.0,0.0,0.18,0.1,0.7,0.85,U78928,16
,0.0,0.0,0.0,0.0,0.0,0.0,0.0,0.0,0.2,0.11,0.82,0.91,U78929,9
,0.0,0.0,0.0,0.0,0.0,0.0,0.0,0.0,0.12,0.08,0.9,0.95,U78943,5
,0.0,0.0,0.0,0.0,0.0,0.0,0.0,0.0,0.06,0.04,0.98,0.93,U78954,32
,0.0,0.0,0.0,0.0,0.0,0.0,0.0,0.0,0.2,0.11,0.7,0.83,U78955,19
,0.0,0.0,0.0,0.0,0.0,0.0,0.0,0.0,0.1,0.08,0.82,0.85,U78966,18
,0.0,0.0,0.0,0.0,0.0,0.0,0.0,0.0,0.26,0.14,0.68,0.78,U78968,32
,0.0,0.0,0.0,0.0,0.0,0.0,0.0,0.0,0.14,0.1,0.7,0.8,U78981,32
,0.0,0.0,0.0,0.0,0.0,0.0,0.0,0.0,0.16,0.11,0.82,0.91,U79007,9
,0.0,0.0,0.0,0.0,0.0,0.0,0.0,0.0,0.22,0.12,0.88,0.94,U79008,6
,0.0,0.0,0.0,0.0,0.0,0.0,0.0,0.0,0.2,0.14,0.84,0.92,U79029,115
,0.0,0.0,0.0,0.0,0.0,0.0,0.0,0.0,0.2,0.11,0.92,0.92,U79030,108
,0.0,0.0,0.0,0.0,0.0,0.0,0.0,0.0,0.22,0.12,0.78,0.89,U79033,11
,0.0,0.0,0.0,0.0,0.0,0.0,0.0,0.0,0.18,0.11,0.58,0.77,U79061,29
,0.0,0.0,0.0,0.0,0.0,0.0,0.0,0.0,0.12,0.07,0.78,0.88,U79062,17
,0.0,0.0,0.0,0.0,0.0,0.0,0.0,0.0,0.16,0.1,0.78,0.88,U79085,18
,0.0,0.0,0.0,0.0,0.0,0.0,0.0,0.0,0.24,0.13,0.58,0.76,U79086,54
,0.0,0.0,0.0,0.0,0.0,0.0,0.0,0.0,0.1,0.09,0.94,0.97,U79089,3
,0.0,0.0,0.0,0.0,0.0,0.0,0.0,0.0,0.04,0.04,0.82,0.88,U79116,41
,0.0,0.0,0.0,0.0,0.0,0.0,0.0,0.0,0.18,0.09,0.74,0.86,U79121,14
,0.0,0.0,0.0,0.0,0.0,0.0,0.0,0.0,0.16,0.09,0.76,0.88,U79131,12
,0.0,0.0,0.0,0.0,0.0,0.0,0.0,0.0,0.14,0.09,0.68,0.81,U79133,30
,0.0,0.0,0.0,0.0,0.0,0.0,0.0,0.0,0.14,0.08,0.9,0.95,U79146,5
,0.0,0.0,0.0,0.0,0.0,0.0,0.0,0.0,0.12,0.09,0.94,0.97,U79149,4
,0.0,0.0,0.0,0.0,0.0,0.0,0.0,0.0,0.18,0.12,0.82,0.91,U79153,9
,0.0,0.0,0.0,0.0,0.0,0.0,0.0,0.0,0.24,0.13,0.78,0.89,U79156,11
,0.0,0.0,0.0,0.0,0.0,0.0,0.0,0.0,0.1,0.06,0.76,0.88,U79166,13
,0.0,0.0,0.0,0.0,0.0,0.0,0.0,0.0,0.2,0.12,0.7,0.83,U79204,19
,0.0,0.0,0.0,0.0,0.0,0.0,0.0,0.0,0.24,0.14,0.98,0.99,U79210,343
,0.0,0.0,0.0,0.0,0.0,0.0,0.0,0.0,0.06,0.05,0.68,0.82,U79243,18
,0.0,0.0,0.0,0.0,0.0,0.0,0.0,0.0,0.18,0.12,0.66,0.8,U79264,26
,0.0,0.0,0.0,0.0,0.0,0.0,0.0,0.0,0.2,0.11,0.92,0.96,U79306,104
,0.0,0.0,0.0,0.0,0.0,0.0,0.0,0.0,0.1,0.07,0.84,0.88,U79308,19
,0.0,0.0,0.0,0.0,0.0,0.0,0.0,0.0,0.16,0.1,0.88,0.94,U79346,6
,0.0,0.0,0.0,0.0,0.0,0.0,0.0,0.0,0.14,0.09,0.68,0.81,U7935,21
,0.0,0.0,0.0,0.0,0.0,0.0,0.0,0.0,0.18,0.1,0.78,0.87,U79350,13
,0.0,0.0,0.0,0.0,0.0,0.0,0.0,0.0,0.14,0.09,0.68,0.84,U7937,20
,0.0,0.0,0.0,0.0,0.0,0.0,0.0,0.0,0.26,0.14,0.68,0.82,U7938,31
,0.0,0.0,0.0,0.0,0.0,0.0,0.0,0.0,0.14,0.1,0.96,0.97,U79383,140
,0.0,0.0,0.0,0.0,0.0,0.0,0.0,0.0,0.16,0.11,0.72,0.86,U79411,14
,0.0,0.0,0.0,0.0,0.0,0.0,0.0,0.0,0.16,0.1,0.86,0.93,U79436,7
,0.0,0.0,0.0,0.0,0.0,0.0,0.0,0.0,0.18,0.12,0.88,0.94,U79441,6
0.271356783919598,0.00684931506849315,0.0,0.0,0.0,0.0,0.0,0.0,0.25,0.24,0.13,1.0,0.99,U79449,336
,0.0,0.0,0.0,0.0,0.0,0.0,0.0,0.0,0.16,0.09,0.72,0.79,U7950,44
,0.0,0.0,0.0,0.0,0.0,0.0,0.0,0.0,0.2,0.12,0.66,0.82,U79530,24
,0.0,0.0,0.0,0.0,0.0,0.0,0.0,0.0,0.12,0.08,0.64,0.8,U79543,23
,0.0,0.0,0.0,0.0,0.0,0.0,0.0,0.0,0.14,0.09,0.7,0.84,U79548,18
,0.0,0.0,0.0,0.0,0.0,0.0,0.0,0.0,0.16,0.11,0.68,0.8,U79552,46
,0.0,0.0,0.0,0.0,0.0,0.0,0.0,0.0,0.26,0.14,0.94,0.97,U79566,3
,0.0,0.0,0.0,0.0,0.0,0.0,0.0,0.0,0.06,0.07,0.8,0.86,U79587,78
,0.0,0.0,0.0,0.0,0.0,0.0,0.0,0.0,0.06,0.06,0.9,0.95,U79601,5
,0.0,0.0,0.0,0.0,0.0,0.0,0.0,0.0,0.18,0.09,0.88,0.94,U79652,6
,0.0,0.0,0.0,0.0,0.0,0.0,0.0,0.0,0.18,0.12,0.86,0.91,U79688,96
,0.0,0.0,0.0,0.0,0.0,0.0,0.0,0.0,0.2,0.11,0.96,0.98,U79690,2
,0.0,0.0,0.0,0.0,0.0,0.0,0.0,0.0,0.18,0.11,0.74,0.86,U79712,15
,0.0,0.0,0.0,0.0,0.0,0.0,0.0,0.0,0.26,0.14,0.8,0.9,U79725,10
,0.0,0.0,0.0,0.0,0.0,0.0,0.0,0.0,0.1,0.07,0.92,0.96,U79740,4
,0.0,0.0,0.0,0.0,0.0,0.0,0.0,0.0,0.1,0.08,0.96,0.98,U79757,2
,0.0,0.0,0.0,0.0,0.0,0.0,0.0,0.0,0.12,0.06,0.74,0.84,U79782,26
,0.0,0.0,0.0,0.0,0.0,0.0,0.0,0.0,0.16,0.09,0.74,0.86,U79813,41
,0.0,0.0,0.0,0.0,0.0,0.0,0.0,0.0,0.16,0.11,0.96,0.98,U79815,2
,0.0,0.0,0.0,0.0,0.0,0.0,0.0,0.0,0.16,0.11,0.72,0.82,U79817,52
,0.0,0.0,0.0,0.0,0.0,0.0,0.0,0.0,0.22,0.13,0.82,0.89,U79818,13
,0.0,0.0,0.0,0.0,0.0,0.0,0.0,0.0,0.24,0.13,0.68,0.81,U79822,28
,0.0,0.0,0.0,0.0,0.0,0.0,0.0,0.0,0.2,0.13,0.82,0.91,U79828,9
,0.0,0.0,0.0,0.0,0.0,0.0,0.0,0.0,0.18,0.11,0.9,0.91,U79840,68
,0.0,0.0,0.0,0.0,0.0,0.0,0.0,0.0,0.22,0.13,0.88,0.94,U79876,6
,0.0,0.0,0.0,0.0,0.0,0.0,0.0,0.0,0.16,0.09,0.72,0.84,U79881,19
,0.0,0.0,0.0,0.0,0.0,0.0,0.0,0.0,0.18,0.1,0.76,0.88,U79893,12
,0.0,0.0,0.0,0.0,0.0,0.0,0.0,0.0,0.26,0.14,0.86,0.93,U79896,7
,0.0,0.0,0.0,0.0,0.0,0.0,0.0,0.0,0.08,0.06,0.94,0.94,U7991,127
,0.0,0.0,0.0,0.0,0.0,0.0,0.0,0.0,0.14,0.1,0.8,0.86,U79916,42
,0.0,0.0,0.0,0.0,0.0,0.0,0.0,0.0,0.22,0.11,0.74,0.87,U7992,15
,0.0,0.0,0.0,0.0,0.0,0.0,0.0,0.0,0.2,0.11,0.6,0.8,U79942,25
,0.0,0.0,0.0,0.0,0.0,0.0,0.0,0.0,0.06,0.03,0.96,0.96,U79961,78
,0.0,0.0,0.0,0.0,0.0,0.0,0.0,0.0,0.18,0.11,0.78,0.89,U79967,11
,0.0,0.0,0.0,0.0,0.0,0.0,0.0,0.0,0.12,0.08,0.9,0.95,U79975,5
,0.0,0.0,0.0,0.0,0.0,0.0,0.0,0.0,0.12,0.08,0.96,0.96,U79976,108
,0.0,0.0,0.0,0.0,0.0,0.0,0.0,0.0,0.12,0.06,0.8,0.9,U79983,11
,0.0,0.0,0.0,0.0,0.0,0.0,0.0,0.0,0.14,0.09,0.88,0.94,U80012,6
,0.0,0.0,0.0,0.0,0.0,0.0,0.0,0.0,0.06,0.03,0.94,0.97,U80066,3
,0.0,0.0,0.0,0.0,0.0,0.0,0.0,0.0,0.18,0.11,0.76,0.88,U80082,12
,0.0,0.0,0.0,0.0,0.0,0.0,0.0,0.0,0.16,0.08,0.76,0.84,U80096,55
,0.0,0.0,0.0,0.0,0.0,0.0,0.0,0.0,0.08,0.07,0.72,0.8,U80140,35
,0.0,0.0,0.0,0.0,0.0,0.0,0.0,0.0,0.16,0.1,0.78,0.89,U80150,11
,0.0,0.0,0.0,0.0,0.0,0.0,0.0,0.0,0.16,0.11,0.7,0.83,U80175,46
,0.0,0.0,0.0,0.0,0.0,0.0,0.0,0.0,0.14,0.08,0.76,0.88,U80190,28
,0.0,0.0,0.0,0.0,0.0,0.0,0.0,0.0,0.22,0.14,0.76,0.84,U80193,75
,0.0,0.0,0.0,0.0,0.0,0.0,0.0,0.0,0.14,0.09,0.96,0.98,U80195,2
,0.0,0.0,0.0,0.0,0.0,0.0,0.0,0.0,0.18,0.09,0.86,0.93,U8023,7
,0.0,0.0,0.0,0.0,0.0,0.0,0.0,0.0,0.04,0.02,0.86,0.93,U80236,10
,0.0,0.0,0.0,0.0,0.0,0.0,0.0,0.0,0.18,0.1,0.78,0.89,U80238,13
,0.0,0.0,0.0,0.0,0.0,0.0,0.0,0.0,0.12,0.1,0.8,0.85,U80247,30
,0.0,0.0,0.0,0.0,0.0,0.0,0.0,0.0,0.1,0.09,0.76,0.86,U8025,16
,0.0,0.0,0.0,0.0,0.0,0.0,0.0,0.0,0.12,0.08,0.8,0.86,U80283,18
,0.0,0.0,0.0,0.0,0.0,0.0,0.0,0.0,0.2,0.11,0.94,0.97,U80318,3
,0.0,0.0,0.0,0.0,0.0,0.0,0.0,0.0,0.22,0.12,0.84,0.92,U80320,8
,0.0,0.0,0.0,0.0,0.0,0.0,0.0,0.0,0.14,0.1,0.76,0.86,U80325,16
,0.0,0.0,0.0,0.0,0.0,0.0,0.0,0.0,0.06,0.04,0.8,0.88,U80332,15
,0.0,0.0,0.0,0.0,0.0,0.0,0.0,0.0,0.04,0.02,0.82,0.91,U80371,11
,0.0,0.0,0.0,0.0,0.0,0.0,0.0,0.0,0.1,0.06,0.84,0.91,U80377,9
,0.0,0.0,0.0,0.0,0.0,0.0,0.0,0.0,0.1,0.05,0.82,0.91,U80391,9
,0.0,0.0,0.0,0.0,0.0,0.0,0.0,0.0,0.22,0.12,0.58,0.76,U80407,28
,0.0,0.0,0.0,0.0,0.0,0.0,0.0,0.0,0.16,0.12,0.66,0.78,U80408,33
,0.0,0.0,0.0,0.0,0.0,0.0,0.0,0.0,0.14,0.09,0.76,0.87,U80414,53
,0.0,0.0,0.0,0.0,0.0,0.0,0.0,0.0,0.14,0.09,0.78,0.88,U80416,16
,0.0,0.0,0.0,0.0,0.0,0.0,0.0,0.0,0.12,0.07,0.68,0.83,U80418,43
,0.0,0.0,0.0,0.0,0.0,0.0,0.0,0.0,0.24,0.12,0.78,0.89,U80437,12
,0.0,0.0,0.0,0.0,0.0,0.0,0.0,0.0,0.12,0.07,0.88,0.94,U80453,84
,0.0,0.0,0.0,0.0,0.0,0.0,0.0,0.0,0.12,0.08,0.7,0.79,U80455,40
,0.0,0.0,0.0,0.0,0.0,0.0,0.0,0.0,0.26,0.14,0.82,0.91,U80464,9
,0.0,0.0,0.0,0.0,0.0,0.0,0.0,0.0,0.22,0.12,0.74,0.86,U80470,44
,0.0,0.0,0.0,0.0,0.0,0.0,0.0,0.0,0.16,0.09,0.84,0.92,U80480,9
,0.0,0.0,0.0,0.0,0.0,0.0,0.0,0.0,0.1,0.06,0.78,0.87,U80554,20
,0.0,0.0,0.0,0.0,0.0,0.0,0.0,0.0,0.1,0.07,0.86,0.91,U80573,127
,0.0,0.0,0.0,0.0,0.0,0.0,0.0,0.0,0.24,0.12,0.96,0.98,U8058,2
,0.0,0.0,0.0,0.0,0.0,0.0,0.0,0.0,0.18,0.13,0.82,0.85,U80589,58
,0.0,0.0,0.0,0.0,0.0,0.0,0.0,0.0,0.18,0.11,0.94,0.97,U8060,3
,0.0,0.0,0.0,0.0,0.0,0.0,0.0,0.0,0.14,0.09,0.82,0.87,U80639,64
,0.0,0.0,0.0,0.0,0.0,0.0,0.0,0.0,0.1,0.05,0.94,0.97,U80655,3
,0.0,0.0,0.0,0.0,0.0,0.0,0.0,0.0,0.1,0.05,0.78,0.89,U80670,12
,0.0,0.0,0.0,0.0,0.0,0.0,0.0,0.0,0.1,0.06,0.66,0.8,U80679,26
,0.0,0.0,0.0,0.0,0.0,0.0,0.0,0.0,0.14,0.08,0.98,0.99,U80680,1
,0.0,0.0,0.0,0.0,0.0,0.0,0.0,0.0,0.18,0.12,0.7,0.85,U80704,19
,0.0,0.0,0.0,0.0,0.0,0.0,0.0,0.0,0.2,0.11,0.98,0.99,U80728,1
,0.0,0.0,0.0,0.0,0.0,0.0,0.0,0.0,0.16,0.09,0.84,0.89,U80744,83
,0.0,0.0,0.0,0.0,0.0,0.0,0.0,0.0,0.16,0.12,0.8,0.9,U80808,10
,0.0,0.0,0.0,0.0,0.0,0.0,0.0,0.0,0.18,0.12,0.86,0.92,U80818,116
,0.0,0.0,0.0,0.0,0.0,0.0,0.0,0.0,0.12,0.08,0.74,0.85,U80821,52
,0.0,0.0,0.0,0.0,0.0,0.0,0.0,0.0,0.24,0.13,0.66,0.82,U80841,18
,0.0,0.0,0.0,0.0,0.0,0.0,0.0,0.0,0.2,0.11,0.84,0.92,U8085,8
,0.0,0.0,0.0,0.0,0.0,0.0,0.0,0.0,0.1,0.05,0.92,0.96,U80862,5
,0.0,0.0,0.0,0.0,0.0,0.0,0.0,0.0,0.04,0.03,0.9,0.95,U80870,5
,0.0,0.0,0.0,0.0,0.0,0.0,0.0,0.0,0.2,0.13,0.82,0.84,U80871,51
,0.0,0.0,0.0,0.0,0.0,0.0,0.0,0.0,0.16,0.1,0.74,0.85,U8088,43
,0.0,0.0,0.0,0.0,0.0,0.0,0.0,0.0,0.1,0.08,0.82,0.84,U8089,33
0.5226130653266332,0.010416666666666666,0.0,0.0,0.0,0.0,0.0,0.2,0.2,0.16,0.1,0.86,0.92,U80895,77
,0.0,0.0,0.0,0.0,0.0,0.0,0.0,0.0,0.12,0.08,0.8,0.87,U80896,57
,0.0,0.0,0.0,0.0,0.0,0.0,0.0,0.0,0.2,0.11,0.9,0.95,U80901,5
,0.0,0.0,0.0,0.0,0.0,0.0,0.0,0.0,0.06,0.03,0.96,0.97,U80905,106
,0.0,0.0,0.0,0.0,0.0,0.0,0.0,0.0,0.24,0.12,0.58,0.79,U8091,23
,0.0,0.0,0.0,0.0,0.0,0.0,0.0,0.0,0.14,0.09,0.72,0.85,U80929,26
,0.0,0.0,0.0,0.0,0.0,0.0,0.0,0.0,0.18,0.11,0.86,0.93,U80939,7
,0.0,0.0,0.0,0.0,0.0,0.0,0.0,0.0,0.16,0.1,0.92,0.96,U80942,4
,0.0,0.0,0.0,0.0,0.0,0.0,0.0,0.0,0.1,0.1,0.76,0.83,U8095,22
,0.0,0.0,0.0,0.0,0.0,0.0,0.0,0.0,0.16,0.1,0.9,0.95,U80971,5
,0.0,0.0,0.0,0.0,0.0,0.0,0.0,0.0,0.14,0.09,0.68,0.82,U80988,27
,0.0,0.0,0.0,0.0,0.0,0.0,0.0,0.0,0.18,0.11,0.66,0.75,U81000,37
,0.0,0.0,0.0,0.0,0.0,0.0,0.0,0.0,0.22,0.12,0.62,0.8,U81028,27
,0.0,0.0,0.0,0.0,0.0,0.0,0.0,0.0,0.2,0.12,0.72,0.86,U81031,14
,0.0,0.0,0.0,0.0,0.0,0.0,0.0,0.0,0.16,0.11,0.64,0.79,U81064,22
,0.0,0.0,0.0,0.0,0.0,0.0,0.0,0.0,0.16,0.12,0.78,0.89,U81080,12
,0.0,0.0,0.0,0.0,0.0,0.0,0.0,0.0,0.2,0.13,0.66,0.82,U81094,23
,0.0,0.0,0.0,0.0,0.0,0.0,0.0,0.0,0.18,0.1,0.58,0.78,U81102,26
,0.0,0.0,0.0,0.0,0.0,0.0,0.0,0.0,0.16,0.09,0.74,0.86,U81111,14
,0.0,0.0,0.0,0.0,0.0,0.0,0.0,0.0,0.12,0.06,0.68,0.83,U81135,33
,0.0,0.0,0.0,0.0,0.0,0.0,0.0,0.0,0.18,0.12,0.98,0.99,U81153,1
,0.0,0.0,0.0,0.0,0.0,0.0,0.0,0.0,0.08,0.08,0.88,0.94,U81168,6
,0.0,0.0,0.0,0.0,0.0,0.0,0.0,0.0,0.2,0.12,0.88,0.93,U81199,7
,0.0,0.0,0.0,0.0,0.0,0.0,0.0,0.0,0.26,0.13,0.92,0.96,U81203,171
,0.0,0.0,0.0,0.0,0.0,0.0,0.0,0.0,0.14,0.08,0.74,0.87,U81225,13
,0.0,0.0,0.0,0.0,0.0,0.0,0.0,0.0,0.1,0.06,0.76,0.83,U81250,30
,0.0,0.0,0.0,0.0,0.0,0.0,0.0,0.0,0.22,0.12,0.9,0.92,U81263,100
,0.0,0.0,0.0,0.0,0.0,0.0,0.0,0.0,0.1,0.08,0.84,0.89,U81264,59
,0.0,0.0,0.0,0.0,0.0,0.0,0.0,0.0,0.24,0.12,0.76,0.84,U81272,63
,0.0,0.0,0.0,0.0,0.0,0.0,0.0,0.0,0.18,0.11,0.88,0.92,U8128,63
,0.0,0.0,0.0,0.0,0.0,0.0,0.0,0.0,0.14,0.08,0.9,0.95,U81280,5
,0.0,0.0,0.0,0.0,0.0,0.0,0.0,0.0,0.14,0.08,0.78,0.88,U8131,12
,0.0,0.0,0.0,0.0,0.0,0.0,0.0,0.0,0.14,0.11,0.76,0.88,U81310,13
,0.0,0.0,0.0,0.0,0.0,0.0,0.0,0.0,0.16,0.09,0.86,0.93,U81334,7
,0.0,0.0,0.0,0.0,0.0,0.0,0.0,0.0,0.14,0.1,0.8,0.9,U81375,10
,0.0,0.0,0.0,0.0,0.0,0.0,0.0,0.0,0.14,0.09,0.72,0.8,U8138,57
,0.0,0.0,0.0,0.0,0.0,0.0,0.0,0.0,0.14,0.1,0.76,0.88,U81384,12
,0.0,0.0,0.0,0.0,0.0,0.0,0.0,0.0,0.16,0.08,0.78,0.89,U81394,11
,0.0,0.0,0.0,0.0,0.0,0.0,0.0,0.0,0.14,0.07,0.94,0.97,U81400,3
,0.0,0.0,0.0,0.0,0.0,0.0,0.0,0.0,0.26,0.14,0.72,0.83,U8145,20
,0.0,0.0,0.0,0.0,0.0,0.0,0.0,0.0,0.2,0.11,0.6,0.8,U81467,21
,0.0,0.0,0.0,0.0,0.0,0.0,0.0,0.0,0.1,0.08,0.76,0.86,U81472,15
,0.0,0.0,0.0,0.0,0.0,0.0,0.0,0.0,0.18,0.12,0.86,0.93,U81478,7
,0.0,0.0,0.0,0.0,0.0,0.0,0.0,0.0,0.22,0.13,0.9,0.95,U81480,5
,0.0,0.0,0.0,0.0,0.0,0.0,0.0,0.0,0.16,0.09,0.7,0.83,U81494,35
,0.0,0.0,0.0,0.0,0.0,0.0,0.0,0.0,0.1,0.09,0.8,0.88,U81495,47
,0.0,0.0,0.0,0.0,0.0,0.0,0.0,0.0,0.14,0.09,0.84,0.92,U81499,8
,0.0,0.0,0.0,0.0,0.0,0.0,0.0,0.0,0.16,0.1,0.92,0.96,U81526,4
,0.0,0.0,0.0,0.0,0.0,0.0,0.0,0.0,0.22,0.12,0.76,0.87,U81571,18
,0.0,0.0,0.0,0.0,0.0,0.0,0.0,0.0,0.16,0.11,0.76,0.84,U8158,18
,0.0,0.0,0.0,0.0,0.0,0.0,0.0,0.0,0.12,0.06,0.78,0.89,U81592,14
,0.0,0.0,0.0,0.0,0.0,0.0,0.0,0.0,0.12,0.08,0.86,0.93,U81609,102
,0.0,0.0,0.0,0.0,0.0,0.0,0.0,0.0,0.14,0.09,0.82,0.89,U81634,57
,0.0,0.0,0.0,0.0,0.0,0.0,0.0,0.0,0.12,0.09,0.8,0.9,U81642,10
,0.0,0.0,0.0,0.0,0.0,0.0,0.0,0.0,0.14,0.1,0.82,0.85,U81651,56
,0.0,0.0,0.0,0.0,0.0,0.0,0.0,0.0,0.1,0.07,0.88,0.92,U81664,8
,0.0,0.0,0.0,0.0,0.0,0.0,0.0,0.0,0.16,0.09,0.78,0.89,U81666,11
,0.0,0.0,0.0,0.0,0.0,0.0,0.0,0.0,0.18,0.12,0.78,0.89,U81671,11
,0.0,0.0,0.0,0.0,0.0,0.0,0.0,0.0,0.14,0.1,0.6,0.78,U81673,23
,0.0,0.0,0.0,0.0,0.0,0.0,0.0,0.0,0.2,0.13,0.66,0.8,U8168,39
,0.0,0.0,0.0,0.0,0.0,0.0,0.0,0.0,0.18,0.1,0.8,0.83,U81694,113
,0.0,0.0,0.0,0.0,0.0,0.0,0.0,0.0,0.14,0.12,0.52,0.73,U81700,43
,0.0,0.0,0.0,0.0,0.0,0.0,0.0,0.0,0.14,0.08,0.62,0.75,U81712,37
,0.0,0.0,0.0,0.0,0.0,0.0,0.0,0.0,0.18,0.1,0.86,0.93,U81747,7
,0.0,0.0,0.0,0.0,0.0,0.0,0.0,0.0,0.18,0.09,0.62,0.81,U81754,20
,0.0,0.0,0.0,0.0,0.0,0.0,0.0,0.0,0.1,0.08,0.62,0.8,U81803,51
,0.0,0.0,0.0,0.0,0.0,0.0,0.0,0.0,0.14,0.08,0.72,0.8,U81848,24
,0.0,0.0,0.0,0.0,0.0,0.0,0.0,0.0,0.16,0.11,0.6,0.74,U81897,41
,0.0,0.0,0.0,0.0,0.0,0.0,0.0,0.0,0.18,0.11,0.76,0.82,U81914,51
,0.0,0.0,0.0,0.0,0.0,0.0,0.0,0.0,0.22,0.12,0.72,0.86,U81926,16
,0.0,0.0,0.0,0.0,0.0,0.0,0.0,0.0,0.24,0.13,0.68,0.78,U81936,39
,0.0,0.0,0.0,0.0,0.0,0.0,0.0,0.0,0.22,0.13,0.68,0.84,U81955,16
,0.0,0.0,0.0,0.0,0.0,0.0,0.0,0.0,0.08,0.04,0.9,0.91,U8197,43
,0.0,0.0,0.0,0.0,0.0,0.0,0.0,0.0,0.16,0.1,0.74,0.83,U82003,21
,0.0,0.0,0.0,0.0,0.0,0.0,0.0,0.0,0.12,0.09,0.92,0.96,U82016,4
,0.0,0.0,0.0,0.0,0.0,0.0,0.0,0.0,0.18,0.12,0.66,0.8,U82041,21
0.3065326633165829,0.007194244604316547,0.0,0.0,0.0,0.0,0.0,0.0,0.5,0.2,0.12,0.94,0.97,U82064,3
,0.0,0.0,0.0,0.0,0.0,0.0,0.0,0.0,0.08,0.04,0.84,0.89,U82088,13
,0.0,0.0,0.0,0.0,0.0,0.0,0.0,0.0,0.06,0.06,0.84,0.86,U8211,25
,0.0,0.0,0.0,0.0,0.0,0.0,0.0,0.0,0.14,0.07,0.78,0.89,U82122,11
,0.0,0.0,0.0,0.0,0.0,0.0,0.0,0.0,0.22,0.13,0.86,0.93,U82141,7
,0.0,0.0,0.0,0.0,0.0,0.0,0.0,0.0,0.1,0.08,0.98,0.99,U82156,1
,0.0,0.0,0.0,0.0,0.0,0.0,0.0,0.0,0.2,0.11,0.6,0.79,U82166,32
,0.0,0.0,0.0,0.0,0.0,0.0,0.0,0.0,0.24,0.13,0.66,0.8,U82168,35
,0.0,0.0,0.0,0.0,0.0,0.0,0.0,0.0,0.16,0.1,0.88,0.94,U82172,6
,0.0,0.0,0.0,0.0,0.0,0.0,0.0,0.0,0.18,0.11,0.72,0.81,U82181,36
,0.0,0.0,0.0,0.0,0.0,0.0,0.0,0.0,0.1,0.07,0.78,0.87,U82243,58
,0.0,0.0,0.0,0.0,0.0,0.0,0.0,0.0,0.16,0.1,0.86,0.91,U82252,88
,0.0,0.0,0.0,0.0,0.0,0.0,0.0,0.0,0.1,0.06,0.76,0.86,U82267,35
,0.0,0.0,0.0,0.0,0.0,0.0,0.0,0.0,0.2,0.11,0.88,0.94,U82271,6
,0.0,0.0,0.0,0.0,0.0,0.0,0.0,0.0,0.12,0.07,0.64,0.78,U82276,35
,0.0,0.0,0.0,0.0,0.0,0.0,0.0,0.0,0.12,0.1,0.8,0.89,U82301,12
,0.0,0.0,0.0,0.0,0.0,0.0,0.0,0.0,0.18,0.13,0.8,0.9,U82323,10
,0.0,0.0,0.0,0.0,0.0,0.0,0.0,0.0,0.16,0.09,0.72,0.86,U82352,20
,0.0,0.0,0.0,0.0,0.0,0.0,0.0,0.0,0.12,0.07,0.64,0.82,U82358,20
,0.0,0.0,0.0,0.0,0.0,0.0,0.0,0.0,0.24,0.13,0.8,0.88,U82373,86
,0.0,0.0,0.0,0.0,0.0,0.0,0.0,0.0,0.06,0.04,0.76,0.88,U82392,13
,0.0,0.0,0.0,0.0,0.0,0.0,0.0,0.0,0.04,0.02,0.94,0.97,U8241,3
,0.0,0.0,0.0,0.0,0.0,0.0,0.0,0.0,0.2,0.13,0.88,0.94,U82427,7
,0.0,0.0,0.0,0.0,0.0,0.0,0.0,0.0,0.2,0.13,0.7,0.84,U82479,16
,0.0,0.0,0.0,0.0,0.0,0.0,0.0,0.0,0.12,0.09,0.84,0.92,U82483,8
,0.0,0.0,0.0,0.0,0.0,0.0,0.0,0.0,0.12,0.07,0.6,0.8,U82485,30
,0.0,0.0,0.0,0.0,0.0,0.0,0.0,0.0,0.18,0.09,0.92,0.96,U82522,4
,0.0,0.0,0.0,0.0,0.0,0.0,0.0,0.0,0.18,0.13,0.86,0.93,U8255,7
,0.0,0.0,0.0,0.0,0.0,0.0,0.0,0.0,0.22,0.11,0.78,0.89,U82552,12
,0.0,0.0,0.0,0.0,0.0,0.0,0.0,0.0,0.12,0.06,0.7,0.82,U82556,26
,0.0,0.0,0.0,0.0,0.0,0.0,0.0,0.0,0.26,0.13,0.78,0.88,U82558,12
,0.0,0.0,0.0,0.0,0.0,0.0,0.0,0.0,0.18,0.1,0.72,0.86,U8256,14
,0.0,0.0,0.0,0.0,0.0,0.0,0.0,0.0,0.08,0.05,0.88,0.87,U82564,50
,0.0,0.0,0.0,0.0,0.0,0.0,0.0,0.0,0.12,0.09,0.82,0.89,U82568,74
,0.0,0.0,0.0,0.0,0.0,0.0,0.0,0.0,0.12,0.07,0.82,0.89,U82589,26
,0.0,0.0,0.0,0.0,0.0,0.0,0.0,0.0,0.18,0.11,0.72,0.86,U82597,15
,0.0,0.0,0.0,0.0,0.0,0.0,0.0,0.0,0.24,0.13,0.86,0.93,U82602,7
,0.0,0.0,0.0,0.0,0.0,0.0,0.0,0.0,0.18,0.12,0.7,0.84,U8261,16
,0.0,0.0,0.0,0.0,0.0,0.0,0.0,0.0,0.18,0.13,0.58,0.77,U82627,30
,0.0,0.0,0.0,0.0,0.0,0.0,0.0,0.0,0.14,0.1,0.8,0.9,U82652,10
,0.0,0.0,0.0,0.0,0.0,0.0,0.0,0.0,0.16,0.11,0.94,0.97,U82671,3
,0.0,0.0,0.0,0.0,0.0,0.0,0.0,0.0,0.2,0.13,0.7,0.84,U82678,18
,0.0,0.0,0.0,0.0,0.0,0.0,0.0,0.0,0.16,0.09,0.54,0.76,U82681,25
,0.0,0.0,0.0,0.0,0.0,0.0,0.0,0.0,0.18,0.1,0.78,0.89,U82690,11
,0.0,0.0,0.0,0.0,0.0,0.0,0.0,0.0,0.22,0.12,0.94,0.97,U82692,3
,0.0,0.0,0.0,0.0,0.0,0.0,0.0,0.0,0.12,0.06,0.82,0.87,U82693,95
,0.0,0.0,0.0,0.0,0.0,0.0,0.0,0.0,0.2,0.1,0.74,0.82,U82748,26
,0.0,0.0,0.0,0.0,0.0,0.0,0.0,0.0,0.2,0.11,0.8,0.9,U8275,10
,0.0,0.0,0.0,0.0,0.0,0.0,0.0,0.0,0.18,0.11,0.92,0.96,U82752,4
,0.0,0.0,0.0,0.0,0.0,0.0,0.0,0.0,0.22,0.12,0.66,0.81,U82781,21
,0.0,0.0,0.0,0.0,0.0,0.0,0.0,0.0,0.16,0.11,0.9,0.95,U82792,5
,0.0,0.0,0.0,0.0,0.0,0.0,0.0,0.0,0.14,0.09,0.8,0.9,U82812,10
,0.0,0.0,0.0,0.0,0.0,0.0,0.0,0.0,0.14,0.08,0.88,0.94,U8282,6
,0.0,0.0,0.0,0.0,0.0,0.0,0.0,0.0,0.12,0.07,0.96,0.98,U8283,2
,0.0,0.0,0.0,0.0,0.0,0.0,0.0,0.0,0.14,0.09,0.62,0.79,U82840,24
,0.0,0.0,0.0,0.0,0.0,0.0,0.0,0.0,0.08,0.05,0.74,0.84,U82858,46
,0.0,0.0,0.0,0.0,0.0,0.0,0.0,0.0,0.1,0.07,0.96,0.95,U82865,76
,0.0,0.0,0.0,0.0,0.0,0.0,0.0,0.0,0.16,0.11,0.66,0.83,U82866,21
,0.0,0.0,0.0,0.0,0.0,0.0,0.0,0.0,0.24,0.14,0.66,0.81,U82867,24
,0.0,0.0,0.0,0.0,0.0,0.0,0.0,0.0,0.14,0.09,0.8,0.87,U8287,36
,0.0,0.0,0.0,0.0,0.0,0.0,0.0,0.0,0.14,0.1,0.74,0.85,U82884,18
,0.0,0.0,0.0,0.0,0.0,0.0,0.0,0.0,0.2,0.12,0.62,0.81,U82896,27
,0.0,0.0,0.0,0.0,0.0,0.0,0.0,0.0,0.16,0.1,0.78,0.88,U82928,14
,0.0,0.0,0.0,0.0,0.0,0.0,0.0,0.0,0.18,0.13,0.88,0.94,U82935,6
0.3869346733668342,0.008130081300813009,0.0,0.0,0.0,0.0,0.0,0.0,0.16666666666666666,0.06,0.07,0.7,0.81,U82939,49
,0.0,0.0,0.0,0.0,0.0,0.0,0.0,0.0,0.1,0.06,0.86,0.93,U82966,7
,0.0,0.0,0.0,0.0,0.0,0.0,0.0,0.0,0.1,0.07,0.78,0.87,U82988,13
,0.0,0.0,0.0,0.0,0.0,0.0,0.0,0.0,0.16,0.09,0.9,0.95,U82995,5
,0.0,0.0,0.0,0.0,0.0,0.0,0.0,0.0,0.18,0.1,0.86,0.93,U83020,7
,0.0,0.0,0.0,0.0,0.0,0.0,0.0,0.0,0.26,0.13,0.88,0.94,U83027,6
,0.0,0.0,0.0,0.0,0.0,0.0,0.0,0.0,0.18,0.11,0.88,0.94,U8303,7
,0.0,0.0,0.0,0.0,0.0,0.0,0.0,0.0,0.18,0.1,0.84,0.9,U83031,145
,0.0,0.0,0.0,0.0,0.0,0.0,0.0,0.0,0.18,0.1,0.8,0.9,U83071,10
,0.0,0.0,0.0,0.0,0.0,0.0,0.0,0.0,0.2,0.1,0.68,0.84,U8310,18
,0.0,0.0,0.0,0.0,0.0,0.0,0.0,0.0,0.2,0.12,0.76,0.85,U83125,19
,0.0,0.0,0.0,0.0,0.0,0.0,0.0,0.0,0.1,0.05,0.88,0.93,U8315,7
,0.0,0.0,0.0,0.0,0.0,0.0,0.0,0.0,0.2,0.11,0.92,0.96,U83162,4
,0.0,0.0,0.0,0.0,0.0,0.0,0.0,0.0,0.16,0.1,0.66,0.82,U83163,23
,0.0,0.0,0.0,0.0,0.0,0.0,0.0,0.0,0.12,0.13,0.66,0.83,U83175,19
,0.0,0.0,0.0,0.0,0.0,0.0,0.0,0.0,0.22,0.14,0.54,0.74,U83188,44
,0.0,0.0,0.0,0.0,0.0,0.0,0.0,0.0,0.22,0.11,0.9,0.94,U83199,98
,0.0,0.0,0.0,0.0,0.0,0.0,0.0,0.0,0.2,0.12,0.8,0.87,U832,85
,0.0,0.0,0.0,0.0,0.0,0.0,0.0,0.0,0.14,0.1,0.98,0.99,U83240,1
,0.0,0.0,0.0,0.0,0.0,0.0,0.0,0.0,0.16,0.12,0.7,0.84,U83246,56
,0.0,0.0,0.0,0.0,0.0,0.0,0.0,0.0,0.2,0.12,0.74,0.87,U83275,13
,0.0,0.0,0.0,0.0,0.0,0.0,0.0,0.0,0.18,0.12,0.7,0.84,U83303,32
,0.0,0.0,0.0,0.0,0.0,0.0,0.0,0.0,0.22,0.14,0.62,0.8,U83350,29
,0.0,0.0,0.0,0.0,0.0,0.0,0.0,0.0,0.22,0.14,0.98,0.99,U83355,1
,0.0,0.0,0.0,0.0,0.0,0.0,0.0,0.0,0.14,0.09,0.78,0.85,U83361,33
,0.0,0.0,0.0,0.0,0.0,0.0,0.0,0.0,0.12,0.07,0.66,0.81,U83369,19
,0.0,0.0,0.0,0.0,0.0,0.0,0.0,0.0,0.02,0.02,0.84,0.91,U83376,40
,0.0,0.0,0.0,0.0,0.0,0.0,0.0,0.0,0.2,0.12,0.48,0.71,U8341,38
,0.0,0.0,0.0,0.0,0.0,0.0,0.0,0.0,0.22,0.12,0.72,0.83,U8343,20
,0.0,0.0,0.0,0.0,0.0,0.0,0.0,0.0,0.1,0.06,0.92,0.96,U83449,4
,0.0,0.0,0.0,0.0,0.0,0.0,0.0,0.0,0.06,0.05,0.78,0.89,U8346,12
,0.0,0.0,0.0,0.0,0.0,0.0,0.0,0.0,0.1,0.07,0.7,0.8,U83460,37
,0.0,0.0,0.0,0.0,0.0,0.0,0.0,0.0,0.18,0.1,0.68,0.84,U83482,20
,0.0,0.0,0.0,0.0,0.0,0.0,0.0,0.0,0.06,0.03,0.84,0.92,U83485,8
0.36180904522613067,0.0078125,0.0,0.0,0.0,0.0,0.0,0.0,1.0,0.14,0.08,0.84,0.92,U83486,8
,0.0,0.0,0.0,0.0,0.0,0.0,0.0,0.0,0.22,0.13,0.68,0.83,U83487,20
,0.0,0.0,0.0,0.0,0.0,0.0,0.0,0.0,0.18,0.1,0.76,0.88,U83495,13
,0.0,0.0,0.0,0.0,0.0,0.0,0.0,0.0,0.16,0.08,0.8,0.85,U83516,36
,0.0,0.0,0.0,0.0,0.0,0.0,0.0,0.0,0.14,0.09,0.7,0.85,U83523,17
,0.0,0.0,0.0,0.0,0.0,0.0,0.0,0.0,0.18,0.09,0.74,0.83,U83535,22
,0.0,0.0,0.0,0.0,0.0,0.0,0.0,0.0,0.14,0.09,0.74,0.81,U83550,51
0.05527638190954774,0.005291005291005291,0.0,0.0,0.0,0.0,0.0,0.0,0.5,0.26,0.13,0.9,0.95,U8357,54
,0.0,0.0,0.0,0.0,0.0,0.0,0.0,0.0,0.1,0.07,0.88,0.94,U83600,6
,0.0,0.0,0.0,0.0,0.0,0.0,0.0,0.0,0.04,0.02,0.74,0.84,U83607,43
,0.0,0.0,0.0,0.0,0.0,0.0,0.0,0.0,0.22,0.12,0.76,0.87,U83610,14
,0.0,0.0,0.0,0.0,0.0,0.0,0.0,0.0,0.16,0.09,0.72,0.83,U83616,20
,0.0,0.0,0.0,0.0,0.0,0.0,0.0,0.0,0.1,0.07,0.72,0.83,U83617,25
,0.0,0.0,0.0,0.0,0.0,0.0,0.0,0.0,0.14,0.08,0.72,0.86,U83645,17
0.8241206030150754,0.027777777777777776,0.0,0.0,0.0,0.0,0.25,0.25,0.25,0.04,0.04,0.82,0.91,U83648,9
,0.0,0.0,0.0,0.0,0.0,0.0,0.0,0.0,0.2,0.1,0.74,0.85,U83731,56
,0.0,0.0,0.0,0.0,0.0,0.0,0.0,0.0,0.12,0.07,0.68,0.82,U83747,18
,0.0,0.0,0.0,0.0,0.0,0.0,0.0,0.0,0.1,0.07,0.9,0.95,U83749,5
,0.0,0.0,0.0,0.0,0.0,0.0,0.0,0.0,0.1,0.05,0.9,0.95,U83750,5
,0.0,0.0,0.0,0.0,0.0,0.0,0.0,0.0,0.12,0.1,0.96,0.98,U83752,2
,0.0,0.0,0.0,0.0,0.0,0.0,0.0,0.0,0.16,0.09,0.82,0.88,U83757,28
,0.0,0.0,0.0,0.0,0.0,0.0,0.0,0.0,0.14,0.12,0.76,0.87,U838,13
,0.0,0.0,0.0,0.0,0.0,0.0,0.0,0.0,0.24,0.12,0.66,0.8,U83804,21
,0.0,0.0,0.0,0.0,0.0,0.0,0.0,0.0,0.12,0.08,0.72,0.83,U83807,23
,0.0,0.0,0.0,0.0,0.0,0.0,0.0,0.0,0.16,0.09,0.8,0.88,U83828,12
,0.0,0.0,0.0,0.0,0.0,0.0,0.0,0.0,0.22,0.13,0.84,0.84,U83857,49
,0.0,0.0,0.0,0.0,0.0,0.0,0.0,0.0,0.18,0.09,0.74,0.84,U83920,24
,0.0,0.0,0.0,0.0,0.0,0.0,0.0,0.0,0.02,0.01,0.8,0.9,U83931,29
,0.0,0.0,0.0,0.0,0.0,0.0,0.0,0.0,0.04,0.04,0.78,0.87,U83940,33
,0.0,0.0,0.0,0.0,0.0,0.0,0.0,0.0,0.12,0.06,0.82,0.91,U83960,9
,0.0,0.0,0.0,0.0,0.0,0.0,0.0,0.0,0.12,0.1,0.9,0.94,U83976,6
,0.0,0.0,0.0,0.0,0.0,0.0,0.0,0.0,0.14,0.08,0.5,0.7,U83985,43
,0.0,0.0,0.0,0.0,0.0,0.0,0.0,0.0,0.18,0.11,0.84,0.92,U83990,8
,0.0,0.0,0.0,0.0,0.0,0.0,0.0,0.0,0.2,0.1,0.78,0.89,U84023,11
,0.0,0.0,0.0,0.0,0.0,0.0,0.0,0.0,0.14,0.1,0.76,0.86,U84029,32
,0.0,0.0,0.0,0.0,0.0,0.0,0.0,0.0,0.08,0.05,0.86,0.93,U84032,9
,0.0,0.0,0.0,0.0,0.0,0.0,0.0,0.0,0.22,0.12,0.64,0.81,U84034,33
,0.0,0.0,0.0,0.0,0.0,0.0,0.0,0.0,0.18,0.1,0.66,0.81,U84035,31
,0.0,0.0,0.0,0.0,0.0,0.0,0.0,0.0,0.2,0.13,0.6,0.76,U84045,27
,0.0,0.0,0.0,0.0,0.0,0.0,0.0,0.0,0.22,0.12,0.74,0.87,U84058,13
,0.0,0.0,0.0,0.0,0.0,0.0,0.0,0.0,0.2,0.13,0.86,0.84,U84062,92
,0.0,0.0,0.0,0.0,0.0,0.0,0.0,0.0,0.14,0.08,0.68,0.79,U84070,38
,0.0,0.0,0.0,0.0,0.0,0.0,0.0,0.0,0.24,0.13,0.98,0.99,U84072,115
,0.0,0.0,0.0,0.0,0.0,0.0,0.0,0.0,0.18,0.12,0.62,0.8,U84132,21
,0.0,0.0,0.0,0.0,0.0,0.0,0.0,0.0,0.12,0.08,0.86,0.93,U84144,7
,0.0,0.0,0.0,0.0,0.0,0.0,0.0,0.0,0.2,0.12,0.72,0.85,U8416,21
,0.0,0.0,0.0,0.0,0.0,0.0,0.0,0.0,0.18,0.12,0.7,0.81,U84162,29
,0.0,0.0,0.0,0.0,0.0,0.0,0.0,0.0,0.16,0.1,0.8,0.88,U84170,13
,0.0,0.0,0.0,0.0,0.0,0.0,0.0,0.0,0.14,0.1,0.82,0.91,U84180,10
,0.0,0.0,0.0,0.0,0.0,0.0,0.0,0.0,0.18,0.12,0.78,0.89,U84185,11
,0.0,0.0,0.0,0.0,0.0,0.0,0.0,0.0,0.06,0.03,0.84,0.9,U84229,92
,0.0,0.0,0.0,0.0,0.0,0.0,0.0,0.0,0.26,0.13,0.7,0.85,U84235,16
,0.0,0.0,0.0,0.0,0.0,0.0,0.0,0.0,0.12,0.09,0.76,0.88,U84264,12
,0.0,0.0,0.0,0.0,0.0,0.0,0.0,0.0,0.08,0.09,0.72,0.84,U84270,22
,0.0,0.0,0.0,0.0,0.0,0.0,0.0,0.0,0.2,0.1,0.56,0.77,U84284,28
,0.0,0.0,0.0,0.0,0.0,0.0,0.0,0.0,0.2,0.11,0.88,0.94,U84308,7
,0.0,0.0,0.0,0.0,0.0,0.0,0.0,0.0,0.22,0.14,0.7,0.85,U8435,15
,0.0,0.0,0.0,0.0,0.0,0.0,0.0,0.0,0.1,0.07,0.88,0.94,U84351,6
,0.0,0.0,0.0,0.0,0.0,0.0,0.0,0.0,0.14,0.11,0.68,0.79,U84362,34
,0.0,0.0,0.0,0.0,0.0,0.0,0.0,0.0,0.18,0.12,0.96,0.98,U84376,2
,0.0,0.0,0.0,0.0,0.0,0.0,0.0,0.0,0.14,0.07,0.62,0.76,U84405,37
,0.0,0.0,0.0,0.0,0.0,0.0,0.0,0.0,0.22,0.12,0.84,0.91,U84434,171
,0.0,0.0,0.0,0.0,0.0,0.0,0.0,0.0,0.24,0.12,0.78,0.89,U84435,11
,0.0,0.0,0.0,0.0,0.0,0.0,0.0,0.0,0.14,0.08,0.92,0.96,U84463,4
,0.0,0.0,0.0,0.0,0.0,0.0,0.0,0.0,0.14,0.08,0.76,0.88,U84476,31
,0.0,0.0,0.0,0.0,0.0,0.0,0.0,0.0,0.1,0.06,0.82,0.91,U84493,9
,0.0,0.0,0.0,0.0,0.0,0.0,0.0,0.0,0.16,0.11,0.82,0.9,U84496,10
,0.0,0.0,0.0,0.0,0.0,0.0,0.0,0.0,0.22,0.11,0.8,0.9,U84511,10
,0.0,0.0,0.0,0.0,0.0,0.0,0.0,0.0,0.22,0.12,0.8,0.87,U84517,64
,0.0,0.0,0.0,0.0,0.0,0.0,0.0,0.0,0.2,0.13,0.58,0.79,U8454,28
,0.0,0.0,0.0,0.0,0.0,0.0,0.0,0.0,0.1,0.05,0.66,0.81,U84566,23
,0.0,0.0,0.0,0.0,0.0,0.0,0.0,0.0,0.12,0.08,0.94,0.97,U84585,4
,0.0,0.0,0.0,0.0,0.0,0.0,0.0,0.0,0.2,0.14,0.96,0.95,U8459,103
,0.0,0.0,0.0,0.0,0.0,0.0,0.0,0.0,0.22,0.13,0.7,0.84,U84590,17
,0.0,0.0,0.0,0.0,0.0,0.0,0.0,0.0,0.1,0.07,0.82,0.9,U84595,16
,0.0,0.0,0.0,0.0,0.0,0.0,0.0,0.0,0.16,0.11,0.72,0.81,U84613,40
,0.0,0.0,0.0,0.0,0.0,0.0,0.0,0.0,0.08,0.06,0.7,0.83,U84639,44
,0.0,0.0,0.0,0.0,0.0,0.0,0.0,0.0,0.2,0.11,0.92,0.96,U84640,4
,0.0,0.0,0.0,0.0,0.0,0.0,0.0,0.0,0.04,0.02,0.88,0.92,U84652,50
,0.0,0.0,0.0,0.0,0.0,0.0,0.0,0.0,0.2,0.13,0.78,0.87,U84673,20
,0.0,0.0,0.0,0.0,0.0,0.0,0.0,0.0,0.18,0.13,0.8,0.85,U84683,51
,0.0,0.0,0.0,0.0,0.0,0.0,0.0,0.0,0.16,0.1,0.8,0.86,U84687,74
,0.0,0.0,0.0,0.0,0.0,0.0,0.0,0.0,0.18,0.12,0.74,0.83,U84688,36
,0.0,0.0,0.0,0.0,0.0,0.0,0.0,0.0,0.06,0.05,0.8,0.86,U84694,37
,0.0,0.0,0.0,0.0,0.0,0.0,0.0,0.0,0.04,0.03,0.78,0.86,U84700,21
,0.0,0.0,0.0,0.0,0.0,0.0,0.0,0.0,0.18,0.12,0.64,0.77,U84704,37
,0.0,0.0,0.0,0.0,0.0,0.0,0.0,0.0,0.02,0.02,0.82,0.88,U84705,43
,0.0,0.0,0.0,0.0,0.0,0.0,0.0,0.0,0.14,0.11,0.74,0.87,U84724,13
,0.0,0.0,0.0,0.0,0.0,0.0,0.0,0.0,0.12,0.09,0.72,0.83,U84735,21
,0.0,0.0,0.0,0.0,0.0,0.0,0.0,0.0,0.1,0.07,0.76,0.84,U84737,35
,0.0,0.0,0.0,0.0,0.0,0.0,0.0,0.0,0.1,0.08,0.92,0.96,U84764,4
,0.0,0.0,0.0,0.0,0.0,0.0,0.0,0.0,0.14,0.09,0.64,0.8,U84783,22
0.6683417085427136,0.014925373134328358,0.0,0.0,0.0,0.0,0.0,1.0,1.0,0.16,0.12,0.76,0.88,U84787,12
,0.0,0.0,0.0,0.0,0.0,0.0,0.0,0.0,0.18,0.12,0.72,0.86,U84789,20
,0.0,0.0,0.0,0.0,0.0,0.0,0.0,0.0,0.16,0.11,0.98,0.99,U84804,1
,0.0,0.0,0.0,0.0,0.0,0.0,0.0,0.0,0.18,0.11,0.82,0.91,U84805,9
,0.0,0.0,0.0,0.0,0.0,0.0,0.0,0.0,0.14,0.09,0.94,0.97,U84812,3
,0.0,0.0,0.0,0.0,0.0,0.0,0.0,0.0,0.18,0.13,0.74,0.87,U84833,18
,0.0,0.0,0.0,0.0,0.0,0.0,0.0,0.0,0.22,0.13,0.9,0.95,U84847,5
,0.0,0.0,0.0,0.0,0.0,0.0,0.0,0.0,0.14,0.09,0.62,0.79,U84884,24
,0.0,0.0,0.0,0.0,0.0,0.0,0.0,0.0,0.12,0.08,0.74,0.85,U8489,15
,0.0,0.0,0.0,0.0,0.0,0.0,0.0,0.0,0.06,0.08,0.9,0.93,U84890,86
,0.0,0.0,0.0,0.0,0.0,0.0,0.0,0.0,0.1,0.07,0.76,0.86,U8493,16
,0.0,0.0,0.0,0.0,0.0,0.0,0.0,0.0,0.2,0.12,0.6,0.79,U84943,25
,0.0,0.0,0.0,0.0,0.0,0.0,0.0,0.0,0.2,0.11,0.68,0.84,U84944,26
,0.0,0.0,0.0,0.0,0.0,0.0,0.0,0.0,0.16,0.11,0.7,0.85,U84978,15
,0.0,0.0,0.0,0.0,0.0,0.0,0.0,0.0,0.2,0.13,0.92,0.93,U84983,142
,0.0,0.0,0.0,0.0,0.0,0.0,0.0,0.0,0.18,0.1,0.92,0.94,U84998,108
,0.0,0.0,0.0,0.0,0.0,0.0,0.0,0.0,0.26,0.14,0.68,0.81,U85017,32
,0.0,0.0,0.0,0.0,0.0,0.0,0.0,0.0,0.2,0.14,0.8,0.88,U85033,72
,0.0,0.0,0.0,0.0,0.0,0.0,0.0,0.0,0.24,0.12,0.68,0.84,U85049,17
,0.0,0.0,0.0,0.0,0.0,0.0,0.0,0.0,0.2,0.12,0.8,0.89,U85073,80
,0.0,0.0,0.0,0.0,0.0,0.0,0.0,0.0,0.06,0.05,0.92,0.96,U85074,4
,0.0,0.0,0.0,0.0,0.0,0.0,0.0,0.0,0.12,0.09,0.86,0.93,U85090,7
,0.0,0.0,0.0,0.0,0.0,0.0,0.0,0.0,0.12,0.1,0.78,0.86,U85113,97
,0.0,0.0,0.0,0.0,0.0,0.0,0.0,0.0,0.06,0.05,0.68,0.82,U85131,27
,0.0,0.0,0.0,0.0,0.0,0.0,0.0,0.0,0.2,0.13,0.7,0.85,U85145,15
,0.0,0.0,0.0,0.0,0.0,0.0,0.0,0.0,0.18,0.11,0.74,0.84,U85146,37
,0.0,0.0,0.0,0.0,0.0,0.0,0.0,0.0,0.22,0.11,0.74,0.87,U85163,13
0.9045226130653267,0.05,0.0,0.0,0.0,0.0,0.5,0.5,0.5,0.08,0.06,0.88,0.94,U85174,6
,0.0,0.0,0.0,0.0,0.0,0.0,0.0,0.0,0.18,0.1,0.72,0.8,U8520,35
,0.0,0.0,0.0,0.0,0.0,0.0,0.0,0.0,0.24,0.15,0.74,0.87,U85205,15
,0.0,0.0,0.0,0.0,0.0,0.0,0.0,0.0,0.16,0.12,0.94,0.95,U85230,92
,0.0,0.0,0.0,0.0,0.0,0.0,0.0,0.0,0.06,0.05,0.84,0.85,U85235,65
,0.0,0.0,0.0,0.0,0.0,0.0,0.0,0.0,0.08,0.06,0.82,0.85,U85242,24
,0.0,0.0,0.0,0.0,0.0,0.0,0.0,0.0,0.18,0.12,0.76,0.88,U85257,14
,0.0,0.0,0.0,0.0,0.0,0.0,0.0,0.0,0.1,0.06,0.72,0.86,U85271,18
,0.0,0.0,0.0,0.0,0.0,0.0,0.0,0.0,0.1,0.05,0.86,0.93,U85284,7
,0.0,0.0,0.0,0.0,0.0,0.0,0.0,0.0,0.06,0.06,0.76,0.88,U85296,12
,0.0,0.0,0.0,0.0,0.0,0.0,0.0,0.0,0.2,0.1,0.92,0.94,U85300,93
,0.0,0.0,0.0,0.0,0.0,0.0,0.0,0.0,0.14,0.1,0.8,0.88,U85305,12
,0.0,0.0,0.0,0.0,0.0,0.0,0.0,0.0,0.12,0.08,0.74,0.87,U85312,17
,0.0,0.0,0.0,0.0,0.0,0.0,0.0,0.0,0.2,0.11,0.68,0.83,U85319,18
,0.0,0.0,0.0,0.0,0.0,0.0,0.0,0.0,0.16,0.1,0.78,0.88,U85336,13
,0.0,0.0,0.0,0.0,0.0,0.0,0.0,0.0,0.16,0.1,0.96,0.98,U85337,2
0.9824120603015075,0.2,0.38685280723454163,0.38685280723454163,1.0,1.0,1.0,1.0,1.0,0.12,0.09,0.9,0.95,U85340,5
,0.0,0.0,0.0,0.0,0.0,0.0,0.0,0.0,0.18,0.1,0.78,0.88,U85341,21
,0.0,0.0,0.0,0.0,0.0,0.0,0.0,0.0,0.08,0.04,0.78,0.86,U85353,62
,0.0,0.0,0.0,0.0,0.0,0.0,0.0,0.0,0.1,0.06,0.82,0.9,U8536,10
,0.0,0.0,0.0,0.0,0.0,0.0,0.0,0.0,0.22,0.14,0.96,0.98,U85360,2
,0.0,0.0,0.0,0.0,0.0,0.0,0.0,0.0,0.1,0.13,0.68,0.82,U8538,58
,0.0,0.0,0.0,0.0,0.0,0.0,0.0,0.0,0.24,0.14,0.82,0.91,U85397,9
,0.0,0.0,0.0,0.0,0.0,0.0,0.0,0.0,0.04,0.04,0.88,0.91,U85414,64
,0.0,0.0,0.0,0.0,0.0,0.0,0.0,0.0,0.12,0.11,0.8,0.87,U85418,51
,0.0,0.0,0.0,0.0,0.0,0.0,0.0,0.0,0.22,0.13,0.6,0.78,U85423,24
,0.0,0.0,0.0,0.0,0.0,0.0,0.0,0.0,0.18,0.09,0.74,0.86,U85459,16
,0.0,0.0,0.0,0.0,0.0,0.0,0.0,0.0,0.2,0.12,0.92,0.96,U85471,4
,0.0,0.0,0.0,0.0,0.0,0.0,0.0,0.0,0.08,0.07,0.9,0.94,U85481,6
,0.0,0.0,0.0,0.0,0.0,0.0,0.0,0.0,0.24,0.13,0.56,0.75,U85499,31
,0.0,0.0,0.0,0.0,0.0,0.0,0.0,0.0,0.04,0.04,0.98,0.99,U85503,1
0.592964824120603,0.012195121951219513,0.0,0.0,0.0,0.0,0.0,0.5,0.5,0.1,0.06,0.8,0.89,U85541,12
,0.0,0.0,0.0,0.0,0.0,0.0,0.0,0.0,0.16,0.11,0.94,0.97,U85549,3
,0.0,0.0,0.0,0.0,0.0,0.0,0.0,0.0,0.22,0.11,0.84,0.91,U85560,68
,0.0,0.0,0.0,0.0,0.0,0.0,0.0,0.0,0.14,0.11,0.62,0.78,U85577,27
,0.0,0.0,0.0,0.0,0.0,0.0,0.0,0.0,0.16,0.11,0.84,0.92,U85606,8
,0.0,0.0,0.0,0.0,0.0,0.0,0.0,0.0,0.2,0.11,0.82,0.91,U85607,9
,0.0,0.0,0.0,0.0,0.0,0.0,0.0,0.0,0.08,0.04,0.84,0.91,U8562,9
,0.0,0.0,0.0,0.0,0.0,0.0,0.0,0.0,0.24,0.13,0.9,0.95,U85625,5
,0.0,0.0,0.0,0.0,0.0,0.0,0.0,0.0,0.14,0.12,0.86,0.93,U85631,7
,0.0,0.0,0.0,0.0,0.0,0.0,0.0,0.0,0.14,0.07,0.78,0.89,U85637,12
,0.0,0.0,0.0,0.0,0.0,0.0,0.0,0.0,0.2,0.12,0.8,0.9,U85645,10
,0.0,0.0,0.0,0.0,0.0,0.0,0.0,0.0,0.22,0.12,0.92,0.96,U85673,4
,0.0,0.0,0.0,0.0,0.0,0.0,0.0,0.0,0.22,0.12,0.74,0.86,U85675,14
,0.0,0.0,0.0,0.0,0.0,0.0,0.0,0.0,0.24,0.14,0.9,0.95,U85678,5
,0.0,0.0,0.0,0.0,0.0,0.0,0.0,0.0,0.2,0.1,0.62,0.71,U85694,47
,0.0,0.0,0.0,0.0,0.0,0.0,0.0,0.0,0.08,0.05,0.68,0.83,U85695,17
,0.0,0.0,0.0,0.0,0.0,0.0,0.0,0.0,0.06,0.04,0.92,0.96,U85706,4
,0.0,0.0,0.0,0.0,0.0,0.0,0.0,0.0,0.16,0.1,0.84,0.91,U85714,9
,0.0,0.0,0.0,0.0,0.0,0.0,0.0,0.0,0.2,0.12,0.86,0.93,U85715,7
,0.0,0.0,0.0,0.0,0.0,0.0,0.0,0.0,0.2,0.12,0.68,0.79,U85725,38
,0.0,0.0,0.0,0.0,0.0,0.0,0.0,0.0,0.18,0.1,0.92,0.96,U85736,4
,0.0,0.0,0.0,0.0,0.0,0.0,0.0,0.0,0.24,0.12,0.62,0.81,U85746,22
,0.0,0.0,0.0,0.0,0.0,0.0,0.0,0.0,0.28,0.14,0.66,0.81,U85760,49
,0.0,0.0,0.0,0.0,0.0,0.0,0.0,0.0,0.16,0.09,0.68,0.78,U85796,46
,0.0,0.0,0.0,0.0,0.0,0.0,0.0,0.0,0.08,0.08,0.82,0.9,U85799,31
,0.0,0.0,0.0,0.0,0.0,0.0,0.0,0.0,0.16,0.1,0.78,0.88,U85819,47
,0.0,0.0,0.0,0.0,0.0,0.0,0.0,0.0,0.24,0.12,0.72,0.82,U85824,43
,0.0,0.0,0.0,0.0,0.0,0.0,0.0,0.0,0.12,0.09,0.8,0.86,U85833,78
,0.0,0.0,0.0,0.0,0.0,0.0,0.0,0.0,0.1,0.05,0.76,0.88,U85837,14
,0.0,0.0,0.0,0.0,0.0,0.0,0.0,0.0,0.16,0.12,0.7,0.84,U85847,20
,0.0,0.0,0.0,0.0,0.0,0.0,0.0,0.0,0.12,0.09,0.66,0.81,U85857,19
,0.0,0.0,0.0,0.0,0.0,0.0,0.0,0.0,0.12,0.1,0.84,0.89,U85878,181
,0.0,0.0,0.0,0.0,0.0,0.0,0.0,0.0,0.2,0.13,0.9,0.95,U8588,5
,0.0,0.0,0.0,0.0,0.0,0.0,0.0,0.0,0.06,0.04,0.8,0.89,U85883,57
,0.0,0.0,0.0,0.0,0.0,0.0,0.0,0.0,0.04,0.04,0.96,0.95,U8590,108
,0.0,0.0,0.0,0.0,0.0,0.0,0.0,0.0,0.14,0.12,0.66,0.8,U85902,26
,0.0,0.0,0.0,0.0,0.0,0.0,0.0,0.0,0.08,0.05,0.9,0.95,U85962,5
,0.0,0.0,0.0,0.0,0.0,0.0,0.0,0.0,0.04,0.04,0.82,0.89,U8598,73
,0.0,0.0,0.0,0.0,0.0,0.0,0.0,0.0,0.1,0.07,0.72,0.83,U85988,42
,0.0,0.0,0.0,0.0,0.0,0.0,0.0,0.0,0.2,0.11,0.74,0.87,U85999,16
,0.0,0.0,0.0,0.0,0.0,0.0,0.0,0.0,0.2,0.12,0.56,0.75,U86048,30
,0.0,0.0,0.0,0.0,0.0,0.0,0.0,0.0,0.22,0.13,0.96,0.96,U86049,161
,0.0,0.0,0.0,0.0,0.0,0.0,0.0,0.0,0.02,0.05,0.64,0.76,U86054,151
,0.0,0.0,0.0,0.0,0.0,0.0,0.0,0.0,0.06,0.05,0.76,0.88,U86072,13
,0.0,0.0,0.0,0.0,0.0,0.0,0.0,0.0,0.14,0.11,0.74,0.87,U86101,15
,0.0,0.0,0.0,0.0,0.0,0.0,0.0,0.0,0.12,0.08,0.82,0.8,U86129,34
,0.0,0.0,0.0,0.0,0.0,0.0,0.0,0.0,0.22,0.13,0.9,0.95,U86131,5
,0.0,0.0,0.0,0.0,0.0,0.0,0.0,0.0,0.12,0.08,0.88,0.94,U86132,6
,0.0,0.0,0.0,0.0,0.0,0.0,0.0,0.0,0.18,0.11,0.62,0.79,U86153,25
,0.0,0.0,0.0,0.0,0.0,0.0,0.0,0.0,0.12,0.09,0.84,0.89,U86169,99
,0.0,0.0,0.0,0.0,0.0,0.0,0.0,0.0,0.22,0.12,0.62,0.78,U8618,26
,0.0,0.0,0.0,0.0,0.0,0.0,0.0,0.0,0.14,0.12,0.98,0.99,U86189,1
,0.0,0.0,0.0,0.0,0.0,0.0,0.0,0.0,0.02,0.02,0.88,0.9,U8619,103
,0.0,0.0,0.0,0.0,0.0,0.0,0.0,0.0,0.2,0.11,0.88,0.94,U86207,6
,0.0,0.0,0.0,0.0,0.0,0.0,0.0,0.0,0.06,0.07,0.94,0.95,U86221,40
,0.0,0.0,0.0,0.0,0.0,0.0,0.0,0.0,0.08,0.08,0.76,0.86,U86245,16
,0.0,0.0,0.0,0.0,0.0,0.0,0.0,0.0,0.18,0.11,0.66,0.82,U86272,21
,0.0,0.0,0.0,0.0,0.0,0.0,0.0,0.0,0.08,0.05,0.88,0.93,U86281,21
,0.0,0.0,0.0,0.0,0.0,0.0,0.0,0.0,0.2,0.12,0.76,0.88,U86291,14
,0.0,0.0,0.0,0.0,0.0,0.0,0.0,0.0,0.22,0.13,0.82,0.9,U86310,11
,0.0,0.0,0.0,0.0,0.0,0.0,0.0,0.0,0.2,0.13,0.88,0.94,U86316,6
,0.0,0.0,0.0,0.0,0.0,0.0,0.0,0.0,0.14,0.09,0.8,0.87,U86330,21
,0.0,0.0,0.0,0.0,0.0,0.0,0.0,0.0,0.2,0.1,0.7,0.82,U86353,31
,0.0,0.0,0.0,0.0,0.0,0.0,0.0,0.0,0.12,0.06,0.76,0.85,U86363,51
,0.0,0.0,0.0,0.0,0.0,0.0,0.0,0.0,0.18,0.1,0.78,0.89,U86368,11
,0.0,0.0,0.0,0.0,0.0,0.0,0.0,0.0,0.24,0.13,0.94,0.97,U86374,3
,0.0,0.0,0.0,0.0,0.0,0.0,0.0,0.0,0.16,0.11,0.68,0.83,U86378,27
,0.0,0.0,0.0,0.0,0.0,0.0,0.0,0.0,0.22,0.11,0.8,0.9,U86389,10
0.7085427135678392,0.01694915254237288,0.0,0.0,0.0,0.0,0.0,0.16666666666666666,0.16666666666666666,0.12,0.07,0.88,0.93,U86450,18
,0.0,0.0,0.0,0.0,0.0,0.0,0.0,0.0,0.16,0.12,0.86,0.89,U86478,60
,0.0,0.0,0.0,0.0,0.0,0.0,0.0,0.0,0.04,0.03,0.9,0.92,U865,35
,0.0,0.0,0.0,0.0,0.0,0.0,0.0,0.0,0.2,0.12,0.56,0.75,U86508,34
,0.0,0.0,0.0,0.0,0.0,0.0,0.0,0.0,0.12,0.09,0.8,0.86,U86516,99
,0.0,0.0,0.0,0.0,0.0,0.0,0.0,0.0,0.18,0.11,0.78,0.89,U86540,11
,0.0,0.0,0.0,0.0,0.0,0.0,0.0,0.0,0.22,0.14,0.82,0.91,U86545,9
,0.0,0.0,0.0,0.0,0.0,0.0,0.0,0.0,0.18,0.09,0.8,0.9,U86546,11
,0.0,0.0,0.0,0.0,0.0,0.0,0.0,0.0,0.18,0.11,0.66,0.81,U86568,36
,0.0,0.0,0.0,0.0,0.0,0.0,0.0,0.0,0.12,0.06,0.78,0.84,U86612,60
,0.0,0.0,0.0,0.0,0.0,0.0,0.0,0.0,0.16,0.11,0.58,0.78,U86641,29
,0.0,0.0,0.0,0.0,0.0,0.0,0.0,0.0,0.14,0.09,0.68,0.82,U86659,19
,0.0,0.0,0.0,0.0,0.0,0.0,0.0,0.0,0.16,0.11,0.82,0.91,U8666,9
,0.0,0.0,0.0,0.0,0.0,0.0,0.0,0.0,0.24,0.12,0.7,0.84,U86669,32
,0.0,0.0,0.0,0.0,0.0,0.0,0.0,0.0,0.08,0.04,0.84,0.91,U86671,9
,0.0,0.0,0.0,0.0,0.0,0.0,0.0,0.0,0.06,0.03,0.84,0.9,U86684,50
,0.0,0.0,0.0,0.0,0.0,0.0,0.0,0.0,0.14,0.08,0.86,0.93,U86688,7
,0.0,0.0,0.0,0.0,0.0,0.0,0.0,0.0,0.22,0.11,0.78,0.84,U86702,44
,0.0,0.0,0.0,0.0,0.0,0.0,0.0,0.0,0.14,0.09,0.9,0.9,U86724,83
,0.0,0.0,0.0,0.0,0.0,0.0,0.0,0.0,0.16,0.09,0.66,0.8,U86739,20
,0.0,0.0,0.0,0.0,0.0,0.0,0.0,0.0,0.16,0.11,0.98,0.99,U86746,1
,0.0,0.0,0.0,0.0,0.0,0.0,0.0,0.0,0.14,0.12,0.88,0.94,U86776,6
,0.0,0.0,0.0,0.0,0.0,0.0,0.0,0.0,0.1,0.1,0.88,0.93,U86807,8
,0.0,0.0,0.0,0.0,0.0,0.0,0.0,0.0,0.14,0.08,0.9,0.95,U86869,5
,0.0,0.0,0.0,0.0,0.0,0.0,0.0,0.0,0.12,0.07,0.74,0.86,U86870,14
,0.0,0.0,0.0,0.0,0.0,0.0,0.0,0.0,0.06,0.05,0.96,0.98,U86877,2
,0.0,0.0,0.0,0.0,0.0,0.0,0.0,0.0,0.16,0.1,0.82,0.85,U86893,46
,0.0,0.0,0.0,0.0,0.0,0.0,0.0,0.0,0.14,0.08,0.78,0.85,U86911,56
,0.0,0.0,0.0,0.0,0.0,0.0,0.0,0.0,0.1,0.08,0.86,0.89,U86923,15
,0.0,0.0,0.0,0.0,0.0,0.0,0.0,0.0,0.2,0.13,0.8,0.9,U86937,10
,0.0,0.0,0.0,0.0,0.0,0.0,0.0,0.0,0.1,0.07,0.84,0.92,U86963,8
,0.0,0.0,0.0,0.0,0.0,0.0,0.0,0.0,0.14,0.08,0.76,0.87,U86980,14
,0.0,0.0,0.0,0.0,0.0,0.0,0.0,0.0,0.22,0.12,0.84,0.92,U8700,8
,0.0,0.0,0.0,0.0,0.0,0.0,0.0,0.0,0.2,0.12,0.7,0.85,U87001,17
,0.0,0.0,0.0,0.0,0.0,0.0,0.0,0.0,0.18,0.12,0.74,0.87,U87007,16
,0.0,0.0,0.0,0.0,0.0,0.0,0.0,0.0,0.2,0.12,0.74,0.86,U87008,14
,0.0,0.0,0.0,0.0,0.0,0.0,0.0,0.0,0.12,0.06,0.88,0.94,U87020,7
,0.0,0.0,0.0,0.0,0.0,0.0,0.0,0.0,0.2,0.12,0.62,0.81,U87040,25
,0.0,0.0,0.0,0.0,0.0,0.0,0.0,0.0,0.18,0.11,0.82,0.91,U87051,9
,0.0,0.0,0.0,0.0,0.0,0.0,0.0,0.0,0.1,0.08,0.82,0.91,U87067,9
,0.0,0.0,0.0,0.0,0.0,0.0,0.0,0.0,0.22,0.12,0.76,0.88,U87077,12
,0.0,0.0,0.0,0.0,0.0,0.0,0.0,0.0,0.04,0.02,0.86,0.88,U87144,36
,0.0,0.0,0.0,0.0,0.0,0.0,0.0,0.0,0.24,0.12,0.56,0.76,U87145,27
,0.0,0.0,0.0,0.0,0.0,0.0,0.0,0.0,0.1,0.05,0.76,0.82,U87159,29
,0.0,0.0,0.0,0.0,0.0,0.0,0.0,0.0,0.14,0.08,0.76,0.88,U87214,12
,0.0,0.0,0.0,0.0,0.0,0.0,0.0,0.0,0.1,0.07,0.9,0.93,U87232,67
,0.0,0.0,0.0,0.0,0.0,0.0,0.0,0.0,0.14,0.1,0.76,0.88,U87258,20
,0.0,0.0,0.0,0.0,0.0,0.0,0.0,0.0,0.24,0.13,0.96,0.95,U87270,130
,0.0,0.0,0.0,0.0,0.0,0.0,0.0,0.0,0.18,0.09,0.96,0.98,U8731,2
,0.0,0.0,0.0,0.0,0.0,0.0,0.0,0.0,0.26,0.14,0.92,0.96,U87350,4
,0.0,0.0,0.0,0.0,0.0,0.0,0.0,0.0,0.12,0.1,0.76,0.84,U87354,19
,0.0,0.0,0.0,0.0,0.0,0.0,0.0,0.0,0.1,0.08,0.68,0.8,U87408,29
,0.0,0.0,0.0,0.0,0.0,0.0,0.0,0.0,0.16,0.12,0.66,0.8,U87420,26
,0.0,0.0,0.0,0.0,0.0,0.0,0.0,0.0,0.22,0.13,0.9,0.95,U87446,5
,0.0,0.0,0.0,0.0,0.0,0.0,0.0,0.0,0.16,0.08,0.94,0.97,U87466,3
,0.0,0.0,0.0,0.0,0.0,0.0,0.0,0.0,0.2,0.13,0.84,0.92,U87486,8
,0.0,0.0,0.0,0.0,0.0,0.0,0.0,0.0,0.22,0.12,0.68,0.83,U87515,22
,0.0,0.0,0.0,0.0,0.0,0.0,0.0,0.0,0.2,0.1,0.66,0.82,U87524,28
,0.0,0.0,0.0,0.0,0.0,0.0,0.0,0.0,0.12,0.09,0.62,0.81,U87543,19
,0.0,0.0,0.0,0.0,0.0,0.0,0.0,0.0,0.16,0.11,0.82,0.86,U87552,59
,0.0,0.0,0.0,0.0,0.0,0.0,0.0,0.0,0.1,0.09,0.86,0.92,U87554,88
,0.0,0.0,0.0,0.0,0.0,0.0,0.0,0.0,0.22,0.12,0.84,0.91,U87577,9
,0.0,0.0,0.0,0.0,0.0,0.0,0.0,0.0,0.16,0.09,0.88,0.94,U87578,6
,0.0,0.0,0.0,0.0,0.0,0.0,0.0,0.0,0.18,0.12,0.94,0.96,U87587,93
,0.0,0.0,0.0,0.0,0.0,0.0,0.0,0.0,0.1,0.08,0.82,0.86,U87619,62
,0.0,0.0,0.0,0.0,0.0,0.0,0.0,0.0,0.1,0.09,0.66,0.82,U8763,31
,0.0,0.0,0.0,0.0,0.0,0.0,0.0,0.0,0.18,0.11,0.68,0.81,U87639,23
,0.0,0.0,0.0,0.0,0.0,0.0,0.0,0.0,0.08,0.08,0.82,0.91,U87653,9
,0.0,0.0,0.0,0.0,0.0,0.0,0.0,0.0,0.16,0.11,0.78,0.89,U87671,11
,0.0,0.0,0.0,0.0,0.0,0.0,0.0,0.0,0.16,0.09,0.9,0.95,U87673,5
,0.0,0.0,0.0,0.0,0.0,0.0,0.0,0.0,0.2,0.11,0.94,0.97,U87681,3
,0.0,0.0,0.0,0.0,0.0,0.0,0.0,0.0,0.22,0.11,0.58,0.77,U87682,29
,0.0,0.0,0.0,0.0,0.0,0.0,0.0,0.0,0.22,0.11,0.66,0.83,U8769,18
,0.0,0.0,0.0,0.0,0.0,0.0,0.0,0.0,0.1,0.1,0.74,0.85,U87704,19
,0.0,0.0,0.0,0.0,0.0,0.0,0.0,0.0,0.04,0.02,0.94,0.93,U87726,66
,0.0,0.0,0.0,0.0,0.0,0.0,0.0,0.0,0.18,0.11,0.88,0.94,U8773,7
,0.0,0.0,0.0,0.0,0.0,0.0,0.0,0.0,0.14,0.1,0.84,0.91,U87732,11
,0.0,0.0,0.0,0.0,0.0,0.0,0.0,0.0,0.1,0.08,0.8,0.9,U87740,10
,0.0,0.0,0.0,0.0,0.0,0.0,0.0,0.0,0.1,0.06,0.64,0.82,U87743,19
,0.0,0.0,0.0,0.0,0.0,0.0,0.0,0.0,0.14,0.07,0.76,0.87,U87769,13
,0.0,0.0,0.0,0.0,0.0,0.0,0.0,0.0,0.2,0.11,0.82,0.91,U87788,9
,0.0,0.0,0.0,0.0,0.0,0.0,0.0,0.0,0.22,0.13,0.68,0.81,U87794,21
,0.0,0.0,0.0,0.0,0.0,0.0,0.0,0.0,0.16,0.1,0.72,0.81,U87803,48
,0.0,0.0,0.0,0.0,0.0,0.0,0.0,0.0,0.24,0.12,0.74,0.84,U8781,16
,0.0,0.0,0.0,0.0,0.0,0.0,0.0,0.0,0.12,0.1,0.8,0.87,U87812,60
,0.0,0.0,0.0,0.0,0.0,0.0,0.0,0.0,0.12,0.07,0.86,0.93,U87820,7
,0.0,0.0,0.0,0.0,0.0,0.0,0.0,0.0,0.04,0.02,0.7,0.84,U87829,24
,0.0,0.0,0.0,0.0,0.0,0.0,0.0,0.0,0.1,0.06,0.86,0.91,U87851,9
,0.0,0.0,0.0,0.0,0.0,0.0,0.0,0.0,0.16,0.12,0.94,0.97,U8787,3
,0.0,0.0,0.0,0.0,0.0,0.0,0.0,0.0,0.22,0.11,0.9,0.89,U87872,82
,0.0,0.0,0.0,0.0,0.0,0.0,0.0,0.0,0.2,0.11,0.94,0.97,U87903,3
,0.0,0.0,0.0,0.0,0.0,0.0,0.0,0.0,0.12,0.08,0.86,0.85,U87931,23
,0.0,0.0,0.0,0.0,0.0,0.0,0.0,0.0,0.12,0.07,0.8,0.88,U87935,63
,0.0,0.0,0.0,0.0,0.0,0.0,0.0,0.0,0.2,0.13,0.68,0.78,U8796,32
,0.0,0.0,0.0,0.0,0.0,0.0,0.0,0.0,0.24,0.14,0.86,0.92,U87968,98
,0.0,0.0,0.0,0.0,0.0,0.0,0.0,0.0,0.22,0.13,0.94,0.97,U87994,3
,0.0,0.0,0.0,0.0,0.0,0.0,0.0,0.0,0.1,0.09,0.9,0.95,U88003,5
,0.0,0.0,0.0,0.0,0.0,0.0,0.0,0.0,0.1,0.06,0.92,0.96,U88010,4
,0.0,0.0,0.0,0.0,0.0,0.0,0.0,0.0,0.24,0.12,0.9,0.95,U88034,5
,0.0,0.0,0.0,0.0,0.0,0.0,0.0,0.0,0.08,0.06,0.8,0.86,U88052,59
,0.0,0.0,0.0,0.0,0.0,0.0,0.0,0.0,0.14,0.09,0.58,0.75,U88053,40
,0.0,0.0,0.0,0.0,0.0,0.0,0.0,0.0,0.16,0.1,0.84,0.92,U88067,8
0.9396984924623115,0.07692307692307693,0.0,0.0,0.0,0.0,0.5,0.5,0.5,0.14,0.08,0.94,0.97,U88068,3
,0.0,0.0,0.0,0.0,0.0,0.0,0.0,0.0,0.08,0.07,0.7,0.84,U88083,16
,0.0,0.0,0.0,0.0,0.0,0.0,0.0,0.0,0.14,0.08,0.94,0.97,U88092,3
,0.0,0.0,0.0,0.0,0.0,0.0,0.0,0.0,0.08,0.07,0.78,0.83,U88105,44
,0.0,0.0,0.0,0.0,0.0,0.0,0.0,0.0,0.1,0.06,0.98,0.99,U88124,1
,0.0,0.0,0.0,0.0,0.0,0.0,0.0,0.0,0.12,0.1,0.74,0.86,U88152,19
,0.0,0.0,0.0,0.0,0.0,0.0,0.0,0.0,0.16,0.1,0.78,0.89,U88157,11
,0.0,0.0,0.0,0.0,0.0,0.0,0.0,0.0,0.14,0.07,0.68,0.8,U8818,25
,0.0,0.0,0.0,0.0,0.0,0.0,0.0,0.0,0.12,0.1,0.76,0.87,U88196,13
,0.0,0.0,0.0,0.0,0.0,0.0,0.0,0.0,0.22,0.13,0.58,0.74,U88199,28
,0.0,0.0,0.0,0.0,0.0,0.0,0.0,0.0,0.24,0.12,0.74,0.85,U88202,18
,0.0,0.0,0.0,0.0,0.0,0.0,0.0,0.0,0.08,0.06,0.88,0.88,U88232,37
,0.0,0.0,0.0,0.0,0.0,0.0,0.0,0.0,0.16,0.1,0.74,0.84,U88286,24
,0.0,0.0,0.0,0.0,0.0,0.0,0.0,0.0,0.24,0.13,0.72,0.86,U88299,14
,0.0,0.0,0.0,0.0,0.0,0.0,0.0,0.0,0.14,0.09,0.88,0.94,U8830,6
,0.0,0.0,0.0,0.0,0.0,0.0,0.0,0.0,0.22,0.12,0.98,0.96,U88316,111
,0.0,0.0,0.0,0.0,0.0,0.0,0.0,0.0,0.2,0.11,0.58,0.77,U88337,23
,0.0,0.0,0.0,0.0,0.0,0.0,0.0,0.0,0.16,0.1,0.54,0.74,U88338,34
,0.0,0.0,0.0,0.0,0.0,0.0,0.0,0.0,0.18,0.11,0.72,0.85,U88374,15
,0.0,0.0,0.0,0.0,0.0,0.0,0.0,0.0,0.12,0.06,0.82,0.87,U88391,22
,0.0,0.0,0.0,0.0,0.0,0.0,0.0,0.0,0.16,0.11,0.8,0.88,U88406,13
,0.0,0.0,0.0,0.0,0.0,0.0,0.0,0.0,0.2,0.13,0.78,0.89,U88424,11
,0.0,0.0,0.0,0.0,0.0,0.0,0.0,0.0,0.22,0.12,0.82,0.86,U88464,34
,0.0,0.0,0.0,0.0,0.0,0.0,0.0,0.0,0.1,0.06,0.78,0.88,U88497,13
,0.0,0.0,0.0,0.0,0.0,0.0,0.0,0.0,0.2,0.13,0.94,0.97,U88498,3
,0.0,0.0,0.0,0.0,0.0,0.0,0.0,0.0,0.18,0.1,0.94,0.97,U8852,3
,0.0,0.0,0.0,0.0,0.0,0.0,0.0,0.0,0.2,0.13,0.76,0.87,U88524,35
,0.0,0.0,0.0,0.0,0.0,0.0,0.0,0.0,0.18,0.11,0.94,0.91,U8853,82
,0.0,0.0,0.0,0.0,0.0,0.0,0.0,0.0,0.1,0.06,0.74,0.84,U8857,32
,0.0,0.0,0.0,0.0,0.0,0.0,0.0,0.0,0.1,0.08,0.78,0.88,U88575,13
,0.0,0.0,0.0,0.0,0.0,0.0,0.0,0.0,0.2,0.13,0.74,0.87,U88582,15
,0.0,0.0,0.0,0.0,0.0,0.0,0.0,0.0,0.16,0.1,0.86,0.93,U88586,7
,0.0,0.0,0.0,0.0,0.0,0.0,0.0,0.0,0.18,0.12,0.48,0.7,U88595,36
,0.0,0.0,0.0,0.0,0.0,0.0,0.0,0.0,0.02,0.02,0.98,0.99,U88608,1
,0.0,0.0,0.0,0.0,0.0,0.0,0.0,0.0,0.16,0.09,0.84,0.92,U88615,8
,0.0,0.0,0.0,0.0,0.0,0.0,0.0,0.0,0.2,0.13,0.8,0.9,U88621,10
,0.0,0.0,0.0,0.0,0.0,0.0,0.0,0.0,0.14,0.09,0.54,0.77,U88635,27
,0.0,0.0,0.0,0.0,0.0,0.0,0.0,0.0,0.22,0.13,0.78,0.89,U88637,11
,0.0,0.0,0.0,0.0,0.0,0.0,0.0,0.0,0.16,0.11,0.68,0.8,U8864,33
,0.0,0.0,0.0,0.0,0.0,0.0,0.0,0.0,0.12,0.1,0.9,0.95,U88650,5
,0.0,0.0,0.0,0.0,0.0,0.0,0.0,0.0,0.16,0.1,0.9,0.95,U88656,5
,0.0,0.0,0.0,0.0,0.0,0.0,0.0,0.0,0.14,0.12,0.88,0.94,U88677,6
,0.0,0.0,0.0,0.0,0.0,0.0,0.0,0.0,0.02,0.01,0.84,0.9,U88696,52
0.9296482412060302,0.06666666666666667,0.0,0.0,0.0,0.0,0.25,0.25,0.25,0.16,0.12,0.74,0.87,U88697,14
,0.0,0.0,0.0,0.0,0.0,0.0,0.0,0.0,0.16,0.1,0.68,0.8,U88698,28
,0.0,0.0,0.0,0.0,0.0,0.0,0.0,0.0,0.2,0.12,0.86,0.85,U88710,58
,0.0,0.0,0.0,0.0,0.0,0.0,0.0,0.0,0.22,0.13,0.58,0.79,U88715,24
,0.0,0.0,0.0,0.0,0.0,0.0,0.0,0.0,0.18,0.11,0.8,0.9,U88759,11
,0.0,0.0,0.0,0.0,0.0,0.0,0.0,0.0,0.2,0.12,0.66,0.78,U88765,23
,0.0,0.0,0.0,0.0,0.0,0.0,0.0,0.0,0.18,0.1,0.58,0.76,U88771,25
,0.0,0.0,0.0,0.0,0.0,0.0,0.0,0.0,0.2,0.11,0.94,0.97,U88776,3
,0.0,0.0,0.0,0.0,0.0,0.0,0.0,0.0,0.18,0.11,0.72,0.84,U88780,41
,0.0,0.0,0.0,0.0,0.0,0.0,0.0,0.0,0.16,0.1,0.78,0.84,U88781,44
,0.0,0.0,0.0,0.0,0.0,0.0,0.0,0.0,0.16,0.11,0.78,0.86,U88797,49
,0.0,0.0,0.0,0.0,0.0,0.0,0.0,0.0,0.16,0.11,0.76,0.88,U88817,13
,0.0,0.0,0.0,0.0,0.0,0.0,0.0,0.0,0.14,0.08,0.74,0.85,U88823,15
,0.0,0.0,0.0,0.0,0.0,0.0,0.0,0.0,0.08,0.05,0.92,0.96,U8886,4
,0.0,0.0,0.0,0.0,0.0,0.0,0.0,0.0,0.04,0.02,0.84,0.89,U88867,46
,0.0,0.0,0.0,0.0,0.0,0.0,0.0,0.0,0.12,0.08,0.92,0.96,U88880,4
,0.0,0.0,0.0,0.0,0.0,0.0,0.0,0.0,0.08,0.08,0.7,0.81,U88900,23
,0.0,0.0,0.0,0.0,0.0,0.0,0.0,0.0,0.16,0.09,0.76,0.88,U88927,12
,0.0,0.0,0.0,0.0,0.0,0.0,0.0,0.0,0.22,0.13,0.9,0.92,U88930,112
,0.0,0.0,0.0,0.0,0.0,0.0,0.0,0.0,0.16,0.09,0.68,0.8,U88931,31
,0.0,0.0,0.0,0.0,0.0,0.0,0.0,0.0,0.2,0.11,0.74,0.87,U88953,14
,0.0,0.0,0.0,0.0,0.0,0.0,0.0,0.0,0.08,0.08,0.92,0.95,U88960,156
,0.0,0.0,0.0,0.0,0.0,0.0,0.0,0.0,0.06,0.04,0.82,0.9,U88971,49
,0.0,0.0,0.0,0.0,0.0,0.0,0.0,0.0,0.2,0.13,0.8,0.9,U88976,10
,0.0,0.0,0.0,0.0,0.0,0.0,0.0,0.0,0.08,0.05,0.86,0.93,U88977,7
,0.0,0.0,0.0,0.0,0.0,0.0,0.0,0.0,0.18,0.12,0.68,0.81,U88980,30
,0.0,0.0,0.0,0.0,0.0,0.0,0.0,0.0,0.04,0.03,0.8,0.86,U89007,45
,0.0,0.0,0.0,0.0,0.0,0.0,0.0,0.0,0.12,0.07,0.74,0.84,U89008,89
,0.0,0.0,0.0,0.0,0.0,0.0,0.0,0.0,0.16,0.12,0.62,0.78,U89025,41
,0.0,0.0,0.0,0.0,0.0,0.0,0.0,0.0,0.22,0.12,0.72,0.82,U89032,24
,0.0,0.0,0.0,0.0,0.0,0.0,0.0,0.0,0.22,0.14,0.7,0.81,U89034,32
,0.0,0.0,0.0,0.0,0.0,0.0,0.0,0.0,0.12,0.09,0.92,0.96,U89060,4
,0.0,0.0,0.0,0.0,0.0,0.0,0.0,0.0,0.14,0.11,0.64,0.82,U89062,22
,0.0,0.0,0.0,0.0,0.0,0.0,0.0,0.0,0.18,0.11,0.82,0.91,U89067,9
,0.0,0.0,0.0,0.0,0.0,0.0,0.0,0.0,0.14,0.1,0.84,0.84,U8907,76
,0.0,0.0,0.0,0.0,0.0,0.0,0.0,0.0,0.06,0.05,0.9,0.92,U89079,61
,0.0,0.0,0.0,0.0,0.0,0.0,0.0,0.0,0.16,0.12,0.82,0.9,U89084,36
,0.0,0.0,0.0,0.0,0.0,0.0,0.0,0.0,0.2,0.13,0.86,0.93,U89104,7
,0.0,0.0,0.0,0.0,0.0,0.0,0.0,0.0,0.26,0.13,0.72,0.81,U89105,48
,0.0,0.0,0.0,0.0,0.0,0.0,0.0,0.0,0.14,0.08,0.84,0.87,U89119,32
,0.0,0.0,0.0,0.0,0.0,0.0,0.0,0.0,0.16,0.09,0.66,0.83,U8912,19
,0.0,0.0,0.0,0.0,0.0,0.0,0.0,0.0,0.2,0.11,0.82,0.91,U89150,9
,0.0,0.0,0.0,0.0,0.0,0.0,0.0,0.0,0.16,0.08,0.58,0.76,U89162,25
,0.0,0.0,0.0,0.0,0.0,0.0,0.0,0.0,0.1,0.06,0.9,0.95,U89163,5
,0.0,0.0,0.0,0.0,0.0,0.0,0.0,0.0,0.12,0.07,0.78,0.85,U8917,43
,0.0,0.0,0.0,0.0,0.0,0.0,0.0,0.0,0.06,0.06,0.96,0.97,U89176,198
,0.0,0.0,0.0,0.0,0.0,0.0,0.0,0.0,0.18,0.14,0.88,0.94,U89189,6
,0.0,0.0,0.0,0.0,0.0,0.0,0.0,0.0,0.16,0.11,0.5,0.71,U89195,36
,0.0,0.0,0.0,0.0,0.0,0.0,0.0,0.0,0.12,0.08,0.82,0.91,U89206,9
,0.0,0.0,0.0,0.0,0.0,0.0,0.0,0.0,0.1,0.08,0.92,0.93,U89223,189
,0.0,0.0,0.0,0.0,0.0,0.0,0.0,0.0,0.12,0.07,0.88,0.91,U89226,99
,0.0,0.0,0.0,0.0,0.0,0.0,0.0,0.0,0.2,0.11,0.84,0.92,U89233,28
,0.0,0.0,0.0,0.0,0.0,0.0,0.0,0.0,0.04,0.04,0.8,0.87,U89254,19
,0.0,0.0,0.0,0.0,0.0,0.0,0.0,0.0,0.1,0.05,0.88,0.94,U89258,6
,0.0,0.0,0.0,0.0,0.0,0.0,0.0,0.0,0.16,0.11,0.82,0.91,U89267,9
,0.0,0.0,0.0,0.0,0.0,0.0,0.0,0.0,0.18,0.13,0.78,0.85,U89270,45
,0.0,0.0,0.0,0.0,0.0,0.0,0.0,0.0,0.22,0.12,0.94,0.97,U89284,3
,0.0,0.0,0.0,0.0,0.0,0.0,0.0,0.0,0.22,0.13,0.72,0.81,U89323,58
,0.0,0.0,0.0,0.0,0.0,0.0,0.0,0.0,0.2,0.12,0.8,0.9,U89328,11
,0.0,0.0,0.0,0.0,0.0,0.0,0.0,0.0,0.14,0.09,0.88,0.92,U8933,169
,0.0,0.0,0.0,0.0,0.0,0.0,0.0,0.0,0.22,0.11,0.52,0.75,U89353,30
,0.0,0.0,0.0,0.0,0.0,0.0,0.0,0.0,0.14,0.08,0.7,0.85,U89368,17
,0.0,0.0,0.0,0.0,0.0,0.0,0.0,0.0,0.24,0.14,0.76,0.88,U89379,12
,0.0,0.0,0.0,0.0,0.0,0.0,0.0,0.0,0.08,0.07,0.94,0.97,U89396,3
,0.0,0.0,0.0,0.0,0.0,0.0,0.0,0.0,0.2,0.12,0.82,0.9,U89406,10
,0.0,0.0,0.0,0.0,0.0,0.0,0.0,0.0,0.1,0.09,0.7,0.84,U89408,57
0.19095477386934673,0.006172839506172839,0.0,0.0,0.0,0.0,0.0,0.0,0.25,0.22,0.13,0.66,0.79,U89416,30
,0.0,0.0,0.0,0.0,0.0,0.0,0.0,0.0,0.18,0.09,0.7,0.85,U89486,17
0.7738693467336684,0.021739130434782608,0.0,0.0,0.0,0.0,1.0,1.0,1.0,0.18,0.13,0.6,0.79,U8949,34
,0.0,0.0,0.0,0.0,0.0,0.0,0.0,0.0,0.1,0.08,0.88,0.94,U89494,6
,0.0,0.0,0.0,0.0,0.0,0.0,0.0,0.0,0.18,0.1,0.66,0.83,U89495,21
,0.0,0.0,0.0,0.0,0.0,0.0,0.0,0.0,0.2,0.13,0.94,0.97,U89553,3
,0.0,0.0,0.0,0.0,0.0,0.0,0.0,0.0,0.22,0.12,0.9,0.95,U89560,5
,0.0,0.0,0.0,0.0,0.0,0.0,0.0,0.0,0.16,0.08,0.86,0.92,U89582,8
,0.0,0.0,0.0,0.0,0.0,0.0,0.0,0.0,0.08,0.04,0.86,0.9,U8962,61
,0.0,0.0,0.0,0.0,0.0,0.0,0.0,0.0,0.1,0.09,0.78,0.85,U89655,34
,0.0,0.0,0.0,0.0,0.0,0.0,0.0,0.0,0.18,0.1,0.68,0.84,U89669,16
,0.0,0.0,0.0,0.0,0.0,0.0,0.0,0.0,0.2,0.13,0.74,0.87,U89677,14
,0.0,0.0,0.0,0.0,0.0,0.0,0.0,0.0,0.18,0.1,0.8,0.9,U89684,10
,0.0,0.0,0.0,0.0,0.0,0.0,0.0,0.0,0.14,0.1,0.6,0.75,U89705,52
,0.0,0.0,0.0,0.0,0.0,0.0,0.0,0.0,0.14,0.08,0.66,0.8,U89709,53
,0.0,0.0,0.0,0.0,0.0,0.0,0.0,0.0,0.18,0.09,0.54,0.75,U89721,26
,0.0,0.0,0.0,0.0,0.0,0.0,0.0,0.0,0.06,0.03,0.78,0.87,U89736,29
,0.0,0.0,0.0,0.0,0.0,0.0,0.0,0.0,0.1,0.07,0.86,0.91,U8977,91
,0.0,0.0,0.0,0.0,0.0,0.0,0.0,0.0,0.1,0.09,0.9,0.89,U89783,27
,0.0,0.0,0.0,0.0,0.0,0.0,0.0,0.0,0.16,0.11,0.74,0.83,U89827,47
,0.0,0.0,0.0,0.0,0.0,0.0,0.0,0.0,0.12,0.08,0.94,0.97,U89828,3
,0.0,0.0,0.0,0.0,0.0,0.0,0.0,0.0,0.24,0.13,0.74,0.85,U89832,15
,0.0,0.0,0.0,0.0,0.0,0.0,0.0,0.0,0.08,0.06,0.96,0.98,U89833,2
,0.0,0.0,0.0,0.0,0.0,0.0,0.0,0.0,0.12,0.09,0.82,0.91,U89835,9
,0.0,0.0,0.0,0.0,0.0,0.0,0.0,0.0,0.1,0.1,0.98,0.99,U89845,1
,0.0,0.0,0.0,0.0,0.0,0.0,0.0,0.0,0.16,0.09,0.7,0.85,U89847,15
,0.0,0.0,0.0,0.0,0.0,0.0,0.0,0.0,0.16,0.08,0.78,0.89,U89848,11
,0.0,0.0,0.0,0.0,0.0,0.0,0.0,0.0,0.12,0.08,0.88,0.94,U89852,6
,0.0,0.0,0.0,0.0,0.0,0.0,0.0,0.0,0.2,0.11,0.94,0.97,U89862,3
,0.0,0.0,0.0,0.0,0.0,0.0,0.0,0.0,0.2,0.14,0.84,0.92,U89884,8
,0.0,0.0,0.0,0.0,0.0,0.0,0.0,0.0,0.16,0.1,0.9,0.95,U8989,5
,0.0,0.0,0.0,0.0,0.0,0.0,0.0,0.0,0.22,0.13,0.9,0.95,U89894,5
,0.0,0.0,0.0,0.0,0.0,0.0,0.0,0.0,0.12,0.09,0.86,0.93,U89925,7
,0.0,0.0,0.0,0.0,0.0,0.0,0.0,0.0,0.2,0.11,0.58,0.78,U89930,34
,0.0,0.0,0.0,0.0,0.0,0.0,0.0,0.0,0.08,0.09,0.76,0.84,U89951,44
,0.0,0.0,0.0,0.0,0.0,0.0,0.0,0.0,0.2,0.13,0.72,0.83,U89963,34
,0.0,0.0,0.0,0.0,0.0,0.0,0.0,0.0,0.14,0.12,0.74,0.87,U89968,13
,0.0,0.0,0.0,0.0,0.0,0.0,0.0,0.0,0.22,0.11,0.68,0.84,U89976,18
,0.0,0.0,0.0,0.0,0.0,0.0,0.0,0.0,0.24,0.14,0.9,0.94,U89982,80
,0.0,0.0,0.0,0.0,0.0,0.0,0.0,0.0,0.14,0.1,0.78,0.89,U89988,11
,0.0,0.0,0.0,0.0,0.0,0.0,0.0,0.0,0.22,0.11,0.78,0.89,U90026,11
,0.0,0.0,0.0,0.0,0.0,0.0,0.0,0.0,0.18,0.09,0.88,0.94,U90041,6
,0.0,0.0,0.0,0.0,0.0,0.0,0.0,0.0,0.22,0.11,0.7,0.84,U90056,17
,0.0,0.0,0.0,0.0,0.0,0.0,0.0,0.0,0.2,0.12,0.62,0.76,U9009,31
,0.0,0.0,0.0,0.0,0.0,0.0,0.0,0.0,0.18,0.11,0.78,0.88,U90107,15
,0.0,0.0,0.0,0.0,0.0,0.0,0.0,0.0,0.22,0.12,0.62,0.77,U90112,25
,0.0,0.0,0.0,0.0,0.0,0.0,0.0,0.0,0.06,0.05,0.94,0.95,U90130,5
,0.0,0.0,0.0,0.0,0.0,0.0,0.0,0.0,0.16,0.11,0.74,0.87,U90152,14
,0.0,0.0,0.0,0.0,0.0,0.0,0.0,0.0,0.1,0.08,0.82,0.85,U90165,94
,0.0,0.0,0.0,0.0,0.0,0.0,0.0,0.0,0.22,0.14,0.78,0.89,U90167,12
,0.0,0.0,0.0,0.0,0.0,0.0,0.0,0.0,0.08,0.07,0.78,0.89,U90201,15
,0.0,0.0,0.0,0.0,0.0,0.0,0.0,0.0,0.08,0.06,0.88,0.93,U90204,7
,0.0,0.0,0.0,0.0,0.0,0.0,0.0,0.0,0.16,0.1,0.94,0.97,U90219,3
,0.0,0.0,0.0,0.0,0.0,0.0,0.0,0.0,0.14,0.08,0.74,0.82,U90233,39
,0.0,0.0,0.0,0.0,0.0,0.0,0.0,0.0,0.18,0.11,0.64,0.77,U90258,29
,0.0,0.0,0.0,0.0,0.0,0.0,0.0,0.0,0.14,0.08,0.76,0.88,U90262,13
,0.0,0.0,0.0,0.0,0.0,0.0,0.0,0.0,0.2,0.12,0.74,0.81,U90279,51
,0.0,0.0,0.0,0.0,0.0,0.0,0.0,0.0,0.2,0.12,0.86,0.93,U90286,7
,0.0,0.0,0.0,0.0,0.0,0.0,0.0,0.0,0.16,0.11,0.88,0.94,U90312,6
,0.0,0.0,0.0,0.0,0.0,0.0,0.0,0.0,0.04,0.02,0.92,0.96,U90335,4
,0.0,0.0,0.0,0.0,0.0,0.0,0.0,0.0,0.14,0.09,0.8,0.88,U90361,18
,0.0,0.0,0.0,0.0,0.0,0.0,0.0,0.0,0.12,0.11,0.86,0.9,U90373,70
,0.0,0.0,0.0,0.0,0.0,0.0,0.0,0.0,0.2,0.12,0.62,0.77,U90386,36
,0.0,0.0,0.0,0.0,0.0,0.0,0.0,0.0,0.1,0.07,0.76,0.88,U90387,14
,0.0,0.0,0.0,0.0,0.0,0.0,0.0,0.0,0.24,0.14,0.74,0.84,U90403,31
,0.0,0.0,0.0,0.0,0.0,0.0,0.0,0.0,0.12,0.06,0.78,0.84,U90413,59
,0.0,0.0,0.0,0.0,0.0,0.0,0.0,0.0,0.08,0.08,0.88,0.94,U90422,6
,0.0,0.0,0.0,0.0,0.0,0.0,0.0,0.0,0.12,0.07,0.7,0.82,U90423,48
,0.0,0.0,0.0,0.0,0.0,0.0,0.0,0.0,0.2,0.12,0.76,0.87,U90424,15
,0.0,0.0,0.0,0.0,0.0,0.0,0.0,0.0,0.16,0.11,0.84,0.87,U90437,41
,0.0,0.0,0.0,0.0,0.0,0.0,0.0,0.0,0.18,0.12,0.96,0.96,U9045,170
,0.0,0.0,0.0,0.0,0.0,0.0,0.0,0.0,0.14,0.09,0.96,0.98,U90495,2
,0.0,0.0,0.0,0.0,0.0,0.0,0.0,0.0,0.14,0.12,0.6,0.78,U90503,23
,0.0,0.0,0.0,0.0,0.0,0.0,0.0,0.0,0.18,0.1,0.82,0.91,U90518,20
,0.0,0.0,0.0,0.0,0.0,0.0,0.0,0.0,0.16,0.08,0.82,0.91,U90535,9
,0.0,0.0,0.0,0.0,0.0,0.0,0.0,0.0,0.22,0.11,0.6,0.79,U90543,22
,0.0,0.0,0.0,0.0,0.0,0.0,0.0,0.0,0.16,0.1,0.82,0.91,U90546,11
,0.0,0.0,0.0,0.0,0.0,0.0,0.0,0.0,0.14,0.09,0.7,0.81,U90567,26
,0.0,0.0,0.0,0.0,0.0,0.0,0.0,0.0,0.14,0.07,0.74,0.84,U90578,26
,0.0,0.0,0.0,0.0,0.0,0.0,0.0,0.0,0.14,0.08,0.86,0.89,U90585,55
,0.0,0.0,0.0,0.0,0.0,0.0,0.0,0.0,0.24,0.13,0.7,0.83,U90591,17
,0.0,0.0,0.0,0.0,0.0,0.0,0.0,0.0,0.18,0.1,0.78,0.89,U90601,11
,0.0,0.0,0.0,0.0,0.0,0.0,0.0,0.0,0.12,0.09,0.84,0.92,U90621,8
,0.0,0.0,0.0,0.0,0.0,0.0,0.0,0.0,0.18,0.12,0.62,0.81,U90635,19
0.04020100502512563,0.005208333333333333,0.0,0.0,0.0,0.0,0.0,0.0,0.1111111111111111,0.22,0.12,0.74,0.87,U90642,13
,0.0,0.0,0.0,0.0,0.0,0.0,0.0,0.0,0.16,0.09,0.64,0.81,U90648,24
,0.0,0.0,0.0,0.0,0.0,0.0,0.0,0.0,0.18,0.1,0.64,0.82,U9065,19
,0.0,0.0,0.0,0.0,0.0,0.0,0.0,0.0,0.16,0.13,0.62,0.79,U9070,28
,0.0,0.0,0.0,0.0,0.0,0.0,0.0,0.0,0.2,0.13,0.98,0.99,U90712,1
,0.0,0.0,0.0,0.0,0.0,0.0,0.0,0.0,0.16,0.09,0.6,0.73,U90716,40
,0.0,0.0,0.0,0.0,0.0,0.0,0.0,0.0,0.08,0.06,0.7,0.81,U9072,43
,0.0,0.0,0.0,0.0,0.0,0.0,0.0,0.0,0.22,0.12,0.76,0.85,U90734,37
,0.0,0.0,0.0,0.0,0.0,0.0,0.0,0.0,0.16,0.09,0.76,0.86,U90798,55
,0.0,0.0,0.0,0.0,0.0,0.0,0.0,0.0,0.12,0.06,0.74,0.86,U90802,16
,0.0,0.0,0.0,0.0,0.0,0.0,0.0,0.0,0.1,0.09,0.76,0.88,U90815,12
,0.0,0.0,0.0,0.0,0.0,0.0,0.0,0.0,0.06,0.05,0.74,0.85,U90823,56
,0.0,0.0,0.0,0.0,0.0,0.0,0.0,0.0,0.22,0.12,0.78,0.88,U90839,12
,0.0,0.0,0.0,0.0,0.0,0.0,0.0,0.0,0.18,0.1,0.72,0.84,U90850,17
0.12562814070351758,0.005714285714285714,0.0,0.0,0.0,0.0,0.0,0.0,0.14285714285714285,0.1,0.07,0.86,0.9,U90852,36
,0.0,0.0,0.0,0.0,0.0,0.0,0.0,0.0,0.2,0.14,0.78,0.86,U90855,54
,0.0,0.0,0.0,0.0,0.0,0.0,0.0,0.0,0.2,0.12,0.82,0.91,U90868,9
,0.0,0.0,0.0,0.0,0.0,0.0,0.0,0.0,0.18,0.11,0.74,0.81,U90871,23
,0.0,0.0,0.0,0.0,0.0,0.0,0.0,0.0,0.12,0.1,0.78,0.87,U90872,14
,0.0,0.0,0.0,0.0,0.0,0.0,0.0,0.0,0.12,0.06,0.86,0.93,U90875,7
,0.0,0.0,0.0,0.0,0.0,0.0,0.0,0.0,0.16,0.09,0.96,0.98,U90929,2
,0.0,0.0,0.0,0.0,0.0,0.0,0.0,0.0,0.22,0.12,0.68,0.83,U9093,20
,0.0,0.0,0.0,0.0,0.0,0.0,0.0,0.0,0.18,0.09,0.94,0.95,U90934,134
,0.0,0.0,0.0,0.0,0.0,0.0,0.0,0.0,0.18,0.09,0.74,0.86,U90969,15
,0.0,0.0,0.0,0.0,0.0,0.0,0.0,0.0,0.2,0.12,0.64,0.79,U90978,27
,0.0,0.0,0.0,0.0,0.0,0.0,0.0,0.0,0.2,0.11,0.64,0.81,U90982,22
,0.0,0.0,0.0,0.0,0.0,0.0,0.0,0.0,0.14,0.1,0.68,0.81,U90995,58
,0.0,0.0,0.0,0.0,0.0,0.0,0.0,0.0,0.1,0.07,0.9,0.94,U90998,71
,0.0,0.0,0.0,0.0,0.0,0.0,0.0,0.0,0.08,0.05,0.92,0.96,U90999,4
,0.0,0.0,0.0,0.0,0.0,0.0,0.0,0.0,0.16,0.1,0.72,0.86,U9102,14
0.6733668341708543,0.015151515151515152,0.0,0.0,0.0,0.0,0.0,1.0,1.0,0.18,0.1,0.64,0.81,U91045,23
0.20603015075376885,0.006289308176100629,0.0,0.0,0.0,0.0,0.0,0.0,0.2,0.1,0.08,0.9,0.94,U91060,6
,0.0,0.0,0.0,0.0,0.0,0.0,0.0,0.0,0.2,0.14,0.62,0.8,U91090,21
,0.0,0.0,0.0,0.0,0.0,0.0,0.0,0.0,0.1,0.07,0.86,0.93,U91091,7
,0.0,0.0,0.0,0.0,0.0,0.0,0.0,0.0,0.04,0.02,0.8,0.89,U91111,51
,0.0,0.0,0.0,0.0,0.0,0.0,0.0,0.0,0.02,0.02,0.88,0.91,U91142,97
,0.0,0.0,0.0,0.0,0.0,0.0,0.0,0.0,0.16,0.1,0.8,0.9,U91151,10
,0.0,0.0,0.0,0.0,0.0,0.0,0.0,0.0,0.16,0.09,0.84,0.92,U91173,8
,0.0,0.0,0.0,0.0,0.0,0.0,0.0,0.0,0.04,0.02,0.9,0.91,U91179,150
,0.0,0.0,0.0,0.0,0.0,0.0,0.0,0.0,0.16,0.11,0.8,0.89,U91182,25
,0.0,0.0,0.0,0.0,0.0,0.0,0.0,0.0,0.22,0.12,0.62,0.79,U91185,22
0.6331658291457286,0.013513513513513514,0.0,0.0,0.0,0.0,0.0,1.0,1.0,0.1,0.06,0.82,0.89,U91198,16
,0.0,0.0,0.0,0.0,0.0,0.0,0.0,0.0,0.14,0.09,0.88,0.94,U91218,6
,0.0,0.0,0.0,0.0,0.0,0.0,0.0,0.0,0.08,0.06,0.86,0.93,U91219,7
,0.0,0.0,0.0,0.0,0.0,0.0,0.0,0.0,0.08,0.06,0.88,0.92,U91222,97
,0.0,0.0,0.0,0.0,0.0,0.0,0.0,0.0,0.16,0.11,0.82,0.91,U91233,9
,0.0,0.0,0.0,0.0,0.0,0.0,0.0,0.0,0.14,0.08,0.86,0.93,U91244,64
,0.0,0.0,0.0,0.0,0.0,0.0,0.0,0.0,0.22,0.13,0.88,0.94,U91252,6
,0.0,0.0,0.0,0.0,0.0,0.0,0.0,0.0,0.16,0.1,0.62,0.79,U91286,29
,0.0,0.0,0.0,0.0,0.0,0.0,0.0,0.0,0.22,0.14,0.66,0.81,U91314,25
,0.0,0.0,0.0,0.0,0.0,0.0,0.0,0.0,0.22,0.13,0.7,0.8,U9132,36
,0.0,0.0,0.0,0.0,0.0,0.0,0.0,0.0,0.14,0.09,0.72,0.86,U91331,14
,0.0,0.0,0.0,0.0,0.0,0.0,0.0,0.0,0.02,0.03,0.82,0.87,U91335,72
,0.0,0.0,0.0,0.0,0.0,0.0,0.0,0.0,0.18,0.1,0.64,0.79,U91354,36
,0.0,0.0,0.0,0.0,0.0,0.0,0.0,0.0,0.14,0.08,0.9,0.95,U914,5
,0.0,0.0,0.0,0.0,0.0,0.0,0.0,0.0,0.16,0.11,0.7,0.8,U91407,31
,0.0,0.0,0.0,0.0,0.0,0.0,0.0,0.0,0.06,0.06,0.94,0.97,U91426,138
,0.0,0.0,0.0,0.0,0.0,0.0,0.0,0.0,0.14,0.1,0.84,0.92,U91429,9
,0.0,0.0,0.0,0.0,0.0,0.0,0.0,0.0,0.2,0.13,0.74,0.83,U91449,49
,0.0,0.0,0.0,0.0,0.0,0.0,0.0,0.0,0.18,0.09,0.72,0.82,U91456,22
,0.0,0.0,0.0,0.0,0.0,0.0,0.0,0.0,0.14,0.08,0.66,0.81,U91458,23
,0.0,0.0,0.0,0.0,0.0,0.0,0.0,0.0,0.02,0.01,0.8,0.85,U91467,67
,0.0,0.0,0.0,0.0,0.0,0.0,0.0,0.0,0.2,0.12,0.78,0.89,U91483,11
,0.0,0.0,0.0,0.0,0.0,0.0,0.0,0.0,0.08,0.05,0.72,0.81,U91487,57
,0.0,0.0,0.0,0.0,0.0,0.0,0.0,0.0,0.16,0.12,0.94,0.97,U91536,3
,0.0,0.0,0.0,0.0,0.0,0.0,0.0,0.0,0.12,0.07,0.88,0.94,U91559,6
,0.0,0.0,0.0,0.0,0.0,0.0,0.0,0.0,0.18,0.1,0.9,0.95,U91566,5
,0.0,0.0,0.0,0.0,0.0,0.0,0.0,0.0,0.14,0.1,0.72,0.83,U9157,65
,0.0,0.0,0.0,0.0,0.0,0.0,0.0,0.0,0.14,0.11,0.88,0.94,U91584,6
,0.0,0.0,0.0,0.0,0.0,0.0,0.0,0.0,0.22,0.12,0.88,0.94,U9160,6
,0.0,0.0,0.0,0.0,0.0,0.0,0.0,0.0,0.26,0.13,0.84,0.92,U91620,8
,0.0,0.0,0.0,0.0,0.0,0.0,0.0,0.0,0.1,0.06,0.84,0.91,U91634,21
,0.0,0.0,0.0,0.0,0.0,0.0,0.0,0.0,0.2,0.13,0.78,0.89,U91652,12
,0.0,0.0,0.0,0.0,0.0,0.0,0.0,0.0,0.16,0.12,0.96,0.98,U91657,2
,0.0,0.0,0.0,0.0,0.0,0.0,0.0,0.0,0.18,0.09,0.76,0.88,U91706,13
,0.0,0.0,0.0,0.0,0.0,0.0,0.0,0.0,0.12,0.06,0.76,0.87,U91725,14
,0.0,0.0,0.0,0.0,0.0,0.0,0.0,0.0,0.18,0.11,0.84,0.92,U9174,8
,0.0,0.0,0.0,0.0,0.0,0.0,0.0,0.0,0.14,0.11,0.66,0.8,U91743,31
,0.0,0.0,0.0,0.0,0.0,0.0,0.0,0.0,0.2,0.11,0.56,0.7,U91761,46
,0.0,0.0,0.0,0.0,0.0,0.0,0.0,0.0,0.16,0.11,0.62,0.74,U91774,30
,0.0,0.0,0.0,0.0,0.0,0.0,0.0,0.0,0.14,0.09,0.92,0.96,U91776,4
,0.0,0.0,0.0,0.0,0.0,0.0,0.0,0.0,0.2,0.11,0.94,0.97,U91794,3
,0.0,0.0,0.0,0.0,0.0,0.0,0.0,0.0,0.16,0.11,0.84,0.92,U91800,8
,0.0,0.0,0.0,0.0,0.0,0.0,0.0,0.0,0.12,0.08,0.78,0.89,U91808,11
,0.0,0.0,0.0,0.0,0.0,0.0,0.0,0.0,0.1,0.08,0.94,0.97,U91846,3
,0.0,0.0,0.0,0.0,0.0,0.0,0.0,0.0,0.18,0.11,0.78,0.89,U9186,11
,0.0,0.0,0.0,0.0,0.0,0.0,0.0,0.0,0.16,0.11,0.88,0.89,U91867,43
,0.0,0.0,0.0,0.0,0.0,0.0,0.0,0.0,0.2,0.11,0.72,0.84,U91871,17
,0.0,0.0,0.0,0.0,0.0,0.0,0.0,0.0,0.06,0.03,0.82,0.91,U91886,11
,0.0,0.0,0.0,0.0,0.0,0.0,0.0,0.0,0.22,0.11,0.78,0.86,U91897,48
,0.0,0.0,0.0,0.0,0.0,0.0,0.0,0.0,0.2,0.13,0.72,0.85,U91903,18
,0.0,0.0,0.0,0.0,0.0,0.0,0.0,0.0,0.18,0.13,0.94,0.97,U91910,3
,0.0,0.0,0.0,0.0,0.0,0.0,0.0,0.0,0.18,0.13,0.7,0.81,U91912,37
,0.0,0.0,0.0,0.0,0.0,0.0,0.0,0.0,0.12,0.07,0.84,0.91,U91923,14
,0.0,0.0,0.0,0.0,0.0,0.0,0.0,0.0,0.12,0.08,0.92,0.95,U91933,5
,0.0,0.0,0.0,0.0,0.0,0.0,0.0,0.0,0.14,0.09,0.88,0.94,U91983,6
,0.0,0.0,0.0,0.0,0.0,0.0,0.0,0.0,0.04,0.03,0.82,0.89,U91987,22
,0.0,0.0,0.0,0.0,0.0,0.0,0.0,0.0,0.26,0.14,0.82,0.91,U91995,9
,0.0,0.0,0.0,0.0,0.0,0.0,0.0,0.0,0.16,0.1,0.66,0.81,U92012,20
,0.0,0.0,0.0,0.0,0.0,0.0,0.0,0.0,0.16,0.11,0.64,0.8,U92017,40
,0.0,0.0,0.0,0.0,0.0,0.0,0.0,0.0,0.18,0.11,0.78,0.85,U92023,40
,0.0,0.0,0.0,0.0,0.0,0.0,0.0,0.0,0.1,0.07,0.76,0.85,U92040,25
,0.0,0.0,0.0,0.0,0.0,0.0,0.0,0.0,0.18,0.12,0.74,0.8,U92060,42
,0.0,0.0,0.0,0.0,0.0,0.0,0.0,0.0,0.12,0.07,0.6,0.78,U92069,24
,0.0,0.0,0.0,0.0,0.0,0.0,0.0,0.0,0.16,0.1,0.92,0.96,U92083,4
0.4020100502512563,0.008333333333333333,0.0,0.0,0.0,0.0,0.0,0.0,1.0,0.18,0.1,0.88,0.91,U92093,43
,0.0,0.0,0.0,0.0,0.0,0.0,0.0,0.0,0.2,0.12,0.98,0.99,U92123,1
,0.0,0.0,0.0,0.0,0.0,0.0,0.0,0.0,0.18,0.11,0.7,0.84,U92165,35
,0.0,0.0,0.0,0.0,0.0,0.0,0.0,0.0,0.08,0.08,0.94,0.97,U92185,3
,0.0,0.0,0.0,0.0,0.0,0.0,0.0,0.0,0.14,0.09,0.8,0.87,U92204,15
,0.0,0.0,0.0,0.0,0.0,0.0,0.0,0.0,0.04,0.05,0.86,0.9,U92214,21
,0.0,0.0,0.0,0.0,0.0,0.0,0.0,0.0,0.14,0.07,0.8,0.9,U92225,13
,0.0,0.0,0.0,0.0,0.0,0.0,0.0,0.0,0.12,0.09,0.86,0.91,U92233,10
,0.0,0.0,0.0,0.0,0.0,0.0,0.0,0.0,0.16,0.1,0.86,0.93,U92237,7
0.5125628140703518,0.01020408163265306,0.0,0.0,0.0,0.0,0.0,1.0,1.0,0.08,0.07,0.74,0.83,U92241,24
,0.0,0.0,0.0,0.0,0.0,0.0,0.0,0.0,0.16,0.08,0.78,0.88,U92282,12
,0.0,0.0,0.0,0.0,0.0,0.0,0.0,0.0,0.18,0.11,0.84,0.89,U92283,52
,0.0,0.0,0.0,0.0,0.0,0.0,0.0,0.0,0.16,0.11,0.72,0.83,U92288,44
,0.0,0.0,0.0,0.0,0.0,0.0,0.0,0.0,0.1,0.08,0.74,0.85,U92292,20
,0.0,0.0,0.0,0.0,0.0,0.0,0.0,0.0,0.12,0.08,0.78,0.85,U92295,66
,0.0,0.0,0.0,0.0,0.0,0.0,0.0,0.0,0.24,0.13,0.76,0.88,U92298,13
,0.0,0.0,0.0,0.0,0.0,0.0,0.0,0.0,0.18,0.13,0.76,0.88,U9230,50
,0.0,0.0,0.0,0.0,0.0,0.0,0.0,0.0,0.16,0.11,0.72,0.85,U92319,16
,0.0,0.0,0.0,0.0,0.0,0.0,0.0,0.0,0.24,0.12,0.8,0.9,U92353,10
,0.0,0.0,0.0,0.0,0.0,0.0,0.0,0.0,0.14,0.09,0.82,0.89,U92357,36
,0.0,0.0,0.0,0.0,0.0,0.0,0.0,0.0,0.16,0.11,0.72,0.86,U92378,17
0.8793969849246231,0.04,0.0,0.0,0.0,0.0,0.2,0.2,0.2,0.12,0.09,0.78,0.86,U92379,16
,0.0,0.0,0.0,0.0,0.0,0.0,0.0,0.0,0.18,0.09,0.58,0.72,U92383,63
,0.0,0.0,0.0,0.0,0.0,0.0,0.0,0.0,0.24,0.14,0.66,0.83,U92387,46
,0.0,0.0,0.0,0.0,0.0,0.0,0.0,0.0,0.16,0.1,0.94,0.97,U92409,3
0.8391959798994975,0.030303030303030304,0.0,0.0,0.0,0.0,0.3333333333333333,0.3333333333333333,0.3333333333333333,0.16,0.12,0.92,0.96,U92418,4
,0.0,0.0,0.0,0.0,0.0,0.0,0.0,0.0,0.08,0.05,0.84,0.91,U92424,10
,0.0,0.0,0.0,0.0,0.0,0.0,0.0,0.0,0.16,0.11,0.8,0.9,U92436,10
,0.0,0.0,0.0,0.0,0.0,0.0,0.0,0.0,0.14,0.09,0.76,0.82,U92455,47
0.8592964824120602,0.034482758620689655,0.0,0.0,0.0,0.0,0.3333333333333333,0.3333333333333333,0.3333333333333333,0.12,0.07,0.72,0.85,U92466,18
,0.0,0.0,0.0,0.0,0.0,0.0,0.0,0.0,0.16,0.11,0.72,0.83,U92471,28
,0.0,0.0,0.0,0.0,0.0,0.0,0.0,0.0,0.16,0.11,0.7,0.83,U92484,19
,0.0,0.0,0.0,0.0,0.0,0.0,0.0,0.0,0.22,0.14,0.82,0.91,U92500,9
,0.0,0.0,0.0,0.0,0.0,0.0,0.0,0.0,0.16,0.09,0.96,0.98,U92529,2
,0.0,0.0,0.0,0.0,0.0,0.0,0.0,0.0,0.22,0.12,0.88,0.94,U92531,6
,0.0,0.0,0.0,0.0,0.0,0.0,0.0,0.0,0.26,0.13,0.96,0.98,U92559,2
,0.0,0.0,0.0,0.0,0.0,0.0,0.0,0.0,0.08,0.05,0.86,0.88,U92564,69
,0.0,0.0,0.0,0.0,0.0,0.0,0.0,0.0,0.26,0.13,0.88,0.94,U92570,6
,0.0,0.0,0.0,0.0,0.0,0.0,0.0,0.0,0.2,0.12,0.68,0.83,U92571,30
,0.0,0.0,0.0,0.0,0.0,0.0,0.0,0.0,0.18,0.11,0.98,0.99,U92587,1
,0.0,0.0,0.0,0.0,0.0,0.0,0.0,0.0,0.08,0.05,0.7,0.83,U92611,40
,0.0,0.0,0.0,0.0,0.0,0.0,0.0,0.0,0.12,0.08,0.8,0.87,U92617,80
,0.0,0.0,0.0,0.0,0.0,0.0,0.0,0.0,0.18,0.09,0.72,0.86,U92622,15
,0.0,0.0,0.0,0.0,0.0,0.0,0.0,0.0,0.16,0.11,0.92,0.96,U92625,5
,0.0,0.0,0.0,0.0,0.0,0.0,0.0,0.0,0.22,0.11,0.66,0.81,U92650,19
,0.0,0.0,0.0,0.0,0.0,0.0,0.0,0.0,0.14,0.09,0.88,0.94,U92661,6
,0.0,0.0,0.0,0.0,0.0,0.0,0.0,0.0,0.12,0.08,0.84,0.9,U92665,56
0.914572864321608,0.05555555555555555,0.0,0.0,0.0,0.0,0.5,0.5,0.5,0.16,0.1,0.74,0.87,U92722,13
,0.0,0.0,0.0,0.0,0.0,0.0,0.0,0.0,0.24,0.14,0.84,0.92,U92728,8
,0.0,0.0,0.0,0.0,0.0,0.0,0.0,0.0,0.14,0.07,0.72,0.84,U92731,28
,0.0,0.0,0.0,0.0,0.0,0.0,0.0,0.0,0.24,0.12,0.78,0.89,U92743,11
0.8291457286432161,0.02857142857142857,0.0,0.0,0.0,0.0,0.16666666666666666,0.16666666666666666,0.16666666666666666,0.18,0.11,0.92,0.94,U92748,94
,0.0,0.0,0.0,0.0,0.0,0.0,0.0,0.0,0.16,0.09,0.92,0.96,U92759,4
,0.0,0.0,0.0,0.0,0.0,0.0,0.0,0.0,0.14,0.08,0.62,0.76,U92767,35
,0.0,0.0,0.0,0.0,0.0,0.0,0.0,0.0,0.22,0.13,0.68,0.82,U92796,29
,0.0,0.0,0.0,0.0,0.0,0.0,0.0,0.0,0.06,0.04,0.82,0.88,U928,40
,0.0,0.0,0.0,0.0,0.0,0.0,0.0,0.0,0.14,0.1,0.7,0.84,U92831,21
,0.0,0.0,0.0,0.0,0.0,0.0,0.0,0.0,0.1,0.08,0.72,0.82,U92846,37
,0.0,0.0,0.0,0.0,0.0,0.0,0.0,0.0,0.12,0.11,0.96,0.98,U92858,2
,0.0,0.0,0.0,0.0,0.0,0.0,0.0,0.0,0.2,0.11,0.84,0.92,U92868,8
,0.0,0.0,0.0,0.0,0.0,0.0,0.0,0.0,0.2,0.11,0.82,0.87,U92923,59
,0.0,0.0,0.0,0.0,0.0,0.0,0.0,0.0,0.18,0.13,0.7,0.81,U92939,36
,0.0,0.0,0.0,0.0,0.0,0.0,0.0,0.0,0.16,0.1,0.58,0.73,U92961,34
,0.0,0.0,0.0,0.0,0.0,0.0,0.0,0.0,0.04,0.03,0.96,0.97,U92991,110
,0.0,0.0,0.0,0.0,0.0,0.0,0.0,0.0,0.22,0.12,0.68,0.83,U93031,17
,0.0,0.0,0.0,0.0,0.0,0.0,0.0,0.0,0.14,0.08,0.72,0.8,U93041,35
,0.0,0.0,0.0,0.0,0.0,0.0,0.0,0.0,0.22,0.12,0.9,0.95,U93049,5
0.5728643216080402,0.011627906976744186,0.0,0.0,0.0,0.0,0.0,0.5,0.5,0.08,0.07,0.9,0.93,U93079,134
,0.0,0.0,0.0,0.0,0.0,0.0,0.0,0.0,0.08,0.05,0.9,0.95,U93088,5
,0.0,0.0,0.0,0.0,0.0,0.0,0.0,0.0,0.06,0.03,0.84,0.92,U93100,8
,0.0,0.0,0.0,0.0,0.0,0.0,0.0,0.0,0.26,0.14,0.82,0.91,U9312,9
,0.0,0.0,0.0,0.0,0.0,0.0,0.0,0.0,0.14,0.1,0.88,0.94,U93122,6
,0.0,0.0,0.0,0.0,0.0,0.0,0.0,0.0,0.16,0.12,0.92,0.96,U93155,4
,0.0,0.0,0.0,0.0,0.0,0.0,0.0,0.0,0.14,0.12,0.74,0.85,U93171,15
,0.0,0.0,0.0,0.0,0.0,0.0,0.0,0.0,0.14,0.1,0.72,0.84,U93186,21
,0.0,0.0,0.0,0.0,0.0,0.0,0.0,0.0,0.2,0.13,0.84,0.87,U93191,62
,0.0,0.0,0.0,0.0,0.0,0.0,0.0,0.0,0.16,0.1,0.84,0.85,U93205,55
,0.0,0.0,0.0,0.0,0.0,0.0,0.0,0.0,0.04,0.02,0.76,0.86,U93213,33
,0.0,0.0,0.0,0.0,0.0,0.0,0.0,0.0,0.2,0.13,0.78,0.85,U93214,48
,0.0,0.0,0.0,0.0,0.0,0.0,0.0,0.0,0.18,0.1,0.64,0.8,U9324,29
,0.0,0.0,0.0,0.0,0.0,0.0,0.0,0.0,0.18,0.1,0.74,0.87,U9325,15
,0.0,0.0,0.0,0.0,0.0,0.0,0.0,0.0,0.16,0.11,0.78,0.89,U93259,11
,0.0,0.0,0.0,0.0,0.0,0.0,0.0,0.0,0.2,0.11,0.8,0.89,U93292,11
,0.0,0.0,0.0,0.0,0.0,0.0,0.0,0.0,0.18,0.13,0.7,0.8,U93296,34
,0.0,0.0,0.0,0.0,0.0,0.0,0.0,0.0,0.22,0.11,0.76,0.87,U93314,13
,0.0,0.0,0.0,0.0,0.0,0.0,0.0,0.0,0.1,0.08,0.98,0.97,U93315,116
,0.0,0.0,0.0,0.0,0.0,0.0,0.0,0.0,0.2,0.12,0.8,0.87,U93329,67
,0.0,0.0,0.0,0.0,0.0,0.0,0.0,0.0,0.18,0.14,0.96,0.98,U93330,2
,0.0,0.0,0.0,0.0,0.0,0.0,0.0,0.0,0.18,0.12,0.74,0.84,U93373,21
,0.0,0.0,0.0,0.0,0.0,0.0,0.0,0.0,0.16,0.11,0.92,0.96,U9341,4
,0.0,0.0,0.0,0.0,0.0,0.0,0.0,0.0,0.14,0.08,0.76,0.88,U93424,12
,0.0,0.0,0.0,0.0,0.0,0.0,0.0,0.0,0.2,0.11,0.9,0.95,U93429,5
,0.0,0.0,0.0,0.0,0.0,0.0,0.0,0.0,0.08,0.07,0.76,0.83,U93455,23
,0.0,0.0,0.0,0.0,0.0,0.0,0.0,0.0,0.1,0.07,0.84,0.91,U93475,11
,0.0,0.0,0.0,0.0,0.0,0.0,0.0,0.0,0.14,0.07,0.82,0.9,U93489,10
,0.0,0.0,0.0,0.0,0.0,0.0,0.0,0.0,0.18,0.11,0.7,0.84,U93492,51
,0.0,0.0,0.0,0.0,0.0,0.0,0.0,0.0,0.28,0.14,0.68,0.84,U93504,17
,0.0,0.0,0.0,0.0,0.0,0.0,0.0,0.0,0.2,0.12,0.68,0.81,U93575,51
,0.0,0.0,0.0,0.0,0.0,0.0,0.0,0.0,0.18,0.1,0.62,0.81,U93583,24
,0.0,0.0,0.0,0.0,0.0,0.0,0.0,0.0,0.06,0.03,0.84,0.9,U93588,43
,0.0,0.0,0.0,0.0,0.0,0.0,0.0,0.0,0.2,0.12,0.88,0.93,U9360,7
,0.0,0.0,0.0,0.0,0.0,0.0,0.0,0.0,0.06,0.04,0.7,0.85,U9361,26
,0.0,0.0,0.0,0.0,0.0,0.0,0.0,0.0,0.16,0.1,0.9,0.95,U93633,5
,0.0,0.0,0.0,0.0,0.0,0.0,0.0,0.0,0.08,0.04,0.78,0.85,U93634,52
,0.0,0.0,0.0,0.0,0.0,0.0,0.0,0.0,0.2,0.13,0.8,0.9,U93665,10
,0.0,0.0,0.0,0.0,0.0,0.0,0.0,0.0,0.2,0.12,0.92,0.96,U93677,4
,0.0,0.0,0.0,0.0,0.0,0.0,0.0,0.0,0.18,0.1,0.68,0.8,U93678,49
,0.0,0.0,0.0,0.0,0.0,0.0,0.0,0.0,0.22,0.12,0.9,0.95,U93691,5
,0.0,0.0,0.0,0.0,0.0,0.0,0.0,0.0,0.14,0.1,0.78,0.88,U93737,12
,0.0,0.0,0.0,0.0,0.0,0.0,0.0,0.0,0.12,0.09,0.82,0.91,U93746,9
,0.0,0.0,0.0,0.0,0.0,0.0,0.0,0.0,0.22,0.13,0.94,0.97,U93747,3
,0.0,0.0,0.0,0.0,0.0,0.0,0.0,0.0,0.1,0.06,0.72,0.85,U93780,16
,0.0,0.0,0.0,0.0,0.0,0.0,0.0,0.0,0.16,0.11,0.84,0.92,U93793,12
,0.0,0.0,0.0,0.0,0.0,0.0,0.0,0.0,0.16,0.12,1.0,0.97,U93804,218
,0.0,0.0,0.0,0.0,0.0,0.0,0.0,0.0,0.18,0.1,0.54,0.76,U93808,39
,0.0,0.0,0.0,0.0,0.0,0.0,0.0,0.0,0.18,0.09,0.74,0.87,U93810,13
,0.0,0.0,0.0,0.0,0.0,0.0,0.0,0.0,0.08,0.04,0.82,0.9,U93847,13
,0.0,0.0,0.0,0.0,0.0,0.0,0.0,0.0,0.16,0.13,0.74,0.84,U9386,36
,0.0,0.0,0.0,0.0,0.0,0.0,0.0,0.0,0.2,0.11,0.8,0.9,U93865,10
,0.0,0.0,0.0,0.0,0.0,0.0,0.0,0.0,0.12,0.08,0.74,0.81,U93916,54
,0.0,0.0,0.0,0.0,0.0,0.0,0.0,0.0,0.12,0.1,0.82,0.87,U93921,14
,0.0,0.0,0.0,0.0,0.0,0.0,0.0,0.0,0.24,0.12,0.82,0.88,U93947,65
,0.0,0.0,0.0,0.0,0.0,0.0,0.0,0.0,0.16,0.08,0.86,0.92,U93983,8
,0.0,0.0,0.0,0.0,0.0,0.0,0.0,0.0,0.22,0.12,0.86,0.9,U94000,54
,0.0,0.0,0.0,0.0,0.0,0.0,0.0,0.0,0.18,0.11,0.88,0.94,U9403,6
,0.0,0.0,0.0,0.0,0.0,0.0,0.0,0.0,0.04,0.04,0.7,0.81,U94056,50
,0.0,0.0,0.0,0.0,0.0,0.0,0.0,0.0,0.16,0.09,0.74,0.87,U9417,14
,0.0,0.0,0.0,0.0,0.0,0.0,0.0,0.0,0.2,0.1,0.64,0.82,U9434,21
0.7286432160804021,0.01818181818181818,0.0,0.0,0.0,0.0,0.0,0.5,0.5,0.04,0.03,0.72,0.84,U9462,19
,0.0,0.0,0.0,0.0,0.0,0.0,0.0,0.0,0.06,0.04,0.92,0.95,U9502,89
,0.0,0.0,0.0,0.0,0.0,0.0,0.0,0.0,0.12,0.11,0.7,0.78,U953,33
,0.0,0.0,0.0,0.0,0.0,0.0,0.0,0.0,0.18,0.13,0.7,0.85,U9534,18
,0.0,0.0,0.0,0.0,0.0,0.0,0.0,0.0,0.2,0.13,0.66,0.81,U9536,20
,0.0,0.0,0.0,0.0,0.0,0.0,0.0,0.0,0.18,0.11,0.86,0.92,U9545,8
,0.0,0.0,0.0,0.0,0.0,0.0,0.0,0.0,0.2,0.1,0.92,0.96,U9546,4
,0.0,0.0,0.0,0.0,0.0,0.0,0.0,0.0,0.24,0.14,0.56,0.75,U9564,30
,0.0,0.0,0.0,0.0,0.0,0.0,0.0,0.0,0.18,0.1,0.9,0.95,U9567,5
,0.0,0.0,0.0,0.0,0.0,0.0,0.0,0.0,0.2,0.11,0.64,0.8,U9603,35
,0.0,0.0,0.0,0.0,0.0,0.0,0.0,0.0,0.18,0.12,0.86,0.93,U9606,8
,0.0,0.0,0.0,0.0,0.0,0.0,0.0,0.0,0.16,0.11,0.8,0.89,U9611,43
,0.0,0.0,0.0,0.0,0.0,0.0,0.0,0.0,0.2,0.11,0.98,0.99,U9617,1
,0.0,0.0,0.0,0.0,0.0,0.0,0.0,0.0,0.16,0.11,0.68,0.8,U9626,50
,0.0,0.0,0.0,0.0,0.0,0.0,0.0,0.0,0.16,0.09,0.96,0.98,U9657,2
,0.0,0.0,0.0,0.0,0.0,0.0,0.0,0.0,0.08,0.07,0.74,0.86,U9658,76
,0.0,0.0,0.0,0.0,0.0,0.0,0.0,0.0,0.16,0.1,0.78,0.89,U9671,12
,0.0,0.0,0.0,0.0,0.0,0.0,0.0,0.0,0.22,0.14,0.7,0.84,U9707,18
,0.0,0.0,0.0,0.0,0.0,0.0,0.0,0.0,0.12,0.07,0.76,0.88,U9708,12
,0.0,0.0,0.0,0.0,0.0,0.0,0.0,0.0,0.22,0.11,0.74,0.87,U9732,14
,0.0,0.0,0.0,0.0,0.0,0.0,0.0,0.0,0.18,0.11,0.66,0.81,U9733,25
,0.0,0.0,0.0,0.0,0.0,0.0,0.0,0.0,0.16,0.1,0.92,0.96,U9737,4
,0.0,0.0,0.0,0.0,0.0,0.0,0.0,0.0,0.24,0.13,0.54,0.77,U9799,26
,0.0,0.0,0.0,0.0,0.0,0.0,0.0,0.0,0.2,0.13,0.62,0.77,U98,25
,0.0,0.0,0.0,0.0,0.0,0.0,0.0,0.0,0.22,0.11,0.64,0.82,U980,36
,0.0,0.0,0.0,0.0,0.0,0.0,0.0,0.0,0.16,0.1,0.66,0.82,U9803,44
,0.0,0.0,0.0,0.0,0.0,0.0,0.0,0.0,0.24,0.14,0.9,0.92,U9813,106
,0.0,0.0,0.0,0.0,0.0,0.0,0.0,0.0,0.12,0.11,0.94,0.97,U9824,3
,0.0,0.0,0.0,0.0,0.0,0.0,0.0,0.0,0.16,0.1,0.76,0.84,U983,19
,0.0,0.0,0.0,0.0,0.0,0.0,0.0,0.0,0.12,0.07,0.68,0.83,U9897,20
,0.0,0.0,0.0,0.0,0.0,0.0,0.0,0.0,0.12,0.07,0.66,0.82,U9920,19
,0.0,0.0,0.0,0.0,0.0,0.0,0.0,0.0,0.06,0.06,0.86,0.89,U9929,60
,0.0,0.0,0.0,0.0,0.0,0.0,0.0,0.0,0.18,0.11,0.66,0.78,U9972,30
,0.0,0.0,0.0,0.0,0.0,0.0,0.0,0.0,0.12,0.09,0.9,0.95,U9996,5
,0.0,0.0,0.0,0.0,0.0,0.0,0.0,0.0,0.14,0.11,0.68,0.81,U9999,21
