auc,mrr,ndcg@5,ndcg@10,recall@5,recall@10,recall@50,recall@100,recall@200,diversity@50,diversity@100,novelty@50,novelty@100,user_id,history_len
,0.0,0.0,0.0,0.0,0.0,0.0,0.0,0.0,0.1,0.06,1.0,1.0,U44035,768
,0.0,0.0,0.0,0.0,0.0,0.0,0.0,0.0,0.06,0.03,1.0,1.0,U88867,768
,0.0,0.0,0.0,0.0,0.0,0.0,0.0,0.0,0.16,0.11,1.0,1.0,U80349,0
,0.0,0.0,0.0,0.0,0.0,0.0,0.0,0.0,0.06,0.03,1.0,1.0,U61801,768
,0.0,0.0,0.0,0.0,0.0,0.0,0.0,0.0,0.04,0.02,1.0,1.0,U54826,768
0.4271356783919598,0.008695652173913044,0.0,0.0,0.0,0.0,0.0,0.0,1.0,0.18,0.11,1.0,1.0,U13088,768
,0.0,0.0,0.0,0.0,0.0,0.0,0.0,0.0,0.16,0.11,1.0,1.0,U68460,768
,0.0,0.0,0.0,0.0,0.0,0.0,0.0,0.0,0.06,0.04,1.0,1.0,U37316,768
,0.0,0.0,0.0,0.0,0.0,0.0,0.0,0.0,0.18,0.12,1.0,1.0,U38978,768
,0.0,0.0,0.0,0.0,0.0,0.0,0.0,0.0,0.18,0.12,1.0,1.0,U63924,768
,0.0,0.0,0.0,0.0,0.0,0.0,0.0,0.0,0.12,0.08,1.0,1.0,U48152,768
,0.0,0.0,0.0,0.0,0.0,0.0,0.0,0.0,0.22,0.13,1.0,1.0,U71874,0
,0.0,0.0,0.0,0.0,0.0,0.0,0.0,0.0,0.22,0.12,1.0,1.0,U52937,768
,0.0,0.0,0.0,0.0,0.0,0.0,0.0,0.0,0.2,0.11,1.0,1.0,U51387,768
,0.0,0.0,0.0,0.0,0.0,0.0,0.0,0.0,0.2,0.11,1.0,1.0,U76178,768
,0.0,0.0,0.0,0.0,0.0,0.0,0.0,0.0,0.2,0.12,1.0,1.0,U85418,768
0.22110552763819097,0.00641025641025641,0.0,0.0,0.0,0.0,0.0,0.0,0.125,0.1,0.09,1.0,1.0,U66309,768
,0.0,0.0,0.0,0.0,0.0,0.0,0.0,0.0,0.1,0.05,1.0,1.0,U62193,768
,0.0,0.0,0.0,0.0,0.0,0.0,0.0,0.0,0.16,0.11,1.0,1.0,U61277,768
,0.0,0.0,0.0,0.0,0.0,0.0,0.0,0.0,0.14,0.11,1.0,1.0,U23334,768
,0.0,0.0,0.0,0.0,0.0,0.0,0.0,0.0,0.04,0.02,1.0,1.0,U10404,768
,0.0,0.0,0.0,0.0,0.0,0.0,0.0,0.0,0.18,0.14,1.0,1.0,U66651,768
,0.0,0.0,0.0,0.0,0.0,0.0,0.0,0.0,0.04,0.03,1.0,1.0,U79782,768
,0.0,0.0,0.0,0.0,0.0,0.0,0.0,0.0,0.16,0.11,1.0,1.0,U63606,768
,0.0,0.0,0.0,0.0,0.0,0.0,0.0,0.0,0.06,0.05,1.0,1.0,U70433,768
,0.0,0.0,0.0,0.0,0.0,0.0,0.0,0.0,0.18,0.11,1.0,1.0,U77607,768
,0.0,0.0,0.0,0.0,0.0,0.0,0.0,0.0,0.22,0.11,1.0,1.0,U12564,768
,0.0,0.0,0.0,0.0,0.0,0.0,0.0,0.0,0.2,0.12,1.0,1.0,U53086,0
0.07537688442211055,0.005405405405405406,0.0,0.0,0.0,0.0,0.0,0.0,0.25,0.08,0.06,1.0,1.0,U10516,768
,0.0,0.0,0.0,0.0,0.0,0.0,0.0,0.0,0.1,0.08,1.0,1.0,U91456,768
,0.0,0.0,0.0,0.0,0.0,0.0,0.0,0.0,0.2,0.12,1.0,1.0,U35282,768
,0.0,0.0,0.0,0.0,0.0,0.0,0.0,0.0,0.18,0.11,1.0,1.0,U84035,768
,0.0,0.0,0.0,0.0,0.0,0.0,0.0,0.0,0.22,0.12,1.0,1.0,U24592,768
,0.0,0.0,0.0,0.0,0.0,0.0,0.0,0.0,0.1,0.08,1.0,1.0,U7992,768
,0.0,0.0,0.0,0.0,0.0,0.0,0.0,0.0,0.22,0.11,1.0,1.0,U20255,768
,0.0,0.0,0.0,0.0,0.0,0.0,0.0,0.0,0.02,0.03,1.0,1.0,U50165,768
,0.0,0.0,0.0,0.0,0.0,0.0,0.0,0.0,0.16,0.1,1.0,1.0,U6747,768
,0.0,0.0,0.0,0.0,0.0,0.0,0.0,0.0,0.14,0.09,1.0,1.0,U18475,768
,0.0,0.0,0.0,0.0,0.0,0.0,0.0,0.0,0.18,0.11,1.0,1.0,U29682,768
,0.0,0.0,0.0,0.0,0.0,0.0,0.0,0.0,0.14,0.1,1.0,1.0,U36214,768
,0.0,0.0,0.0,0.0,0.0,0.0,0.0,0.0,0.22,0.11,1.0,1.0,U76576,768
,0.0,0.0,0.0,0.0,0.0,0.0,0.0,0.0,0.2,0.12,1.0,1.0,U5849,768
,0.0,0.0,0.0,0.0,0.0,0.0,0.0,0.0,0.04,0.02,1.0,1.0,U19351,768
,0.0,0.0,0.0,0.0,0.0,0.0,0.0,0.0,0.2,0.12,1.0,1.0,U4774,768
,0.0,0.0,0.0,0.0,0.0,0.0,0.0,0.0,0.18,0.11,1.0,1.0,U39564,768
,0.0,0.0,0.0,0.0,0.0,0.0,0.0,0.0,0.16,0.08,1.0,1.0,U38274,768
,0.0,0.0,0.0,0.0,0.0,0.0,0.0,0.0,0.1,0.07,1.0,1.0,U27209,768
,0.0,0.0,0.0,0.0,0.0,0.0,0.0,0.0,0.06,0.03,1.0,1.0,U30080,768
,0.0,0.0,0.0,0.0,0.0,0.0,0.0,0.0,0.14,0.1,1.0,1.0,U11271,768
,0.0,0.0,0.0,0.0,0.0,0.0,0.0,0.0,0.12,0.09,1.0,1.0,U42217,768
,0.0,0.0,0.0,0.0,0.0,0.0,0.0,0.0,0.18,0.11,1.0,1.0,U73746,768
,0.0,0.0,0.0,0.0,0.0,0.0,0.0,0.0,0.1,0.06,1.0,1.0,U88391,768
,0.0,0.0,0.0,0.0,0.0,0.0,0.0,0.0,0.2,0.12,1.0,1.0,U22628,768
,0.0,0.0,0.0,0.0,0.0,0.0,0.0,0.0,0.2,0.11,1.0,1.0,U92743,768
,0.0,0.0,0.0,0.0,0.0,0.0,0.0,0.0,0.16,0.11,1.0,1.0,U19126,768
,0.0,0.0,0.0,0.0,0.0,0.0,0.0,0.0,0.18,0.1,1.0,1.0,U16258,768
,0.0,0.0,0.0,0.0,0.0,0.0,0.0,0.0,0.2,0.12,1.0,1.0,U34124,768
,0.0,0.0,0.0,0.0,0.0,0.0,0.0,0.0,0.2,0.1,1.0,1.0,U32494,768
,0.0,0.0,0.0,0.0,0.0,0.0,0.0,0.0,0.14,0.08,1.0,1.0,U54856,768
,0.0,0.0,0.0,0.0,0.0,0.0,0.0,0.0,0.16,0.1,1.0,1.0,U68502,768
,0.0,0.0,0.0,0.0,0.0,0.0,0.0,0.0,0.14,0.09,1.0,1.0,U62414,768
,0.0,0.0,0.0,0.0,0.0,0.0,0.0,0.0,0.08,0.07,1.0,1.0,U91487,768
,0.0,0.0,0.0,0.0,0.0,0.0,0.0,0.0,0.16,0.1,1.0,1.0,U20621,768
,0.0,0.0,0.0,0.0,0.0,0.0,0.0,0.0,0.1,0.07,1.0,1.0,U47559,768
,0.0,0.0,0.0,0.0,0.0,0.0,0.0,0.0,0.02,0.02,1.0,1.0,U59637,768
,0.0,0.0,0.0,0.0,0.0,0.0,0.0,0.0,0.22,0.11,1.0,1.0,U39343,768
,0.0,0.0,0.0,0.0,0.0,0.0,0.0,0.0,0.18,0.1,1.0,1.0,U72727,768
,0.0,0.0,0.0,0.0,0.0,0.0,0.0,0.0,0.18,0.1,1.0,1.0,U37682,768
,0.0,0.0,0.0,0.0,0.0,0.0,0.0,0.0,0.18,0.13,1.0,1.0,U87446,768
,0.0,0.0,0.0,0.0,0.0,0.0,0.0,0.0,0.08,0.07,1.0,1.0,U32192,768
,0.0,0.0,0.0,0.0,0.0,0.0,0.0,0.0,0.12,0.08,1.0,1.0,U15803,768
,0.0,0.0,0.0,0.0,0.0,0.0,0.0,0.0,0.16,0.09,1.0,1.0,U8089,768
,0.0,0.0,0.0,0.0,0.0,0.0,0.0,0.0,0.2,0.11,1.0,1.0,U58398,768
,0.0,0.0,0.0,0.0,0.0,0.0,0.0,0.0,0.14,0.1,1.0,1.0,U1098,768
0.8409090909090909,0.047619047619047616,0.0,0.0,0.0,0.0,0.18181818181818182,0.18181818181818182,0.18181818181818182,0.18,0.12,1.0,1.0,U18465,768
,0.0,0.0,0.0,0.0,0.0,0.0,0.0,0.0,0.22,0.12,1.0,1.0,U90423,768
0.9899497487437185,0.3333333333333333,0.5,0.5,0.1111111111111111,0.1111111111111111,0.1111111111111111,0.1111111111111111,0.1111111111111111,0.2,0.12,1.0,1.0,U87270,768
,0.0,0.0,0.0,0.0,0.0,0.0,0.0,0.0,0.04,0.02,1.0,1.0,U53073,768
,0.0,0.0,0.0,0.0,0.0,0.0,0.0,0.0,0.08,0.05,1.0,1.0,U80554,768
,0.0,0.0,0.0,0.0,0.0,0.0,0.0,0.0,0.1,0.09,1.0,1.0,U30600,768
,0.0,0.0,0.0,0.0,0.0,0.0,0.0,0.0,0.2,0.1,1.0,1.0,U27694,768
,0.0,0.0,0.0,0.0,0.0,0.0,0.0,0.0,0.1,0.06,1.0,1.0,U7338,768
,0.0,0.0,0.0,0.0,0.0,0.0,0.0,0.0,0.22,0.13,1.0,1.0,U91256,0
,0.0,0.0,0.0,0.0,0.0,0.0,0.0,0.0,0.1,0.07,1.0,1.0,U54886,768
,0.0,0.0,0.0,0.0,0.0,0.0,0.0,0.0,0.18,0.1,1.0,1.0,U5786,768
,0.0,0.0,0.0,0.0,0.0,0.0,0.0,0.0,0.1,0.07,1.0,1.0,U91426,768
,0.0,0.0,0.0,0.0,0.0,0.0,0.0,0.0,0.08,0.05,1.0,1.0,U85353,768
,0.0,0.0,0.0,0.0,0.0,0.0,0.0,0.0,0.14,0.11,1.0,1.0,U35036,768
,0.0,0.0,0.0,0.0,0.0,0.0,0.0,0.0,0.16,0.1,1.0,1.0,U53104,768
,0.0,0.0,0.0,0.0,0.0,0.0,0.0,0.0,0.04,0.04,1.0,1.0,U40351,768
,0.0,0.0,0.0,0.0,0.0,0.0,0.0,0.0,0.08,0.04,1.0,1.0,U4935,768
,0.0,0.0,0.0,0.0,0.0,0.0,0.0,0.0,0.18,0.12,1.0,1.0,U4051,768
,0.0,0.0,0.0,0.0,0.0,0.0,0.0,0.0,0.08,0.05,1.0,1.0,U32838,768
,0.0,0.0,0.0,0.0,0.0,0.0,0.0,0.0,0.16,0.13,1.0,1.0,U42351,768
,0.0,0.0,0.0,0.0,0.0,0.0,0.0,0.0,0.22,0.12,1.0,1.0,U35742,768
,0.0,0.0,0.0,0.0,0.0,0.0,0.0,0.0,0.16,0.12,1.0,1.0,U62382,768
,0.0,0.0,0.0,0.0,0.0,0.0,0.0,0.0,0.18,0.09,1.0,1.0,U15316,768
,0.0,0.0,0.0,0.0,0.0,0.0,0.0,0.0,0.16,0.1,1.0,1.0,U73075,768
,0.0,0.0,0.0,0.0,0.0,0.0,0.0,0.0,0.16,0.1,1.0,1.0,U54129,768
,0.0,0.0,0.0,0.0,0.0,0.0,0.0,0.0,0.14,0.09,1.0,1.0,U91566,768
,0.0,0.0,0.0,0.0,0.0,0.0,0.0,0.0,0.2,0.13,1.0,1.0,U4937,768
,0.0,0.0,0.0,0.0,0.0,0.0,0.0,0.0,0.1,0.06,1.0,1.0,U41827,768
,0.0,0.0,0.0,0.0,0.0,0.0,0.0,0.0,0.08,0.07,1.0,1.0,U34895,768
0.005025125628140704,0.005025125628140704,0.0,0.0,0.0,0.0,0.0,0.0,1.0,0.08,0.04,1.0,1.0,U89833,768
,0.0,0.0,0.0,0.0,0.0,0.0,0.0,0.0,0.22,0.12,1.0,1.0,U60251,768
,0.0,0.0,0.0,0.0,0.0,0.0,0.0,0.0,0.16,0.1,1.0,1.0,U74635,768
0.4221105527638191,0.008620689655172414,0.0,0.0,0.0,0.0,0.0,0.0,0.07142857142857142,0.22,0.12,1.0,1.0,U38911,768
,0.0,0.0,0.0,0.0,0.0,0.0,0.0,0.0,0.14,0.11,1.0,1.0,U55142,768
,0.0,0.0,0.0,0.0,0.0,0.0,0.0,0.0,0.1,0.07,1.0,1.0,U10478,768
0.3207070707070707,0.0125,0.0,0.0,0.0,0.0,0.0,0.2,0.4,0.04,0.02,1.0,1.0,U13496,768
,0.0,0.0,0.0,0.0,0.0,0.0,0.0,0.0,0.04,0.02,1.0,1.0,U77741,768
,0.0,0.0,0.0,0.0,0.0,0.0,0.0,0.0,0.18,0.13,1.0,1.0,U31585,768
,0.0,0.0,0.0,0.0,0.0,0.0,0.0,0.0,0.18,0.11,1.0,1.0,U37201,768
,0.0,0.0,0.0,0.0,0.0,0.0,0.0,0.0,0.16,0.1,1.0,1.0,U75968,768
,0.0,0.0,0.0,0.0,0.0,0.0,0.0,0.0,0.18,0.13,1.0,1.0,U89025,768
,0.0,0.0,0.0,0.0,0.0,0.0,0.0,0.0,0.1,0.06,1.0,1.0,U90495,768
,0.0,0.0,0.0,0.0,0.0,0.0,0.0,0.0,0.08,0.05,1.0,1.0,U34566,768
,0.0,0.0,0.0,0.0,0.0,0.0,0.0,0.0,0.08,0.05,1.0,1.0,U28292,768
,0.0,0.0,0.0,0.0,0.0,0.0,0.0,0.0,0.16,0.09,1.0,1.0,U93373,768
,0.0,0.0,0.0,0.0,0.0,0.0,0.0,0.0,0.22,0.13,1.0,1.0,U86568,768
,0.0,0.0,0.0,0.0,0.0,0.0,0.0,0.0,0.08,0.07,1.0,1.0,U50667,768
,0.0,0.0,0.0,0.0,0.0,0.0,0.0,0.0,0.18,0.13,1.0,1.0,U54899,768
,0.0,0.0,0.0,0.0,0.0,0.0,0.0,0.0,0.14,0.11,1.0,1.0,U90635,768
,0.0,0.0,0.0,0.0,0.0,0.0,0.0,0.0,0.16,0.12,1.0,1.0,U24691,768
,0.0,0.0,0.0,0.0,0.0,0.0,0.0,0.0,0.08,0.04,1.0,1.0,U21409,768
,0.0,0.0,0.0,0.0,0.0,0.0,0.0,0.0,0.2,0.11,1.0,1.0,U19644,768
,0.0,0.0,0.0,0.0,0.0,0.0,0.0,0.0,0.22,0.12,1.0,1.0,U35110,768
,0.0,0.0,0.0,0.0,0.0,0.0,0.0,0.0,0.04,0.03,1.0,1.0,U10045,768
,0.0,0.0,0.0,0.0,0.0,0.0,0.0,0.0,0.18,0.1,1.0,1.0,U89226,768
,0.0,0.0,0.0,0.0,0.0,0.0,0.0,0.0,0.18,0.13,1.0,1.0,U53356,768
,0.0,0.0,0.0,0.0,0.0,0.0,0.0,0.0,0.16,0.12,1.0,1.0,U46653,768
,0.0,0.0,0.0,0.0,0.0,0.0,0.0,0.0,0.1,0.08,1.0,1.0,U6016,768
,0.0,0.0,0.0,0.0,0.0,0.0,0.0,0.0,0.24,0.12,1.0,1.0,U52361,768
,0.0,0.0,0.0,0.0,0.0,0.0,0.0,0.0,0.12,0.11,1.0,1.0,U31390,768
,0.0,0.0,0.0,0.0,0.0,0.0,0.0,0.0,0.14,0.11,1.0,1.0,U63037,768
,0.0,0.0,0.0,0.0,0.0,0.0,0.0,0.0,0.18,0.13,1.0,1.0,U87812,768
,0.0,0.0,0.0,0.0,0.0,0.0,0.0,0.0,0.1,0.09,1.0,1.0,U24984,768
,0.0,0.0,0.0,0.0,0.0,0.0,0.0,0.0,0.16,0.12,1.0,1.0,U34081,768
,0.0,0.0,0.0,0.0,0.0,0.0,0.0,0.0,0.02,0.03,1.0,1.0,U37043,768
,0.0,0.0,0.0,0.0,0.0,0.0,0.0,0.0,0.12,0.09,1.0,1.0,U74360,768
,0.0,0.0,0.0,0.0,0.0,0.0,0.0,0.0,0.06,0.03,1.0,1.0,U38833,768
,0.0,0.0,0.0,0.0,0.0,0.0,0.0,0.0,0.06,0.04,1.0,1.0,U10936,768
,0.0,0.0,0.0,0.0,0.0,0.0,0.0,0.0,0.12,0.11,1.0,1.0,U25828,768
,0.0,0.0,0.0,0.0,0.0,0.0,0.0,0.0,0.02,0.03,1.0,1.0,U8619,768
,0.0,0.0,0.0,0.0,0.0,0.0,0.0,0.0,0.2,0.11,1.0,1.0,U79210,768
,0.0,0.0,0.0,0.0,0.0,0.0,0.0,0.0,0.04,0.03,1.0,1.0,U17037,768
,0.0,0.0,0.0,0.0,0.0,0.0,0.0,0.0,0.18,0.1,1.0,1.0,U40013,768
,0.0,0.0,0.0,0.0,0.0,0.0,0.0,0.0,0.06,0.03,1.0,1.0,U7167,768
,0.0,0.0,0.0,0.0,0.0,0.0,0.0,0.0,0.08,0.05,1.0,1.0,U27348,768
,0.0,0.0,0.0,0.0,0.0,0.0,0.0,0.0,0.16,0.08,1.0,1.0,U87671,768
,0.0,0.0,0.0,0.0,0.0,0.0,0.0,0.0,0.18,0.11,1.0,1.0,U88710,768
,0.0,0.0,0.0,0.0,0.0,0.0,0.0,0.0,0.18,0.11,1.0,1.0,U18048,768
,0.0,0.0,0.0,0.0,0.0,0.0,0.0,0.0,0.26,0.13,1.0,1.0,U53667,0
,0.0,0.0,0.0,0.0,0.0,0.0,0.0,0.0,0.16,0.1,1.0,1.0,U78966,768
,0.0,0.0,0.0,0.0,0.0,0.0,0.0,0.0,0.14,0.08,1.0,1.0,U1366,768
,0.0,0.0,0.0,0.0,0.0,0.0,0.0,0.0,0.2,0.11,1.0,1.0,U32436,768
,0.0,0.0,0.0,0.0,0.0,0.0,0.0,0.0,0.24,0.12,1.0,1.0,U61461,0
,0.0,0.0,0.0,0.0,0.0,0.0,0.0,0.0,0.04,0.02,1.0,1.0,U78661,768
,0.0,0.0,0.0,0.0,0.0,0.0,0.0,0.0,0.2,0.1,1.0,1.0,U31410,768
0.4221105527638191,0.008620689655172414,0.0,0.0,0.0,0.0,0.0,0.0,0.2,0.2,0.12,1.0,1.0,U47366,768
,0.0,0.0,0.0,0.0,0.0,0.0,0.0,0.0,0.18,0.1,1.0,1.0,U66680,768
,0.0,0.0,0.0,0.0,0.0,0.0,0.0,0.0,0.22,0.14,1.0,1.0,U39701,768
,0.0,0.0,0.0,0.0,0.0,0.0,0.0,0.0,0.16,0.12,1.0,1.0,U67531,768
,0.0,0.0,0.0,0.0,0.0,0.0,0.0,0.0,0.12,0.11,1.0,1.0,U84029,768
,0.0,0.0,0.0,0.0,0.0,0.0,0.0,0.0,0.18,0.09,1.0,1.0,U67774,768
,0.0,0.0,0.0,0.0,0.0,0.0,0.0,0.0,0.06,0.04,1.0,1.0,U88977,768
,0.0,0.0,0.0,0.0,0.0,0.0,0.0,0.0,0.12,0.11,1.0,1.0,U4057,768
,0.0,0.0,0.0,0.0,0.0,0.0,0.0,0.0,0.16,0.12,1.0,1.0,U93492,768
,0.0,0.0,0.0,0.0,0.0,0.0,0.0,0.0,0.16,0.09,1.0,1.0,U1019,768
,0.0,0.0,0.0,0.0,0.0,0.0,0.0,0.0,0.14,0.11,1.0,1.0,U2952,768
,0.0,0.0,0.0,0.0,0.0,0.0,0.0,0.0,0.2,0.12,1.0,1.0,U49018,768
,0.0,0.0,0.0,0.0,0.0,0.0,0.0,0.0,0.16,0.09,1.0,1.0,U43262,768
,0.0,0.0,0.0,0.0,0.0,0.0,0.0,0.0,0.16,0.09,1.0,1.0,U48586,768
,0.0,0.0,0.0,0.0,0.0,0.0,0.0,0.0,0.2,0.11,1.0,1.0,U41618,768
0.18090452261306533,0.006097560975609756,0.0,0.0,0.0,0.0,0.0,0.0,0.25,0.1,0.09,1.0,1.0,U69566,768
,0.0,0.0,0.0,0.0,0.0,0.0,0.0,0.0,0.08,0.07,1.0,1.0,U69854,768
,0.0,0.0,0.0,0.0,0.0,0.0,0.0,0.0,0.2,0.13,1.0,1.0,U40843,0
,0.0,0.0,0.0,0.0,0.0,0.0,0.0,0.0,0.12,0.1,1.0,1.0,U11894,768
0.12060301507537688,0.005681818181818182,0.0,0.0,0.0,0.0,0.0,0.0,0.25,0.16,0.09,1.0,1.0,U48308,768
,0.0,0.0,0.0,0.0,0.0,0.0,0.0,0.0,0.22,0.13,1.0,1.0,U80639,768
,0.0,0.0,0.0,0.0,0.0,0.0,0.0,0.0,0.04,0.02,1.0,1.0,U10332,768
,0.0,0.0,0.0,0.0,0.0,0.0,0.0,0.0,0.18,0.11,1.0,1.0,U20507,768
,0.0,0.0,0.0,0.0,0.0,0.0,0.0,0.0,0.14,0.1,1.0,1.0,U75217,768
,0.0,0.0,0.0,0.0,0.0,0.0,0.0,0.0,0.24,0.12,1.0,1.0,U56441,768
,0.0,0.0,0.0,0.0,0.0,0.0,0.0,0.0,0.02,0.02,1.0,1.0,U93088,768
,0.0,0.0,0.0,0.0,0.0,0.0,0.0,0.0,0.16,0.11,1.0,1.0,U37808,768
,0.0,0.0,0.0,0.0,0.0,0.0,0.0,0.0,0.04,0.03,1.0,1.0,U66311,768
0.3316582914572864,0.007462686567164179,0.0,0.0,0.0,0.0,0.0,0.0,0.3333333333333333,0.2,0.11,1.0,1.0,U33399,768
,0.0,0.0,0.0,0.0,0.0,0.0,0.0,0.0,0.14,0.09,1.0,1.0,U21980,768
,0.0,0.0,0.0,0.0,0.0,0.0,0.0,0.0,0.18,0.1,1.0,1.0,U68092,768
0.4623115577889447,0.009259259259259259,0.0,0.0,0.0,0.0,0.0,0.0,0.5,0.12,0.09,1.0,1.0,U9545,768
,0.0,0.0,0.0,0.0,0.0,0.0,0.0,0.0,0.18,0.11,1.0,1.0,U40065,768
,0.0,0.0,0.0,0.0,0.0,0.0,0.0,0.0,0.16,0.11,1.0,1.0,U53984,768
,0.0,0.0,0.0,0.0,0.0,0.0,0.0,0.0,0.18,0.11,1.0,1.0,U52125,768
,0.0,0.0,0.0,0.0,0.0,0.0,0.0,0.0,0.2,0.12,1.0,1.0,U13009,768
,0.0,0.0,0.0,0.0,0.0,0.0,0.0,0.0,0.1,0.07,1.0,1.0,U19731,768
,0.0,0.0,0.0,0.0,0.0,0.0,0.0,0.0,0.16,0.12,1.0,1.0,U48444,768
,0.0,0.0,0.0,0.0,0.0,0.0,0.0,0.0,0.12,0.08,1.0,1.0,U622,768
,0.0,0.0,0.0,0.0,0.0,0.0,0.0,0.0,0.2,0.13,1.0,1.0,U74874,0
,0.0,0.0,0.0,0.0,0.0,0.0,0.0,0.0,0.08,0.07,1.0,1.0,U46642,768
,0.0,0.0,0.0,0.0,0.0,0.0,0.0,0.0,0.06,0.04,1.0,1.0,U33366,768
,0.0,0.0,0.0,0.0,0.0,0.0,0.0,0.0,0.2,0.1,1.0,1.0,U81199,768
,0.0,0.0,0.0,0.0,0.0,0.0,0.0,0.0,0.12,0.07,1.0,1.0,U20748,768
0.19597989949748743,0.006211180124223602,0.0,0.0,0.0,0.0,0.0,0.0,0.2,0.06,0.04,1.0,1.0,U17271,768
,0.0,0.0,0.0,0.0,0.0,0.0,0.0,0.0,0.22,0.13,1.0,1.0,U37889,768
,0.0,0.0,0.0,0.0,0.0,0.0,0.0,0.0,0.12,0.09,1.0,1.0,U79449,768
,0.0,0.0,0.0,0.0,0.0,0.0,0.0,0.0,0.16,0.1,1.0,1.0,U28700,768
,0.0,0.0,0.0,0.0,0.0,0.0,0.0,0.0,0.1,0.08,1.0,1.0,U4694,768
,0.0,0.0,0.0,0.0,0.0,0.0,0.0,0.0,0.14,0.08,1.0,1.0,U55252,768
,0.0,0.0,0.0,0.0,0.0,0.0,0.0,0.0,0.18,0.12,1.0,1.0,U35450,768
,0.0,0.0,0.0,0.0,0.0,0.0,0.0,0.0,0.14,0.09,1.0,1.0,U2463,768
,0.0,0.0,0.0,0.0,0.0,0.0,0.0,0.0,0.16,0.12,1.0,1.0,U2160,768
,0.0,0.0,0.0,0.0,0.0,0.0,0.0,0.0,0.1,0.11,1.0,1.0,U36827,768
,0.0,0.0,0.0,0.0,0.0,0.0,0.0,0.0,0.22,0.11,1.0,1.0,U26646,768
,0.0,0.0,0.0,0.0,0.0,0.0,0.0,0.0,0.12,0.09,1.0,1.0,U66619,768
,0.0,0.0,0.0,0.0,0.0,0.0,0.0,0.0,0.16,0.13,1.0,1.0,U54806,768
,0.0,0.0,0.0,0.0,0.0,0.0,0.0,0.0,0.12,0.08,1.0,1.0,U38342,768
0.07035175879396985,0.005376344086021506,0.0,0.0,0.0,0.0,0.0,0.0,0.3333333333333333,0.2,0.13,1.0,1.0,U36846,768
0.9346733668341709,0.07142857142857142,0.0,0.0,0.0,0.0,0.3333333333333333,0.3333333333333333,0.3333333333333333,0.2,0.1,1.0,1.0,U32268,768
,0.0,0.0,0.0,0.0,0.0,0.0,0.0,0.0,0.16,0.12,1.0,1.0,U1612,768
,0.0,0.0,0.0,0.0,0.0,0.0,0.0,0.0,0.1,0.1,1.0,1.0,U12633,768
,0.0,0.0,0.0,0.0,0.0,0.0,0.0,0.0,0.16,0.1,1.0,1.0,U18815,768
,0.0,0.0,0.0,0.0,0.0,0.0,0.0,0.0,0.16,0.09,1.0,1.0,U57117,768
,0.0,0.0,0.0,0.0,0.0,0.0,0.0,0.0,0.08,0.07,1.0,1.0,U45324,768
,0.0,0.0,0.0,0.0,0.0,0.0,0.0,0.0,0.18,0.13,1.0,1.0,U46199,768
,0.0,0.0,0.0,0.0,0.0,0.0,0.0,0.0,0.2,0.11,1.0,1.0,U61181,768
,0.0,0.0,0.0,0.0,0.0,0.0,0.0,0.0,0.04,0.05,1.0,1.0,U42253,768
,0.0,0.0,0.0,0.0,0.0,0.0,0.0,0.0,0.16,0.1,1.0,1.0,U71092,768
,0.0,0.0,0.0,0.0,0.0,0.0,0.0,0.0,0.16,0.11,1.0,1.0,U28185,768
,0.0,0.0,0.0,0.0,0.0,0.0,0.0,0.0,0.16,0.09,1.0,1.0,U11547,768
,0.0,0.0,0.0,0.0,0.0,0.0,0.0,0.0,0.18,0.11,1.0,1.0,U50535,768
,0.0,0.0,0.0,0.0,0.0,0.0,0.0,0.0,0.14,0.1,1.0,1.0,U13844,768
,0.0,0.0,0.0,0.0,0.0,0.0,0.0,0.0,0.18,0.12,1.0,1.0,U83199,768
,0.0,0.0,0.0,0.0,0.0,0.0,0.0,0.0,0.16,0.1,1.0,1.0,U8303,768
,0.0,0.0,0.0,0.0,0.0,0.0,0.0,0.0,0.22,0.12,1.0,1.0,U89655,768
,0.0,0.0,0.0,0.0,0.0,0.0,0.0,0.0,0.18,0.12,1.0,1.0,U67330,768
,0.0,0.0,0.0,0.0,0.0,0.0,0.0,0.0,0.1,0.07,1.0,1.0,U32359,768
,0.0,0.0,0.0,0.0,0.0,0.0,0.0,0.0,0.16,0.12,1.0,1.0,U76362,768
,0.0,0.0,0.0,0.0,0.0,0.0,0.0,0.0,0.14,0.09,1.0,1.0,U90201,768
,0.0,0.0,0.0,0.0,0.0,0.0,0.0,0.0,0.22,0.13,1.0,1.0,U81791,0
,0.0,0.0,0.0,0.0,0.0,0.0,0.0,0.0,0.22,0.12,1.0,1.0,U73614,768
,0.0,0.0,0.0,0.0,0.0,0.0,0.0,0.0,0.16,0.14,1.0,1.0,U90982,768
,0.0,0.0,0.0,0.0,0.0,0.0,0.0,0.0,0.16,0.1,1.0,1.0,U44201,768
,0.0,0.0,0.0,0.0,0.0,0.0,0.0,0.0,0.14,0.1,1.0,1.0,U57366,768
,0.0,0.0,0.0,0.0,0.0,0.0,0.0,0.0,0.16,0.08,1.0,1.0,U20288,768
,0.0,0.0,0.0,0.0,0.0,0.0,0.0,0.0,0.1,0.06,1.0,1.0,U21810,768
,0.0,0.0,0.0,0.0,0.0,0.0,0.0,0.0,0.16,0.1,1.0,1.0,U14154,768
0.9547738693467337,0.1,0.0,0.2890648263178879,0.0,0.5,0.5,0.5,0.5,0.06,0.03,1.0,1.0,U9462,768
,0.0,0.0,0.0,0.0,0.0,0.0,0.0,0.0,0.14,0.1,1.0,1.0,U89062,768
,0.0,0.0,0.0,0.0,0.0,0.0,0.0,0.0,0.2,0.13,1.0,1.0,U68763,768
,0.0,0.0,0.0,0.0,0.0,0.0,0.0,0.0,0.2,0.12,1.0,1.0,U93296,768
,0.0,0.0,0.0,0.0,0.0,0.0,0.0,0.0,0.14,0.09,1.0,1.0,U48344,768
,0.0,0.0,0.0,0.0,0.0,0.0,0.0,0.0,0.18,0.12,1.0,1.0,U89270,768
,0.0,0.0,0.0,0.0,0.0,0.0,0.0,0.0,0.2,0.1,1.0,1.0,U29514,768
0.5979899497487438,0.012345679012345678,0.0,0.0,0.0,0.0,0.0,0.1111111111111111,0.1111111111111111,0.16,0.13,1.0,1.0,U16144,768
,0.0,0.0,0.0,0.0,0.0,0.0,0.0,0.0,0.18,0.11,1.0,1.0,U24512,768
0.5376884422110553,0.010752688172043012,0.0,0.0,0.0,0.0,0.0,0.2,0.2,0.2,0.11,1.0,1.0,U58380,768
,0.0,0.0,0.0,0.0,0.0,0.0,0.0,0.0,0.18,0.11,1.0,1.0,U19340,768
0.4221105527638191,0.008620689655172414,0.0,0.0,0.0,0.0,0.0,0.0,0.09090909090909091,0.2,0.12,1.0,1.0,U71454,768
,0.0,0.0,0.0,0.0,0.0,0.0,0.0,0.0,0.14,0.1,1.0,1.0,U88771,768
,0.0,0.0,0.0,0.0,0.0,0.0,0.0,0.0,0.16,0.1,1.0,1.0,U70693,768
,0.0,0.0,0.0,0.0,0.0,0.0,0.0,0.0,0.14,0.07,1.0,1.0,U63093,768
,0.0,0.0,0.0,0.0,0.0,0.0,0.0,0.0,0.14,0.09,1.0,1.0,U11304,768
,0.0,0.0,0.0,0.0,0.0,0.0,0.0,0.0,0.2,0.12,1.0,1.0,U52939,768
,0.0,0.0,0.0,0.0,0.0,0.0,0.0,0.0,0.18,0.12,1.0,1.0,U74929,768
0.7788944723618091,0.022222222222222223,0.0,0.0,0.0,0.0,0.05555555555555555,0.05555555555555555,0.05555555555555555,0.16,0.11,1.0,1.0,U68479,768
,0.0,0.0,0.0,0.0,0.0,0.0,0.0,0.0,0.16,0.11,1.0,1.0,U63351,768
,0.0,0.0,0.0,0.0,0.0,0.0,0.0,0.0,0.1,0.06,1.0,1.0,U33624,768
,0.0,0.0,0.0,0.0,0.0,0.0,0.0,0.0,0.18,0.11,1.0,1.0,U55149,768
,0.0,0.0,0.0,0.0,0.0,0.0,0.0,0.0,0.18,0.09,1.0,1.0,U16433,768
,0.0,0.0,0.0,0.0,0.0,0.0,0.0,0.0,0.14,0.1,1.0,1.0,U43261,768
,0.0,0.0,0.0,0.0,0.0,0.0,0.0,0.0,0.16,0.09,1.0,1.0,U5515,768
,0.0,0.0,0.0,0.0,0.0,0.0,0.0,0.0,0.18,0.09,1.0,1.0,U2985,768
,0.0,0.0,0.0,0.0,0.0,0.0,0.0,0.0,0.06,0.03,1.0,1.0,U90999,768
,0.0,0.0,0.0,0.0,0.0,0.0,0.0,0.0,0.12,0.07,1.0,1.0,U72687,768
,0.0,0.0,0.0,0.0,0.0,0.0,0.0,0.0,0.16,0.11,1.0,1.0,U56621,768
,0.0,0.0,0.0,0.0,0.0,0.0,0.0,0.0,0.22,0.11,1.0,1.0,U29036,768
0.5527638190954773,0.011111111111111112,0.0,0.0,0.0,0.0,0.0,0.14285714285714285,0.14285714285714285,0.18,0.11,1.0,1.0,U42773,768
,0.0,0.0,0.0,0.0,0.0,0.0,0.0,0.0,0.18,0.11,1.0,1.0,U28768,768
,0.0,0.0,0.0,0.0,0.0,0.0,0.0,0.0,0.2,0.11,1.0,1.0,U6535,768
,0.0,0.0,0.0,0.0,0.0,0.0,0.0,0.0,0.2,0.12,1.0,1.0,U459,768
,0.0,0.0,0.0,0.0,0.0,0.0,0.0,0.0,0.18,0.1,1.0,1.0,U70675,768
,0.0,0.0,0.0,0.0,0.0,0.0,0.0,0.0,0.2,0.12,1.0,1.0,U48290,768
1.0,1.0,1.0,1.0,1.0,1.0,1.0,1.0,1.0,0.18,0.12,1.0,1.0,U44415,768
,0.0,0.0,0.0,0.0,0.0,0.0,0.0,0.0,0.12,0.07,1.0,1.0,U49543,768
,0.0,0.0,0.0,0.0,0.0,0.0,0.0,0.0,0.18,0.12,1.0,1.0,U92387,768
,0.0,0.0,0.0,0.0,0.0,0.0,0.0,0.0,0.18,0.1,1.0,1.0,U86048,768
,0.0,0.0,0.0,0.0,0.0,0.0,0.0,0.0,0.2,0.12,1.0,1.0,U86153,768
,0.0,0.0,0.0,0.0,0.0,0.0,0.0,0.0,0.14,0.1,1.0,1.0,U66215,768
,0.0,0.0,0.0,0.0,0.0,0.0,0.0,0.0,0.08,0.06,1.0,1.0,U73038,768
,0.0,0.0,0.0,0.0,0.0,0.0,0.0,0.0,0.14,0.09,1.0,1.0,U82427,768
,0.0,0.0,0.0,0.0,0.0,0.0,0.0,0.0,0.04,0.03,1.0,1.0,U52453,768
,0.0,0.0,0.0,0.0,0.0,0.0,0.0,0.0,0.2,0.12,1.0,1.0,U78929,768
,0.0,0.0,0.0,0.0,0.0,0.0,0.0,0.0,0.22,0.11,1.0,1.0,U51410,0
,0.0,0.0,0.0,0.0,0.0,0.0,0.0,0.0,0.1,0.07,1.0,1.0,U61960,768
,0.0,0.0,0.0,0.0,0.0,0.0,0.0,0.0,0.1,0.07,1.0,1.0,U23761,768
,0.0,0.0,0.0,0.0,0.0,0.0,0.0,0.0,0.14,0.13,1.0,1.0,U4361,768
,0.0,0.0,0.0,0.0,0.0,0.0,0.0,0.0,0.06,0.03,1.0,1.0,U7780,768
,0.0,0.0,0.0,0.0,0.0,0.0,0.0,0.0,0.1,0.08,1.0,1.0,U8618,768
,0.0,0.0,0.0,0.0,0.0,0.0,0.0,0.0,0.14,0.12,1.0,1.0,U7489,768
,0.0,0.0,0.0,0.0,0.0,0.0,0.0,0.0,0.2,0.11,1.0,1.0,U79204,768
,0.0,0.0,0.0,0.0,0.0,0.0,0.0,0.0,0.04,0.02,1.0,1.0,U66430,768
,0.0,0.0,0.0,0.0,0.0,0.0,0.0,0.0,0.12,0.08,1.0,1.0,U43153,768
,0.0,0.0,0.0,0.0,0.0,0.0,0.0,0.0,0.06,0.08,1.0,1.0,U37204,768
,0.0,0.0,0.0,0.0,0.0,0.0,0.0,0.0,0.02,0.04,1.0,1.0,U68634,768
,0.0,0.0,0.0,0.0,0.0,0.0,0.0,0.0,0.14,0.11,1.0,1.0,U41275,768
0.41708542713567837,0.008547008547008548,0.0,0.0,0.0,0.0,0.0,0.0,0.25,0.2,0.11,1.0,1.0,U46028,768
,0.0,0.0,0.0,0.0,0.0,0.0,0.0,0.0,0.16,0.11,1.0,1.0,U57776,768
,0.0,0.0,0.0,0.0,0.0,0.0,0.0,0.0,0.04,0.02,1.0,1.0,U58311,768
,0.0,0.0,0.0,0.0,0.0,0.0,0.0,0.0,0.08,0.05,1.0,1.0,U76944,768
,0.0,0.0,0.0,0.0,0.0,0.0,0.0,0.0,0.14,0.09,1.0,1.0,U52450,768
,0.0,0.0,0.0,0.0,0.0,0.0,0.0,0.0,0.02,0.02,1.0,1.0,U35383,768
,0.0,0.0,0.0,0.0,0.0,0.0,0.0,0.0,0.16,0.1,1.0,1.0,U91244,768
,0.0,0.0,0.0,0.0,0.0,0.0,0.0,0.0,0.08,0.06,1.0,1.0,U72869,768
,0.0,0.0,0.0,0.0,0.0,0.0,0.0,0.0,0.2,0.1,1.0,1.0,U39722,768
,0.0,0.0,0.0,0.0,0.0,0.0,0.0,0.0,0.24,0.13,1.0,1.0,U66841,0
,0.0,0.0,0.0,0.0,0.0,0.0,0.0,0.0,0.22,0.12,1.0,1.0,U40469,768
,0.0,0.0,0.0,0.0,0.0,0.0,0.0,0.0,0.08,0.07,1.0,1.0,U19827,768
,0.0,0.0,0.0,0.0,0.0,0.0,0.0,0.0,0.08,0.07,1.0,1.0,U45450,768
,0.0,0.0,0.0,0.0,0.0,0.0,0.0,0.0,0.22,0.12,1.0,1.0,U73026,768
,0.0,0.0,0.0,0.0,0.0,0.0,0.0,0.0,0.18,0.1,1.0,1.0,U8416,768
,0.0,0.0,0.0,0.0,0.0,0.0,0.0,0.0,0.18,0.11,1.0,1.0,U77149,768
,0.0,0.0,0.0,0.0,0.0,0.0,0.0,0.0,0.18,0.1,1.0,1.0,U63882,768
,0.0,0.0,0.0,0.0,0.0,0.0,0.0,0.0,0.22,0.12,1.0,1.0,U6868,768
,0.0,0.0,0.0,0.0,0.0,0.0,0.0,0.0,0.22,0.11,1.0,1.0,U86129,768
,0.0,0.0,0.0,0.0,0.0,0.0,0.0,0.0,0.18,0.12,1.0,1.0,U93504,768
,0.0,0.0,0.0,0.0,0.0,0.0,0.0,0.0,0.02,0.03,1.0,1.0,U4929,768
,0.0,0.0,0.0,0.0,0.0,0.0,0.0,0.0,0.18,0.12,1.0,1.0,U42668,768
,0.0,0.0,0.0,0.0,0.0,0.0,0.0,0.0,0.1,0.07,1.0,1.0,U45028,768
,0.0,0.0,0.0,0.0,0.0,0.0,0.0,0.0,0.1,0.08,1.0,1.0,U78120,768
,0.0,0.0,0.0,0.0,0.0,0.0,0.0,0.0,0.04,0.02,1.0,1.0,U43896,768
,0.0,0.0,0.0,0.0,0.0,0.0,0.0,0.0,0.18,0.13,1.0,1.0,U58640,768
,0.0,0.0,0.0,0.0,0.0,0.0,0.0,0.0,0.14,0.1,1.0,1.0,U36912,768
,0.0,0.0,0.0,0.0,0.0,0.0,0.0,0.0,0.2,0.12,1.0,1.0,U45205,768
,0.0,0.0,0.0,0.0,0.0,0.0,0.0,0.0,0.16,0.09,1.0,1.0,U87552,768
,0.0,0.0,0.0,0.0,0.0,0.0,0.0,0.0,0.16,0.09,1.0,1.0,U11340,768
,0.0,0.0,0.0,0.0,0.0,0.0,0.0,0.0,0.16,0.11,1.0,1.0,U5761,768
,0.0,0.0,0.0,0.0,0.0,0.0,0.0,0.0,0.18,0.1,1.0,1.0,U17242,768
,0.0,0.0,0.0,0.0,0.0,0.0,0.0,0.0,0.12,0.09,1.0,1.0,U54373,768
,0.0,0.0,0.0,0.0,0.0,0.0,0.0,0.0,0.18,0.09,1.0,1.0,U25826,768
,0.0,0.0,0.0,0.0,0.0,0.0,0.0,0.0,0.04,0.02,1.0,1.0,U53134,768
0.9849246231155779,0.25,0.43067655807339306,0.43067655807339306,0.1111111111111111,0.1111111111111111,0.1111111111111111,0.1111111111111111,0.1111111111111111,0.16,0.11,1.0,1.0,U63394,768
,0.0,0.0,0.0,0.0,0.0,0.0,0.0,0.0,0.16,0.1,1.0,1.0,U26996,768
,0.0,0.0,0.0,0.0,0.0,0.0,0.0,0.0,0.1,0.08,1.0,1.0,U59998,768
,0.0,0.0,0.0,0.0,0.0,0.0,0.0,0.0,0.12,0.11,1.0,1.0,U32445,768
,0.0,0.0,0.0,0.0,0.0,0.0,0.0,0.0,0.04,0.03,1.0,1.0,U84566,768
,0.0,0.0,0.0,0.0,0.0,0.0,0.0,0.0,0.2,0.12,1.0,1.0,U6931,768
,0.0,0.0,0.0,0.0,0.0,0.0,0.0,0.0,0.22,0.12,1.0,1.0,U26095,768
,0.0,0.0,0.0,0.0,0.0,0.0,0.0,0.0,0.16,0.09,1.0,1.0,U50472,768
,0.0,0.0,0.0,0.0,0.0,0.0,0.0,0.0,0.16,0.11,1.0,1.0,U14536,768
,0.0,0.0,0.0,0.0,0.0,0.0,0.0,0.0,0.2,0.13,1.0,1.0,U4923,768
,0.0,0.0,0.0,0.0,0.0,0.0,0.0,0.0,0.16,0.08,1.0,1.0,U47840,768
0.5202020202020202,0.0125,0.0,0.0,0.0,0.0,0.0,0.2,0.4,0.16,0.1,1.0,1.0,U69139,768
,0.0,0.0,0.0,0.0,0.0,0.0,0.0,0.0,0.12,0.07,1.0,1.0,U2135,768
,0.0,0.0,0.0,0.0,0.0,0.0,0.0,0.0,0.16,0.1,1.0,1.0,U5867,768
,0.0,0.0,0.0,0.0,0.0,0.0,0.0,0.0,0.12,0.07,1.0,1.0,U54766,768
,0.0,0.0,0.0,0.0,0.0,0.0,0.0,0.0,0.22,0.14,1.0,1.0,U9506,0
,0.0,0.0,0.0,0.0,0.0,0.0,0.0,0.0,0.16,0.12,1.0,1.0,U71849,768
,0.0,0.0,0.0,0.0,0.0,0.0,0.0,0.0,0.02,0.02,1.0,1.0,U89847,768
,0.0,0.0,0.0,0.0,0.0,0.0,0.0,0.0,0.14,0.12,1.0,1.0,U88960,768
,0.0,0.0,0.0,0.0,0.0,0.0,0.0,0.0,0.22,0.12,1.0,1.0,U83857,768
,0.0,0.0,0.0,0.0,0.0,0.0,0.0,0.0,0.08,0.04,1.0,1.0,U16572,768
,0.0,0.0,0.0,0.0,0.0,0.0,0.0,0.0,0.18,0.1,1.0,1.0,U57462,768
,0.0,0.0,0.0,0.0,0.0,0.0,0.0,0.0,0.16,0.1,1.0,1.0,U75496,768
,0.0,0.0,0.0,0.0,0.0,0.0,0.0,0.0,0.16,0.1,1.0,1.0,U85878,768
,0.0,0.0,0.0,0.0,0.0,0.0,0.0,0.0,0.14,0.13,1.0,1.0,U44099,768
,0.0,0.0,0.0,0.0,0.0,0.0,0.0,0.0,0.12,0.06,1.0,1.0,U16251,768
,0.0,0.0,0.0,0.0,0.0,0.0,0.0,0.0,0.16,0.12,1.0,1.0,U78442,768
,0.0,0.0,0.0,0.0,0.0,0.0,0.0,0.0,0.18,0.1,1.0,1.0,U91652,768
,0.0,0.0,0.0,0.0,0.0,0.0,0.0,0.0,0.1,0.08,1.0,1.0,U41278,768
,0.0,0.0,0.0,0.0,0.0,0.0,0.0,0.0,0.16,0.09,1.0,1.0,U88677,768
,0.0,0.0,0.0,0.0,0.0,0.0,0.0,0.0,0.06,0.04,1.0,1.0,U37519,768
,0.0,0.0,0.0,0.0,0.0,0.0,0.0,0.0,0.18,0.09,1.0,1.0,U10773,768
,0.0,0.0,0.0,0.0,0.0,0.0,0.0,0.0,0.14,0.1,1.0,1.0,U21689,768
,0.0,0.0,0.0,0.0,0.0,0.0,0.0,0.0,0.24,0.12,1.0,1.0,U66505,768
,0.0,0.0,0.0,0.0,0.0,0.0,0.0,0.0,0.2,0.11,1.0,1.0,U63474,768
,0.0,0.0,0.0,0.0,0.0,0.0,0.0,0.0,0.16,0.09,1.0,1.0,U32102,768
,0.0,0.0,0.0,0.0,0.0,0.0,0.0,0.0,0.2,0.12,1.0,1.0,U41423,768
,0.0,0.0,0.0,0.0,0.0,0.0,0.0,0.0,0.1,0.06,1.0,1.0,U7538,768
0.9949748743718593,0.5,0.6309297535714575,0.6309297535714575,1.0,1.0,1.0,1.0,1.0,0.2,0.11,1.0,1.0,U37322,768
,0.0,0.0,0.0,0.0,0.0,0.0,0.0,0.0,0.18,0.1,1.0,1.0,U9546,768
,0.0,0.0,0.0,0.0,0.0,0.0,0.0,0.0,0.2,0.11,1.0,1.0,U11858,768
,0.0,0.0,0.0,0.0,0.0,0.0,0.0,0.0,0.06,0.03,1.0,1.0,U37549,768
,0.0,0.0,0.0,0.0,0.0,0.0,0.0,0.0,0.04,0.03,1.0,1.0,U45231,768
,0.0,0.0,0.0,0.0,0.0,0.0,0.0,0.0,0.22,0.12,1.0,1.0,U23912,0
,0.0,0.0,0.0,0.0,0.0,0.0,0.0,0.0,0.2,0.11,1.0,1.0,U1608,768
,0.0,0.0,0.0,0.0,0.0,0.0,0.0,0.0,0.12,0.08,1.0,1.0,U29068,768
,0.0,0.0,0.0,0.0,0.0,0.0,0.0,0.0,0.24,0.14,1.0,1.0,U52931,768
,0.0,0.0,0.0,0.0,0.0,0.0,0.0,0.0,0.1,0.06,1.0,1.0,U89163,768
,0.0,0.0,0.0,0.0,0.0,0.0,0.0,0.0,0.2,0.11,1.0,1.0,U50239,768
,0.0,0.0,0.0,0.0,0.0,0.0,0.0,0.0,0.16,0.11,1.0,1.0,U30227,768
,0.0,0.0,0.0,0.0,0.0,0.0,0.0,0.0,0.14,0.08,1.0,1.0,U34724,768
,0.0,0.0,0.0,0.0,0.0,0.0,0.0,0.0,0.16,0.1,1.0,1.0,U74287,768
,0.0,0.0,0.0,0.0,0.0,0.0,0.0,0.0,0.14,0.1,1.0,1.0,U65802,768
,0.0,0.0,0.0,0.0,0.0,0.0,0.0,0.0,0.18,0.12,1.0,1.0,U36280,768
,0.0,0.0,0.0,0.0,0.0,0.0,0.0,0.0,0.1,0.06,1.0,1.0,U65362,768
,0.0,0.0,0.0,0.0,0.0,0.0,0.0,0.0,0.12,0.08,1.0,1.0,U89852,768
,0.0,0.0,0.0,0.0,0.0,0.0,0.0,0.0,0.04,0.04,1.0,1.0,U5628,768
,0.0,0.0,0.0,0.0,0.0,0.0,0.0,0.0,0.2,0.11,1.0,1.0,U58811,768
0.9798994974874372,0.2,0.38685280723454163,0.38685280723454163,0.2,0.2,0.2,0.2,0.2,0.24,0.12,1.0,1.0,U33575,768
,0.0,0.0,0.0,0.0,0.0,0.0,0.0,0.0,0.16,0.09,1.0,1.0,U82522,768
,0.0,0.0,0.0,0.0,0.0,0.0,0.0,0.0,0.2,0.1,1.0,1.0,U90041,768
,0.0,0.0,0.0,0.0,0.0,0.0,0.0,0.0,0.18,0.09,1.0,1.0,U335,768
,0.0,0.0,0.0,0.0,0.0,0.0,0.0,0.0,0.02,0.02,1.0,1.0,U75837,768
,0.0,0.0,0.0,0.0,0.0,0.0,0.0,0.0,0.1,0.06,1.0,1.0,U51017,768
,0.0,0.0,0.0,0.0,0.0,0.0,0.0,0.0,0.04,0.03,1.0,1.0,U53068,768
,0.0,0.0,0.0,0.0,0.0,0.0,0.0,0.0,0.18,0.11,1.0,1.0,U58783,768
0.7196969696969697,0.08333333333333333,0.0,0.0,0.0,0.0,0.1111111111111111,0.1111111111111111,0.2222222222222222,0.18,0.12,1.0,1.0,U84434,768
,0.0,0.0,0.0,0.0,0.0,0.0,0.0,0.0,0.1,0.07,1.0,1.0,U77977,768
,0.0,0.0,0.0,0.0,0.0,0.0,0.0,0.0,0.22,0.13,1.0,1.0,U7259,768
0.035175879396984924,0.0051813471502590676,0.0,0.0,0.0,0.0,0.0,0.0,1.0,0.18,0.11,1.0,1.0,U28244,768
,0.0,0.0,0.0,0.0,0.0,0.0,0.0,0.0,0.16,0.11,1.0,1.0,U72280,768
,0.0,0.0,0.0,0.0,0.0,0.0,0.0,0.0,0.18,0.11,1.0,1.0,U28462,768
,0.0,0.0,0.0,0.0,0.0,0.0,0.0,0.0,0.2,0.11,1.0,1.0,U29622,768
,0.0,0.0,0.0,0.0,0.0,0.0,0.0,0.0,0.06,0.03,1.0,1.0,U70297,768
,0.0,0.0,0.0,0.0,0.0,0.0,0.0,0.0,0.1,0.07,1.0,1.0,U20995,768
,0.0,0.0,0.0,0.0,0.0,0.0,0.0,0.0,0.18,0.1,1.0,1.0,U22204,768
,0.0,0.0,0.0,0.0,0.0,0.0,0.0,0.0,0.18,0.11,1.0,1.0,U26044,768
,0.0,0.0,0.0,0.0,0.0,0.0,0.0,0.0,0.18,0.13,1.0,1.0,U22,768
,0.0,0.0,0.0,0.0,0.0,0.0,0.0,0.0,0.16,0.1,1.0,1.0,U3347,768
,0.0,0.0,0.0,0.0,0.0,0.0,0.0,0.0,0.14,0.09,1.0,1.0,U80238,768
,0.0,0.0,0.0,0.0,0.0,0.0,0.0,0.0,0.1,0.09,1.0,1.0,U28941,768
,0.0,0.0,0.0,0.0,0.0,0.0,0.0,0.0,0.18,0.11,1.0,1.0,U47545,768
,0.0,0.0,0.0,0.0,0.0,0.0,0.0,0.0,0.18,0.1,1.0,1.0,U80193,768
,0.0,0.0,0.0,0.0,0.0,0.0,0.0,0.0,0.26,0.14,1.0,1.0,U61092,768
,0.0,0.0,0.0,0.0,0.0,0.0,0.0,0.0,0.16,0.09,1.0,1.0,U75964,768
,0.0,0.0,0.0,0.0,0.0,0.0,0.0,0.0,0.1,0.07,1.0,1.0,U15708,768
,0.0,0.0,0.0,0.0,0.0,0.0,0.0,0.0,0.14,0.09,1.0,1.0,U22553,768
,0.0,0.0,0.0,0.0,0.0,0.0,0.0,0.0,0.18,0.12,1.0,1.0,U36857,768
0.9296482412060302,0.06666666666666667,0.0,0.0,0.0,0.0,0.2,0.2,0.2,0.16,0.11,1.0,1.0,U47290,768
,0.0,0.0,0.0,0.0,0.0,0.0,0.0,0.0,0.18,0.11,1.0,1.0,U32945,768
,0.0,0.0,0.0,0.0,0.0,0.0,0.0,0.0,0.16,0.1,1.0,1.0,U88196,768
0.542713567839196,0.010869565217391304,0.0,0.0,0.0,0.0,0.0,0.14285714285714285,0.14285714285714285,0.16,0.1,1.0,1.0,U72878,768
,0.0,0.0,0.0,0.0,0.0,0.0,0.0,0.0,0.04,0.05,1.0,1.0,U41605,768
,0.0,0.0,0.0,0.0,0.0,0.0,0.0,0.0,0.14,0.1,1.0,1.0,U50463,768
,0.0,0.0,0.0,0.0,0.0,0.0,0.0,0.0,0.14,0.07,1.0,1.0,U52334,768
,0.0,0.0,0.0,0.0,0.0,0.0,0.0,0.0,0.2,0.11,1.0,1.0,U69136,768
,0.0,0.0,0.0,0.0,0.0,0.0,0.0,0.0,0.12,0.08,1.0,1.0,U63593,768
,0.0,0.0,0.0,0.0,0.0,0.0,0.0,0.0,0.26,0.14,1.0,1.0,U58830,0
,0.0,0.0,0.0,0.0,0.0,0.0,0.0,0.0,0.18,0.11,1.0,1.0,U40669,768
,0.0,0.0,0.0,0.0,0.0,0.0,0.0,0.0,0.22,0.13,1.0,1.0,U68139,768
,0.0,0.0,0.0,0.0,0.0,0.0,0.0,0.0,0.14,0.09,1.0,1.0,U51373,768
,0.0,0.0,0.0,0.0,0.0,0.0,0.0,0.0,0.18,0.1,1.0,1.0,U11508,768
,0.0,0.0,0.0,0.0,0.0,0.0,0.0,0.0,0.1,0.1,1.0,1.0,U72669,768
,0.0,0.0,0.0,0.0,0.0,0.0,0.0,0.0,0.08,0.06,1.0,1.0,U49050,768
,0.0,0.0,0.0,0.0,0.0,0.0,0.0,0.0,0.12,0.09,1.0,1.0,U2812,768
,0.0,0.0,0.0,0.0,0.0,0.0,0.0,0.0,0.16,0.11,1.0,1.0,U54685,768
,0.0,0.0,0.0,0.0,0.0,0.0,0.0,0.0,0.2,0.11,1.0,1.0,U58737,768
,0.0,0.0,0.0,0.0,0.0,0.0,0.0,0.0,0.14,0.08,1.0,1.0,U69262,768
,0.0,0.0,0.0,0.0,0.0,0.0,0.0,0.0,0.14,0.08,1.0,1.0,U32412,768
,0.0,0.0,0.0,0.0,0.0,0.0,0.0,0.0,0.2,0.12,1.0,1.0,U54961,768
,0.0,0.0,0.0,0.0,0.0,0.0,0.0,0.0,0.16,0.08,1.0,1.0,U56310,768
,0.0,0.0,0.0,0.0,0.0,0.0,0.0,0.0,0.06,0.03,1.0,1.0,U59819,768
,0.0,0.0,0.0,0.0,0.0,0.0,0.0,0.0,0.1,0.06,1.0,1.0,U34804,768
,0.0,0.0,0.0,0.0,0.0,0.0,0.0,0.0,0.08,0.05,1.0,1.0,U15529,768
,0.0,0.0,0.0,0.0,0.0,0.0,0.0,0.0,0.24,0.13,1.0,1.0,U74732,768
,0.0,0.0,0.0,0.0,0.0,0.0,0.0,0.0,0.16,0.1,1.0,1.0,U82589,768
0.914572864321608,0.05555555555555555,0.0,0.0,0.0,0.0,0.25,0.25,0.25,0.18,0.12,1.0,1.0,U30480,768
,0.0,0.0,0.0,0.0,0.0,0.0,0.0,0.0,0.16,0.08,1.0,1.0,U69242,768
,0.0,0.0,0.0,0.0,0.0,0.0,0.0,0.0,0.08,0.07,1.0,1.0,U16965,768
,0.0,0.0,0.0,0.0,0.0,0.0,0.0,0.0,0.12,0.07,1.0,1.0,U59424,768
,0.0,0.0,0.0,0.0,0.0,0.0,0.0,0.0,0.14,0.09,1.0,1.0,U64817,768
,0.0,0.0,0.0,0.0,0.0,0.0,0.0,0.0,0.16,0.1,1.0,1.0,U90621,768
,0.0,0.0,0.0,0.0,0.0,0.0,0.0,0.0,0.18,0.12,1.0,1.0,U53754,768
,0.0,0.0,0.0,0.0,0.0,0.0,0.0,0.0,0.1,0.07,1.0,1.0,U38735,768
,0.0,0.0,0.0,0.0,0.0,0.0,0.0,0.0,0.12,0.09,1.0,1.0,U40527,768
,0.0,0.0,0.0,0.0,0.0,0.0,0.0,0.0,0.16,0.09,1.0,1.0,U37671,768
,0.0,0.0,0.0,0.0,0.0,0.0,0.0,0.0,0.16,0.08,1.0,1.0,U38261,768
,0.0,0.0,0.0,0.0,0.0,0.0,0.0,0.0,0.06,0.06,1.0,1.0,U50781,768
,0.0,0.0,0.0,0.0,0.0,0.0,0.0,0.0,0.14,0.11,1.0,1.0,U11255,768
,0.0,0.0,0.0,0.0,0.0,0.0,0.0,0.0,0.2,0.11,1.0,1.0,U92237,768
,0.0,0.0,0.0,0.0,0.0,0.0,0.0,0.0,0.2,0.12,1.0,1.0,U8933,768
,0.0,0.0,0.0,0.0,0.0,0.0,0.0,0.0,0.1,0.06,1.0,1.0,U57722,768
,0.0,0.0,0.0,0.0,0.0,0.0,0.0,0.0,0.1,0.08,1.0,1.0,U56225,768
,0.0,0.0,0.0,0.0,0.0,0.0,0.0,0.0,0.22,0.12,1.0,1.0,U4496,768
0.6313131313131313,0.017857142857142856,0.0,0.0,0.0,0.0,0.0,0.4,0.4,0.06,0.04,1.0,1.0,U91060,768
,0.0,0.0,0.0,0.0,0.0,0.0,0.0,0.0,0.18,0.1,1.0,1.0,U13589,768
,0.0,0.0,0.0,0.0,0.0,0.0,0.0,0.0,0.2,0.12,1.0,1.0,U16317,768
,0.0,0.0,0.0,0.0,0.0,0.0,0.0,0.0,0.16,0.13,1.0,1.0,U43946,768
,0.0,0.0,0.0,0.0,0.0,0.0,0.0,0.0,0.22,0.13,1.0,1.0,U37844,768
,0.0,0.0,0.0,0.0,0.0,0.0,0.0,0.0,0.08,0.06,1.0,1.0,U26424,768
,0.0,0.0,0.0,0.0,0.0,0.0,0.0,0.0,0.16,0.09,1.0,1.0,U9996,768
,0.0,0.0,0.0,0.0,0.0,0.0,0.0,0.0,0.04,0.02,1.0,1.0,U42221,768
0.2864321608040201,0.006993006993006993,0.0,0.0,0.0,0.0,0.0,0.0,0.1111111111111111,0.14,0.1,1.0,1.0,U60550,768
,0.0,0.0,0.0,0.0,0.0,0.0,0.0,0.0,0.2,0.11,1.0,1.0,U67536,768
,0.0,0.0,0.0,0.0,0.0,0.0,0.0,0.0,0.18,0.11,1.0,1.0,U78968,768
,0.0,0.0,0.0,0.0,0.0,0.0,0.0,0.0,0.16,0.13,1.0,1.0,U57852,768
0.9949748743718593,0.5,0.6309297535714575,0.6309297535714575,0.2,0.2,0.2,0.2,0.2,0.2,0.11,1.0,1.0,U6340,768
,0.0,0.0,0.0,0.0,0.0,0.0,0.0,0.0,0.14,0.07,1.0,1.0,U53450,768
,0.0,0.0,0.0,0.0,0.0,0.0,0.0,0.0,0.14,0.09,1.0,1.0,U17261,768
0.964824120603015,0.125,0.0,0.31546487678572877,0.0,0.1111111111111111,0.1111111111111111,0.1111111111111111,0.1111111111111111,0.14,0.09,1.0,1.0,U65326,768
0.6142131979695431,0.09090909090909091,0.0,0.0,0.0,0.0,0.3333333333333333,0.3333333333333333,0.5,0.1,0.07,1.0,1.0,U77439,768
0.5728643216080402,0.011627906976744186,0.0,0.0,0.0,0.0,0.0,0.2,0.2,0.12,0.09,1.0,1.0,U25983,768
,0.0,0.0,0.0,0.0,0.0,0.0,0.0,0.0,0.1,0.06,1.0,1.0,U79587,768
,0.0,0.0,0.0,0.0,0.0,0.0,0.0,0.0,0.16,0.09,1.0,1.0,U20693,768
,0.0,0.0,0.0,0.0,0.0,0.0,0.0,0.0,0.14,0.11,1.0,1.0,U56443,768
,0.0,0.0,0.0,0.0,0.0,0.0,0.0,0.0,0.12,0.11,1.0,1.0,U70329,768
,0.0,0.0,0.0,0.0,0.0,0.0,0.0,0.0,0.16,0.09,1.0,1.0,U27459,768
,0.0,0.0,0.0,0.0,0.0,0.0,0.0,0.0,0.12,0.12,1.0,1.0,U8520,768
,0.0,0.0,0.0,0.0,0.0,0.0,0.0,0.0,0.18,0.12,1.0,1.0,U2422,768
,0.0,0.0,0.0,0.0,0.0,0.0,0.0,0.0,0.18,0.11,1.0,1.0,U45286,768
,0.0,0.0,0.0,0.0,0.0,0.0,0.0,0.0,0.1,0.09,1.0,1.0,U28613,768
,0.0,0.0,0.0,0.0,0.0,0.0,0.0,0.0,0.14,0.1,1.0,1.0,U50763,768
,0.0,0.0,0.0,0.0,0.0,0.0,0.0,0.0,0.16,0.1,1.0,1.0,U93429,768
,0.0,0.0,0.0,0.0,0.0,0.0,0.0,0.0,0.08,0.06,1.0,1.0,U47368,768
,0.0,0.0,0.0,0.0,0.0,0.0,0.0,0.0,0.06,0.03,1.0,1.0,U39582,768
,0.0,0.0,0.0,0.0,0.0,0.0,0.0,0.0,0.16,0.09,1.0,1.0,U46120,768
,0.0,0.0,0.0,0.0,0.0,0.0,0.0,0.0,0.04,0.02,1.0,1.0,U62178,768
0.3015075376884422,0.007142857142857143,0.0,0.0,0.0,0.0,0.0,0.0,0.3333333333333333,0.18,0.11,1.0,1.0,U14241,768
,0.0,0.0,0.0,0.0,0.0,0.0,0.0,0.0,0.14,0.1,1.0,1.0,U16641,768
,0.0,0.0,0.0,0.0,0.0,0.0,0.0,0.0,0.14,0.09,1.0,1.0,U65434,768
1.0,1.0,1.0,1.0,0.5,0.5,0.5,0.5,0.5,0.14,0.09,1.0,1.0,U51344,768
,0.0,0.0,0.0,0.0,0.0,0.0,0.0,0.0,0.12,0.08,1.0,1.0,U89582,768
,0.0,0.0,0.0,0.0,0.0,0.0,0.0,0.0,0.04,0.02,1.0,1.0,U33098,768
,0.0,0.0,0.0,0.0,0.0,0.0,0.0,0.0,0.2,0.12,1.0,1.0,U42895,0
,0.0,0.0,0.0,0.0,0.0,0.0,0.0,0.0,0.14,0.08,1.0,1.0,U23076,768
,0.0,0.0,0.0,0.0,0.0,0.0,0.0,0.0,0.16,0.09,1.0,1.0,U27826,768
,0.0,0.0,0.0,0.0,0.0,0.0,0.0,0.0,0.14,0.1,1.0,1.0,U51228,768
,0.0,0.0,0.0,0.0,0.0,0.0,0.0,0.0,0.1,0.06,1.0,1.0,U30701,768
,0.0,0.0,0.0,0.0,0.0,0.0,0.0,0.0,0.16,0.1,1.0,1.0,U44368,768
,0.0,0.0,0.0,0.0,0.0,0.0,0.0,0.0,0.12,0.11,1.0,1.0,U65902,768
0.8592964824120602,0.034482758620689655,0.0,0.0,0.0,0.0,0.5,0.5,0.5,0.12,0.1,1.0,1.0,U69109,768
,0.0,0.0,0.0,0.0,0.0,0.0,0.0,0.0,0.14,0.08,1.0,1.0,U44325,768
,0.0,0.0,0.0,0.0,0.0,0.0,0.0,0.0,0.22,0.11,1.0,1.0,U4501,768
,0.0,0.0,0.0,0.0,0.0,0.0,0.0,0.0,0.16,0.12,1.0,1.0,U15558,768
,0.0,0.0,0.0,0.0,0.0,0.0,0.0,0.0,0.22,0.11,1.0,1.0,U34280,768
0.8140703517587939,0.02631578947368421,0.0,0.0,0.0,0.0,0.5,0.5,0.5,0.06,0.04,1.0,1.0,U22151,768
,0.0,0.0,0.0,0.0,0.0,0.0,0.0,0.0,0.18,0.12,1.0,1.0,U72188,768
,0.0,0.0,0.0,0.0,0.0,0.0,0.0,0.0,0.16,0.09,1.0,1.0,U2581,768
,0.0,0.0,0.0,0.0,0.0,0.0,0.0,0.0,0.08,0.05,1.0,1.0,U18489,768
,0.0,0.0,0.0,0.0,0.0,0.0,0.0,0.0,0.1,0.08,1.0,1.0,U21824,768
,0.0,0.0,0.0,0.0,0.0,0.0,0.0,0.0,0.06,0.05,1.0,1.0,U41899,768
,0.0,0.0,0.0,0.0,0.0,0.0,0.0,0.0,0.18,0.13,1.0,1.0,U40862,0
,0.0,0.0,0.0,0.0,0.0,0.0,0.0,0.0,0.14,0.1,1.0,1.0,U43491,768
,0.0,0.0,0.0,0.0,0.0,0.0,0.0,0.0,0.1,0.07,1.0,1.0,U35319,768
,0.0,0.0,0.0,0.0,0.0,0.0,0.0,0.0,0.22,0.12,1.0,1.0,U3596,768
,0.0,0.0,0.0,0.0,0.0,0.0,0.0,0.0,0.2,0.11,1.0,1.0,U28025,768
,0.0,0.0,0.0,0.0,0.0,0.0,0.0,0.0,0.22,0.13,1.0,1.0,U26800,768
,0.0,0.0,0.0,0.0,0.0,0.0,0.0,0.0,0.1,0.05,1.0,1.0,U13463,768
0.5778894472361809,0.011764705882352941,0.0,0.0,0.0,0.0,0.0,0.25,0.25,0.22,0.13,1.0,1.0,U10604,768
,0.0,0.0,0.0,0.0,0.0,0.0,0.0,0.0,0.18,0.11,1.0,1.0,U48422,768
,0.0,0.0,0.0,0.0,0.0,0.0,0.0,0.0,0.2,0.12,1.0,1.0,U51980,768
0.5376884422110553,0.010752688172043012,0.0,0.0,0.0,0.0,0.0,0.5,0.5,0.12,0.08,1.0,1.0,U92722,768
,0.0,0.0,0.0,0.0,0.0,0.0,0.0,0.0,0.18,0.12,1.0,1.0,U25813,768
,0.0,0.0,0.0,0.0,0.0,0.0,0.0,0.0,0.1,0.06,1.0,1.0,U32056,768
,0.0,0.0,0.0,0.0,0.0,0.0,0.0,0.0,0.16,0.09,1.0,1.0,U12893,768
,0.0,0.0,0.0,0.0,0.0,0.0,0.0,0.0,0.2,0.12,1.0,1.0,U32915,768
,0.0,0.0,0.0,0.0,0.0,0.0,0.0,0.0,0.12,0.09,1.0,1.0,U32593,768
,0.0,0.0,0.0,0.0,0.0,0.0,0.0,0.0,0.14,0.1,1.0,1.0,U36151,768
,0.0,0.0,0.0,0.0,0.0,0.0,0.0,0.0,0.14,0.07,1.0,1.0,U36818,768
,0.0,0.0,0.0,0.0,0.0,0.0,0.0,0.0,0.04,0.04,1.0,1.0,U48412,768
,0.0,0.0,0.0,0.0,0.0,0.0,0.0,0.0,0.08,0.06,1.0,1.0,U79543,768
,0.0,0.0,0.0,0.0,0.0,0.0,0.0,0.0,0.08,0.06,1.0,1.0,U62672,768
,0.0,0.0,0.0,0.0,0.0,0.0,0.0,0.0,0.14,0.1,1.0,1.0,U24180,768
,0.0,0.0,0.0,0.0,0.0,0.0,0.0,0.0,0.2,0.11,1.0,1.0,U85631,768
,0.0,0.0,0.0,0.0,0.0,0.0,0.0,0.0,0.2,0.12,1.0,1.0,U22601,768
,0.0,0.0,0.0,0.0,0.0,0.0,0.0,0.0,0.16,0.1,1.0,1.0,U33940,768
,0.0,0.0,0.0,0.0,0.0,0.0,0.0,0.0,0.16,0.09,1.0,1.0,U52274,768
,0.0,0.0,0.0,0.0,0.0,0.0,0.0,0.0,0.1,0.06,1.0,1.0,U50885,768
,0.0,0.0,0.0,0.0,0.0,0.0,0.0,0.0,0.14,0.09,1.0,1.0,U23206,768
,0.0,0.0,0.0,0.0,0.0,0.0,0.0,0.0,0.04,0.05,1.0,1.0,U85312,768
,0.0,0.0,0.0,0.0,0.0,0.0,0.0,0.0,0.18,0.11,1.0,1.0,U18677,768
,0.0,0.0,0.0,0.0,0.0,0.0,0.0,0.0,0.18,0.12,1.0,1.0,U52020,768
,0.0,0.0,0.0,0.0,0.0,0.0,0.0,0.0,0.18,0.12,1.0,1.0,U72160,0
0.1708542713567839,0.006024096385542169,0.0,0.0,0.0,0.0,0.0,0.0,0.25,0.16,0.1,1.0,1.0,U82865,768
,0.0,0.0,0.0,0.0,0.0,0.0,0.0,0.0,0.26,0.13,1.0,1.0,U12891,0
,0.0,0.0,0.0,0.0,0.0,0.0,0.0,0.0,0.1,0.07,1.0,1.0,U69847,768
,0.0,0.0,0.0,0.0,0.0,0.0,0.0,0.0,0.2,0.13,1.0,1.0,U23563,768
,0.0,0.0,0.0,0.0,0.0,0.0,0.0,0.0,0.1,0.06,1.0,1.0,U354,768
,0.0,0.0,0.0,0.0,0.0,0.0,0.0,0.0,0.18,0.11,1.0,1.0,U16691,768
,0.0,0.0,0.0,0.0,0.0,0.0,0.0,0.0,0.2,0.12,1.0,1.0,U45825,768
,0.0,0.0,0.0,0.0,0.0,0.0,0.0,0.0,0.06,0.05,1.0,1.0,U73120,768
,0.0,0.0,0.0,0.0,0.0,0.0,0.0,0.0,0.12,0.09,1.0,1.0,U17344,768
,0.0,0.0,0.0,0.0,0.0,0.0,0.0,0.0,0.08,0.05,1.0,1.0,U6369,768
,0.0,0.0,0.0,0.0,0.0,0.0,0.0,0.0,0.12,0.07,1.0,1.0,U21416,768
,0.0,0.0,0.0,0.0,0.0,0.0,0.0,0.0,0.1,0.08,1.0,1.0,U31879,768
,0.0,0.0,0.0,0.0,0.0,0.0,0.0,0.0,0.1,0.06,1.0,1.0,U70237,768
,0.0,0.0,0.0,0.0,0.0,0.0,0.0,0.0,0.04,0.02,1.0,1.0,U15022,768
,0.0,0.0,0.0,0.0,0.0,0.0,0.0,0.0,0.08,0.07,1.0,1.0,U2037,768
,0.0,0.0,0.0,0.0,0.0,0.0,0.0,0.0,0.2,0.11,1.0,1.0,U79828,768
,0.0,0.0,0.0,0.0,0.0,0.0,0.0,0.0,0.2,0.13,1.0,1.0,U91090,768
,0.0,0.0,0.0,0.0,0.0,0.0,0.0,0.0,0.04,0.03,1.0,1.0,U588,768
,0.0,0.0,0.0,0.0,0.0,0.0,0.0,0.0,0.16,0.09,1.0,1.0,U62912,768
,0.0,0.0,0.0,0.0,0.0,0.0,0.0,0.0,0.16,0.11,1.0,1.0,U39767,768
,0.0,0.0,0.0,0.0,0.0,0.0,0.0,0.0,0.1,0.07,1.0,1.0,U34961,768
,0.0,0.0,0.0,0.0,0.0,0.0,0.0,0.0,0.16,0.1,1.0,1.0,U26942,768
,0.0,0.0,0.0,0.0,0.0,0.0,0.0,0.0,0.1,0.09,1.0,1.0,U8907,768
,0.0,0.0,0.0,0.0,0.0,0.0,0.0,0.0,0.1,0.07,1.0,1.0,U38515,768
,0.0,0.0,0.0,0.0,0.0,0.0,0.0,0.0,0.02,0.02,1.0,1.0,U8197,768
,0.0,0.0,0.0,0.0,0.0,0.0,0.0,0.0,0.14,0.09,1.0,1.0,U43781,768
0.9949748743718593,0.5,0.6309297535714575,0.6309297535714575,0.5,0.5,0.5,0.5,0.5,0.16,0.11,1.0,1.0,U40280,768
,0.0,0.0,0.0,0.0,0.0,0.0,0.0,0.0,0.14,0.1,1.0,1.0,U55460,768
,0.0,0.0,0.0,0.0,0.0,0.0,0.0,0.0,0.14,0.11,1.0,1.0,U72511,768
,0.0,0.0,0.0,0.0,0.0,0.0,0.0,0.0,0.06,0.07,1.0,1.0,U17673,768
,0.0,0.0,0.0,0.0,0.0,0.0,0.0,0.0,0.26,0.14,1.0,1.0,U55652,768
,0.0,0.0,0.0,0.0,0.0,0.0,0.0,0.0,0.12,0.08,1.0,1.0,U6372,768
,0.0,0.0,0.0,0.0,0.0,0.0,0.0,0.0,0.12,0.07,1.0,1.0,U7736,768
,0.0,0.0,0.0,0.0,0.0,0.0,0.0,0.0,0.1,0.07,1.0,1.0,U55958,768
,0.0,0.0,0.0,0.0,0.0,0.0,0.0,0.0,0.18,0.11,1.0,1.0,U59668,768
,0.0,0.0,0.0,0.0,0.0,0.0,0.0,0.0,0.16,0.13,1.0,1.0,U88980,768
,0.0,0.0,0.0,0.0,0.0,0.0,0.0,0.0,0.16,0.09,1.0,1.0,U24659,768
,0.0,0.0,0.0,0.0,0.0,0.0,0.0,0.0,0.14,0.09,1.0,1.0,U29090,768
,0.0,0.0,0.0,0.0,0.0,0.0,0.0,0.0,0.16,0.1,1.0,1.0,U83031,768
,0.0,0.0,0.0,0.0,0.0,0.0,0.0,0.0,0.14,0.11,1.0,1.0,U68485,768
,0.0,0.0,0.0,0.0,0.0,0.0,0.0,0.0,0.16,0.11,1.0,1.0,U92796,768
,0.0,0.0,0.0,0.0,0.0,0.0,0.0,0.0,0.18,0.12,1.0,1.0,U81695,0
,0.0,0.0,0.0,0.0,0.0,0.0,0.0,0.0,0.06,0.08,1.0,1.0,U64607,768
,0.0,0.0,0.0,0.0,0.0,0.0,0.0,0.0,0.2,0.12,1.0,1.0,U36748,768
,0.0,0.0,0.0,0.0,0.0,0.0,0.0,0.0,0.18,0.11,1.0,1.0,U81642,768
,0.0,0.0,0.0,0.0,0.0,0.0,0.0,0.0,0.16,0.11,1.0,1.0,U15626,768
,0.0,0.0,0.0,0.0,0.0,0.0,0.0,0.0,0.2,0.12,1.0,1.0,U7853,768
,0.0,0.0,0.0,0.0,0.0,0.0,0.0,0.0,0.1,0.08,1.0,1.0,U11292,768
,0.0,0.0,0.0,0.0,0.0,0.0,0.0,0.0,0.06,0.04,1.0,1.0,U20398,768
,0.0,0.0,0.0,0.0,0.0,0.0,0.0,0.0,0.16,0.13,1.0,1.0,U160,768
,0.0,0.0,0.0,0.0,0.0,0.0,0.0,0.0,0.06,0.05,1.0,1.0,U73811,768
,0.0,0.0,0.0,0.0,0.0,0.0,0.0,0.0,0.16,0.12,1.0,1.0,U90386,768
,0.0,0.0,0.0,0.0,0.0,0.0,0.0,0.0,0.18,0.11,1.0,1.0,U66485,768
,0.0,0.0,0.0,0.0,0.0,0.0,0.0,0.0,0.14,0.07,1.0,1.0,U77917,768
,0.0,0.0,0.0,0.0,0.0,0.0,0.0,0.0,0.12,0.11,1.0,1.0,U9803,768
0.1708542713567839,0.006024096385542169,0.0,0.0,0.0,0.0,0.0,0.0,0.5,0.04,0.02,1.0,1.0,U23230,768
,0.0,0.0,0.0,0.0,0.0,0.0,0.0,0.0,0.2,0.14,1.0,1.0,U23276,768
0.7939698492462312,0.023809523809523808,0.0,0.0,0.0,0.0,0.5,0.5,0.5,0.1,0.06,1.0,1.0,U3460,768
,0.0,0.0,0.0,0.0,0.0,0.0,0.0,0.0,0.16,0.1,1.0,1.0,U34728,768
,0.0,0.0,0.0,0.0,0.0,0.0,0.0,0.0,0.04,0.04,1.0,1.0,U80140,768
,0.0,0.0,0.0,0.0,0.0,0.0,0.0,0.0,0.16,0.09,1.0,1.0,U92767,768
,0.0,0.0,0.0,0.0,0.0,0.0,0.0,0.0,0.2,0.12,1.0,1.0,U9536,768
,0.0,0.0,0.0,0.0,0.0,0.0,0.0,0.0,0.2,0.12,1.0,1.0,U54286,768
,0.0,0.0,0.0,0.0,0.0,0.0,0.0,0.0,0.24,0.14,1.0,1.0,U37395,0
,0.0,0.0,0.0,0.0,0.0,0.0,0.0,0.0,0.14,0.09,1.0,1.0,U87020,768
,0.0,0.0,0.0,0.0,0.0,0.0,0.0,0.0,0.02,0.02,1.0,1.0,U6350,768
,0.0,0.0,0.0,0.0,0.0,0.0,0.0,0.0,0.1,0.06,1.0,1.0,U72778,768
,0.0,0.0,0.0,0.0,0.0,0.0,0.0,0.0,0.02,0.03,1.0,1.0,U54180,768
,0.0,0.0,0.0,0.0,0.0,0.0,0.0,0.0,0.14,0.09,1.0,1.0,U74244,768
,0.0,0.0,0.0,0.0,0.0,0.0,0.0,0.0,0.16,0.11,1.0,1.0,U38520,768
,0.0,0.0,0.0,0.0,0.0,0.0,0.0,0.0,0.16,0.12,1.0,1.0,U59044,768
,0.0,0.0,0.0,0.0,0.0,0.0,0.0,0.0,0.16,0.1,1.0,1.0,U11979,768
,0.0,0.0,0.0,0.0,0.0,0.0,0.0,0.0,0.04,0.03,1.0,1.0,U45297,768
,0.0,0.0,0.0,0.0,0.0,0.0,0.0,0.0,0.2,0.12,1.0,1.0,U77248,768
0.9849246231155779,0.25,0.43067655807339306,0.43067655807339306,1.0,1.0,1.0,1.0,1.0,0.04,0.02,1.0,1.0,U6553,768
,0.0,0.0,0.0,0.0,0.0,0.0,0.0,0.0,0.16,0.08,1.0,1.0,U18217,768
,0.0,0.0,0.0,0.0,0.0,0.0,0.0,0.0,0.18,0.12,1.0,1.0,U29706,768
,0.0,0.0,0.0,0.0,0.0,0.0,0.0,0.0,0.08,0.06,1.0,1.0,U47807,768
,0.0,0.0,0.0,0.0,0.0,0.0,0.0,0.0,0.2,0.12,1.0,1.0,U33081,768
,0.0,0.0,0.0,0.0,0.0,0.0,0.0,0.0,0.16,0.1,1.0,1.0,U37402,768
0.8190954773869347,0.02702702702702703,0.0,0.0,0.0,0.0,0.07692307692307693,0.07692307692307693,0.07692307692307693,0.14,0.11,1.0,1.0,U86169,768
,0.0,0.0,0.0,0.0,0.0,0.0,0.0,0.0,0.1,0.08,1.0,1.0,U85988,768
,0.0,0.0,0.0,0.0,0.0,0.0,0.0,0.0,0.1,0.08,1.0,1.0,U43396,768
,0.0,0.0,0.0,0.0,0.0,0.0,0.0,0.0,0.18,0.14,1.0,1.0,U87968,768
,0.0,0.0,0.0,0.0,0.0,0.0,0.0,0.0,0.22,0.12,1.0,1.0,U88202,768
,0.0,0.0,0.0,0.0,0.0,0.0,0.0,0.0,0.2,0.11,1.0,1.0,U23199,768
,0.0,0.0,0.0,0.0,0.0,0.0,0.0,0.0,0.18,0.1,1.0,1.0,U65589,768
,0.0,0.0,0.0,0.0,0.0,0.0,0.0,0.0,0.16,0.1,1.0,1.0,U76967,768
,0.0,0.0,0.0,0.0,0.0,0.0,0.0,0.0,0.14,0.08,1.0,1.0,U44702,768
,0.0,0.0,0.0,0.0,0.0,0.0,0.0,0.0,0.06,0.04,1.0,1.0,U50310,768
,0.0,0.0,0.0,0.0,0.0,0.0,0.0,0.0,0.14,0.1,1.0,1.0,U34995,768
,0.0,0.0,0.0,0.0,0.0,0.0,0.0,0.0,0.18,0.11,1.0,1.0,U30198,768
,0.0,0.0,0.0,0.0,0.0,0.0,0.0,0.0,0.16,0.11,1.0,1.0,U62637,768
,0.0,0.0,0.0,0.0,0.0,0.0,0.0,0.0,0.12,0.08,1.0,1.0,U2919,768
,0.0,0.0,0.0,0.0,0.0,0.0,0.0,0.0,0.24,0.14,1.0,1.0,U639,0
,0.0,0.0,0.0,0.0,0.0,0.0,0.0,0.0,0.1,0.09,1.0,1.0,U38692,768
,0.0,0.0,0.0,0.0,0.0,0.0,0.0,0.0,0.14,0.09,1.0,1.0,U25352,768
,0.0,0.0,0.0,0.0,0.0,0.0,0.0,0.0,0.16,0.1,1.0,1.0,U57926,768
,0.0,0.0,0.0,0.0,0.0,0.0,0.0,0.0,0.18,0.11,1.0,1.0,U31286,768
,0.0,0.0,0.0,0.0,0.0,0.0,0.0,0.0,0.02,0.02,1.0,1.0,U55019,768
,0.0,0.0,0.0,0.0,0.0,0.0,0.0,0.0,0.14,0.12,1.0,1.0,U80988,768
,0.0,0.0,0.0,0.0,0.0,0.0,0.0,0.0,0.2,0.1,1.0,1.0,U89669,768
,0.0,0.0,0.0,0.0,0.0,0.0,0.0,0.0,0.18,0.1,1.0,1.0,U14251,768
,0.0,0.0,0.0,0.0,0.0,0.0,0.0,0.0,0.18,0.1,1.0,1.0,U92093,768
,0.0,0.0,0.0,0.0,0.0,0.0,0.0,0.0,0.16,0.1,1.0,1.0,U65864,768
0.5527638190954773,0.011111111111111112,0.0,0.0,0.0,0.0,0.0,0.5,0.5,0.16,0.12,1.0,1.0,U67565,768
,0.0,0.0,0.0,0.0,0.0,0.0,0.0,0.0,0.16,0.11,1.0,1.0,U32657,768
,0.0,0.0,0.0,0.0,0.0,0.0,0.0,0.0,0.2,0.12,1.0,1.0,U56237,768
,0.0,0.0,0.0,0.0,0.0,0.0,0.0,0.0,0.04,0.02,1.0,1.0,U86869,768
,0.0,0.0,0.0,0.0,0.0,0.0,0.0,0.0,0.1,0.08,1.0,1.0,U76450,768
,0.0,0.0,0.0,0.0,0.0,0.0,0.0,0.0,0.14,0.1,1.0,1.0,U20861,768
,0.0,0.0,0.0,0.0,0.0,0.0,0.0,0.0,0.04,0.05,1.0,1.0,U83617,768
,0.0,0.0,0.0,0.0,0.0,0.0,0.0,0.0,0.2,0.1,1.0,1.0,U54849,768
,0.0,0.0,0.0,0.0,0.0,0.0,0.0,0.0,0.2,0.13,1.0,1.0,U40332,0
,0.0,0.0,0.0,0.0,0.0,0.0,0.0,0.0,0.14,0.09,1.0,1.0,U42707,768
,0.0,0.0,0.0,0.0,0.0,0.0,0.0,0.0,0.1,0.06,1.0,1.0,U76348,768
,0.0,0.0,0.0,0.0,0.0,0.0,0.0,0.0,0.12,0.06,1.0,1.0,U34224,768
,0.0,0.0,0.0,0.0,0.0,0.0,0.0,0.0,0.02,0.02,1.0,1.0,U20589,768
0.4595959595959596,0.03125,0.0,0.0,0.0,0.0,0.3333333333333333,0.3333333333333333,0.6666666666666666,0.1,0.06,1.0,1.0,U21775,768
,0.0,0.0,0.0,0.0,0.0,0.0,0.0,0.0,0.14,0.11,1.0,1.0,U77347,768
,0.0,0.0,0.0,0.0,0.0,0.0,0.0,0.0,0.08,0.04,1.0,1.0,U20487,768
,0.0,0.0,0.0,0.0,0.0,0.0,0.0,0.0,0.02,0.01,1.0,1.0,U83931,768
,0.0,0.0,0.0,0.0,0.0,0.0,0.0,0.0,0.14,0.1,1.0,1.0,U67369,768
,0.0,0.0,0.0,0.0,0.0,0.0,0.0,0.0,0.1,0.08,1.0,1.0,U10944,768
,0.0,0.0,0.0,0.0,0.0,0.0,0.0,0.0,0.06,0.03,1.0,1.0,U69142,768
,0.0,0.0,0.0,0.0,0.0,0.0,0.0,0.0,0.18,0.1,1.0,1.0,U18476,0
,0.0,0.0,0.0,0.0,0.0,0.0,0.0,0.0,0.28,0.14,1.0,1.0,U21022,768
,0.0,0.0,0.0,0.0,0.0,0.0,0.0,0.0,0.12,0.09,1.0,1.0,U70313,768
,0.0,0.0,0.0,0.0,0.0,0.0,0.0,0.0,0.04,0.02,1.0,1.0,U36370,768
,0.0,0.0,0.0,0.0,0.0,0.0,0.0,0.0,0.14,0.09,1.0,1.0,U61708,768
0.9547738693467337,0.1,0.0,0.2890648263178879,0.0,0.25,0.25,0.25,0.25,0.2,0.11,1.0,1.0,U12618,768
0.4824120603015075,0.009615384615384616,0.0,0.0,0.0,0.0,0.0,0.0,1.0,0.18,0.11,1.0,1.0,U2403,768
,0.0,0.0,0.0,0.0,0.0,0.0,0.0,0.0,0.24,0.12,1.0,1.0,U16567,0
,0.0,0.0,0.0,0.0,0.0,0.0,0.0,0.0,0.04,0.03,1.0,1.0,U26422,768
,0.0,0.0,0.0,0.0,0.0,0.0,0.0,0.0,0.1,0.09,1.0,1.0,U71198,768
,0.0,0.0,0.0,0.0,0.0,0.0,0.0,0.0,0.16,0.1,1.0,1.0,U50766,768
,0.0,0.0,0.0,0.0,0.0,0.0,0.0,0.0,0.16,0.11,1.0,1.0,U42124,768
,0.0,0.0,0.0,0.0,0.0,0.0,0.0,0.0,0.16,0.1,1.0,1.0,U40635,768
,0.0,0.0,0.0,0.0,0.0,0.0,0.0,0.0,0.14,0.11,1.0,1.0,U62655,768
,0.0,0.0,0.0,0.0,0.0,0.0,0.0,0.0,0.08,0.05,1.0,1.0,U13399,768
,0.0,0.0,0.0,0.0,0.0,0.0,0.0,0.0,0.12,0.07,1.0,1.0,U56361,768
,0.0,0.0,0.0,0.0,0.0,0.0,0.0,0.0,0.04,0.03,1.0,1.0,U54589,768
,0.0,0.0,0.0,0.0,0.0,0.0,0.0,0.0,0.12,0.09,1.0,1.0,U59016,768
,0.0,0.0,0.0,0.0,0.0,0.0,0.0,0.0,0.2,0.11,1.0,1.0,U2572,768
,0.0,0.0,0.0,0.0,0.0,0.0,0.0,0.0,0.2,0.11,1.0,1.0,U15589,768
,0.0,0.0,0.0,0.0,0.0,0.0,0.0,0.0,0.18,0.13,1.0,1.0,U83482,768
,0.0,0.0,0.0,0.0,0.0,0.0,0.0,0.0,0.16,0.1,1.0,1.0,U77253,768
,0.0,0.0,0.0,0.0,0.0,0.0,0.0,0.0,0.2,0.11,1.0,1.0,U85715,768
,0.0,0.0,0.0,0.0,0.0,0.0,0.0,0.0,0.16,0.13,1.0,1.0,U84789,768
,0.0,0.0,0.0,0.0,0.0,0.0,0.0,0.0,0.14,0.1,1.0,1.0,U55261,768
,0.0,0.0,0.0,0.0,0.0,0.0,0.0,0.0,0.22,0.12,1.0,1.0,U15953,768
,0.0,0.0,0.0,0.0,0.0,0.0,0.0,0.0,0.18,0.11,1.0,1.0,U58730,768
,0.0,0.0,0.0,0.0,0.0,0.0,0.0,0.0,0.14,0.11,1.0,1.0,U48830,768
,0.0,0.0,0.0,0.0,0.0,0.0,0.0,0.0,0.22,0.12,1.0,1.0,U72738,768
,0.0,0.0,0.0,0.0,0.0,0.0,0.0,0.0,0.28,0.14,1.0,1.0,U51096,0
0.5175879396984925,0.010309278350515464,0.0,0.0,0.0,0.0,0.0,0.3333333333333333,0.3333333333333333,0.08,0.08,1.0,1.0,U506,768
,0.0,0.0,0.0,0.0,0.0,0.0,0.0,0.0,0.22,0.15,1.0,1.0,U3158,768
,0.0,0.0,0.0,0.0,0.0,0.0,0.0,0.0,0.18,0.11,1.0,1.0,U68442,768
,0.0,0.0,0.0,0.0,0.0,0.0,0.0,0.0,0.22,0.15,1.0,1.0,U4391,768
,0.0,0.0,0.0,0.0,0.0,0.0,0.0,0.0,0.16,0.13,1.0,1.0,U61329,768
,0.0,0.0,0.0,0.0,0.0,0.0,0.0,0.0,0.26,0.13,1.0,1.0,U41173,0
,0.0,0.0,0.0,0.0,0.0,0.0,0.0,0.0,0.08,0.07,1.0,1.0,U26626,768
,0.0,0.0,0.0,0.0,0.0,0.0,0.0,0.0,0.22,0.11,1.0,1.0,U8949,768
,0.0,0.0,0.0,0.0,0.0,0.0,0.0,0.0,0.18,0.11,1.0,1.0,U34795,768
,0.0,0.0,0.0,0.0,0.0,0.0,0.0,0.0,0.1,0.07,1.0,1.0,U79346,768
,0.0,0.0,0.0,0.0,0.0,0.0,0.0,0.0,0.18,0.11,1.0,1.0,U89835,768
,0.0,0.0,0.0,0.0,0.0,0.0,0.0,0.0,0.16,0.1,1.0,1.0,U73625,768
,0.0,0.0,0.0,0.0,0.0,0.0,0.0,0.0,0.22,0.13,1.0,1.0,U91706,768
,0.0,0.0,0.0,0.0,0.0,0.0,0.0,0.0,0.24,0.14,1.0,1.0,U18638,768
,0.0,0.0,0.0,0.0,0.0,0.0,0.0,0.0,0.2,0.12,1.0,1.0,U73905,768
,0.0,0.0,0.0,0.0,0.0,0.0,0.0,0.0,0.12,0.08,1.0,1.0,U15083,768
,0.0,0.0,0.0,0.0,0.0,0.0,0.0,0.0,0.14,0.1,1.0,1.0,U78855,768
,0.0,0.0,0.0,0.0,0.0,0.0,0.0,0.0,0.18,0.13,1.0,1.0,U19131,768
0.1507537688442211,0.0058823529411764705,0.0,0.0,0.0,0.0,0.0,0.0,0.5,0.22,0.13,1.0,1.0,U30538,768
0.7386934673366834,0.018867924528301886,0.0,0.0,0.0,0.0,0.0,0.5,0.5,0.2,0.12,1.0,1.0,U44371,768
,0.0,0.0,0.0,0.0,0.0,0.0,0.0,0.0,0.2,0.12,1.0,1.0,U84034,768
,0.0,0.0,0.0,0.0,0.0,0.0,0.0,0.0,0.18,0.1,1.0,1.0,U38566,768
0.3417085427135678,0.007575757575757576,0.0,0.0,0.0,0.0,0.0,0.0,0.2,0.04,0.02,1.0,1.0,U84652,768
,0.0,0.0,0.0,0.0,0.0,0.0,0.0,0.0,0.2,0.11,1.0,1.0,U86389,768
,0.0,0.0,0.0,0.0,0.0,0.0,0.0,0.0,0.14,0.13,1.0,1.0,U59400,768
,0.0,0.0,0.0,0.0,0.0,0.0,0.0,0.0,0.14,0.1,1.0,1.0,U12889,768
,0.0,0.0,0.0,0.0,0.0,0.0,0.0,0.0,0.22,0.12,1.0,1.0,U45810,768
,0.0,0.0,0.0,0.0,0.0,0.0,0.0,0.0,0.14,0.1,1.0,1.0,U7937,768
0.32663316582914576,0.007407407407407408,0.0,0.0,0.0,0.0,0.0,0.0,0.07142857142857142,0.18,0.11,1.0,1.0,U1994,768
,0.0,0.0,0.0,0.0,0.0,0.0,0.0,0.0,0.2,0.12,1.0,1.0,U43046,768
,0.0,0.0,0.0,0.0,0.0,0.0,0.0,0.0,0.18,0.12,1.0,1.0,U69555,768
,0.0,0.0,0.0,0.0,0.0,0.0,0.0,0.0,0.16,0.11,1.0,1.0,U88797,768
,0.0,0.0,0.0,0.0,0.0,0.0,0.0,0.0,0.06,0.04,1.0,1.0,U32146,768
,0.0,0.0,0.0,0.0,0.0,0.0,0.0,0.0,0.16,0.08,1.0,1.0,U80190,768
,0.0,0.0,0.0,0.0,0.0,0.0,0.0,0.0,0.12,0.07,1.0,1.0,U15130,768
,0.0,0.0,0.0,0.0,0.0,0.0,0.0,0.0,0.18,0.11,1.0,1.0,U36700,768
,0.0,0.0,0.0,0.0,0.0,0.0,0.0,0.0,0.18,0.13,1.0,1.0,U42563,768
0.8190954773869347,0.02702702702702703,0.0,0.0,0.0,0.0,1.0,1.0,1.0,0.12,0.06,1.0,1.0,U90518,768
,0.0,0.0,0.0,0.0,0.0,0.0,0.0,0.0,0.12,0.1,1.0,1.0,U49118,768
,0.0,0.0,0.0,0.0,0.0,0.0,0.0,0.0,0.14,0.08,1.0,1.0,U32317,768
,0.0,0.0,0.0,0.0,0.0,0.0,0.0,0.0,0.06,0.06,1.0,1.0,U45330,768
,0.0,0.0,0.0,0.0,0.0,0.0,0.0,0.0,0.04,0.03,1.0,1.0,U84812,768
,0.0,0.0,0.0,0.0,0.0,0.0,0.0,0.0,0.04,0.02,1.0,1.0,U27077,768
,0.0,0.0,0.0,0.0,0.0,0.0,0.0,0.0,0.22,0.12,1.0,1.0,U86049,768
,0.0,0.0,0.0,0.0,0.0,0.0,0.0,0.0,0.08,0.05,1.0,1.0,U94056,768
,0.0,0.0,0.0,0.0,0.0,0.0,0.0,0.0,0.18,0.12,1.0,1.0,U86378,768
,0.0,0.0,0.0,0.0,0.0,0.0,0.0,0.0,0.14,0.09,1.0,1.0,U62486,768
,0.0,0.0,0.0,0.0,0.0,0.0,0.0,0.0,0.14,0.11,1.0,1.0,U50034,768
,0.0,0.0,0.0,0.0,0.0,0.0,0.0,0.0,0.22,0.11,1.0,1.0,U91995,768
,0.0,0.0,0.0,0.0,0.0,0.0,0.0,0.0,0.14,0.09,1.0,1.0,U64973,768
,0.0,0.0,0.0,0.0,0.0,0.0,0.0,0.0,0.18,0.11,1.0,1.0,U35187,768
,0.0,0.0,0.0,0.0,0.0,0.0,0.0,0.0,0.16,0.1,1.0,1.0,U65183,768
,0.0,0.0,0.0,0.0,0.0,0.0,0.0,0.0,0.1,0.1,1.0,1.0,U45957,768
,0.0,0.0,0.0,0.0,0.0,0.0,0.0,0.0,0.12,0.08,1.0,1.0,U78849,768
,0.0,0.0,0.0,0.0,0.0,0.0,0.0,0.0,0.16,0.08,1.0,1.0,U2146,768
,0.0,0.0,0.0,0.0,0.0,0.0,0.0,0.0,0.02,0.02,1.0,1.0,U75262,768
,0.0,0.0,0.0,0.0,0.0,0.0,0.0,0.0,0.12,0.08,1.0,1.0,U26513,768
,0.0,0.0,0.0,0.0,0.0,0.0,0.0,0.0,0.12,0.08,1.0,1.0,U14162,768
0.1457286432160804,0.005847953216374269,0.0,0.0,0.0,0.0,0.0,0.0,0.25,0.04,0.02,1.0,1.0,U83648,768
,0.0,0.0,0.0,0.0,0.0,0.0,0.0,0.0,0.1,0.11,1.0,1.0,U70993,768
,0.0,0.0,0.0,0.0,0.0,0.0,0.0,0.0,0.14,0.11,1.0,1.0,U64048,768
,0.0,0.0,0.0,0.0,0.0,0.0,0.0,0.0,0.1,0.08,1.0,1.0,U63591,768
,0.0,0.0,0.0,0.0,0.0,0.0,0.0,0.0,0.22,0.11,1.0,1.0,U24063,768
,0.0,0.0,0.0,0.0,0.0,0.0,0.0,0.0,0.16,0.11,1.0,1.0,U24936,768
,0.0,0.0,0.0,0.0,0.0,0.0,0.0,0.0,0.16,0.09,1.0,1.0,U83610,768
,0.0,0.0,0.0,0.0,0.0,0.0,0.0,0.0,0.18,0.11,1.0,1.0,U46016,768
,0.0,0.0,0.0,0.0,0.0,0.0,0.0,0.0,0.16,0.09,1.0,1.0,U25106,768
,0.0,0.0,0.0,0.0,0.0,0.0,0.0,0.0,0.06,0.05,1.0,1.0,U34086,768
,0.0,0.0,0.0,0.0,0.0,0.0,0.0,0.0,0.24,0.13,1.0,1.0,U87077,768
,0.0,0.0,0.0,0.0,0.0,0.0,0.0,0.0,0.22,0.12,1.0,1.0,U38758,768
,0.0,0.0,0.0,0.0,0.0,0.0,0.0,0.0,0.18,0.12,1.0,1.0,U26286,768
,0.0,0.0,0.0,0.0,0.0,0.0,0.0,0.0,0.2,0.13,1.0,1.0,U57413,768
,0.0,0.0,0.0,0.0,0.0,0.0,0.0,0.0,0.18,0.11,1.0,1.0,U58938,768
,0.0,0.0,0.0,0.0,0.0,0.0,0.0,0.0,0.18,0.1,1.0,1.0,U5029,768
,0.0,0.0,0.0,0.0,0.0,0.0,0.0,0.0,0.26,0.13,1.0,1.0,U18975,0
,0.0,0.0,0.0,0.0,0.0,0.0,0.0,0.0,0.16,0.11,1.0,1.0,U83757,768
,0.0,0.0,0.0,0.0,0.0,0.0,0.0,0.0,0.2,0.11,1.0,1.0,U57047,768
,0.0,0.0,0.0,0.0,0.0,0.0,0.0,0.0,0.12,0.07,1.0,1.0,U68963,768
0.32663316582914576,0.007407407407407408,0.0,0.0,0.0,0.0,0.0,0.0,0.5,0.2,0.12,1.0,1.0,U70396,768
,0.0,0.0,0.0,0.0,0.0,0.0,0.0,0.0,0.12,0.06,1.0,1.0,U37768,768
,0.0,0.0,0.0,0.0,0.0,0.0,0.0,0.0,0.04,0.03,1.0,1.0,U74088,768
,0.0,0.0,0.0,0.0,0.0,0.0,0.0,0.0,0.18,0.11,1.0,1.0,U45184,768
,0.0,0.0,0.0,0.0,0.0,0.0,0.0,0.0,0.18,0.12,1.0,1.0,U27043,768
,0.0,0.0,0.0,0.0,0.0,0.0,0.0,0.0,0.08,0.05,1.0,1.0,U88092,768
,0.0,0.0,0.0,0.0,0.0,0.0,0.0,0.0,0.16,0.11,1.0,1.0,U38429,768
,0.0,0.0,0.0,0.0,0.0,0.0,0.0,0.0,0.16,0.1,1.0,1.0,U3662,768
,0.0,0.0,0.0,0.0,0.0,0.0,0.0,0.0,0.18,0.11,1.0,1.0,U42421,768
,0.0,0.0,0.0,0.0,0.0,0.0,0.0,0.0,0.2,0.1,1.0,1.0,U55679,768
,0.0,0.0,0.0,0.0,0.0,0.0,0.0,0.0,0.14,0.1,1.0,1.0,U72045,768
,0.0,0.0,0.0,0.0,0.0,0.0,0.0,0.0,0.1,0.08,1.0,1.0,U26276,768
,0.0,0.0,0.0,0.0,0.0,0.0,0.0,0.0,0.2,0.12,1.0,1.0,U28820,768
,0.0,0.0,0.0,0.0,0.0,0.0,0.0,0.0,0.24,0.12,1.0,1.0,U2006,768
,0.0,0.0,0.0,0.0,0.0,0.0,0.0,0.0,0.14,0.09,1.0,1.0,U79601,768
,0.0,0.0,0.0,0.0,0.0,0.0,0.0,0.0,0.1,0.07,1.0,1.0,U1975,768
,0.0,0.0,0.0,0.0,0.0,0.0,0.0,0.0,0.2,0.11,1.0,1.0,U20985,768
,0.0,0.0,0.0,0.0,0.0,0.0,0.0,0.0,0.12,0.09,1.0,1.0,U87232,768
,0.0,0.0,0.0,0.0,0.0,0.0,0.0,0.0,0.08,0.04,1.0,1.0,U23610,768
,0.0,0.0,0.0,0.0,0.0,0.0,0.0,0.0,0.1,0.07,1.0,1.0,U14939,768
,0.0,0.0,0.0,0.0,0.0,0.0,0.0,0.0,0.22,0.12,1.0,1.0,U85017,768
,0.0,0.0,0.0,0.0,0.0,0.0,0.0,0.0,0.22,0.11,1.0,1.0,U68838,768
,0.0,0.0,0.0,0.0,0.0,0.0,0.0,0.0,0.14,0.1,1.0,1.0,U2157,768
,0.0,0.0,0.0,0.0,0.0,0.0,0.0,0.0,0.14,0.09,1.0,1.0,U63705,768
0.04020100502512563,0.005208333333333333,0.0,0.0,0.0,0.0,0.0,0.0,0.25,0.22,0.13,1.0,1.0,U2223,768
,0.0,0.0,0.0,0.0,0.0,0.0,0.0,0.0,0.12,0.06,1.0,1.0,U48972,768
,0.0,0.0,0.0,0.0,0.0,0.0,0.0,0.0,0.2,0.11,1.0,1.0,U68046,768
0.9045226130653267,0.05,0.0,0.0,0.0,0.0,0.25,0.25,0.25,0.14,0.07,1.0,1.0,U17798,768
,0.0,0.0,0.0,0.0,0.0,0.0,0.0,0.0,0.14,0.1,1.0,1.0,U44110,768
,0.0,0.0,0.0,0.0,0.0,0.0,0.0,0.0,0.14,0.1,1.0,1.0,U86702,768
,0.0,0.0,0.0,0.0,0.0,0.0,0.0,0.0,0.04,0.03,1.0,1.0,U83940,768
,0.0,0.0,0.0,0.0,0.0,0.0,0.0,0.0,0.06,0.06,1.0,1.0,U45668,768
,0.0,0.0,0.0,0.0,0.0,0.0,0.0,0.0,0.18,0.12,1.0,1.0,U65036,768
,0.0,0.0,0.0,0.0,0.0,0.0,0.0,0.0,0.2,0.14,1.0,1.0,U71994,0
,0.0,0.0,0.0,0.0,0.0,0.0,0.0,0.0,0.14,0.1,1.0,1.0,U79085,768
,0.0,0.0,0.0,0.0,0.0,0.0,0.0,0.0,0.12,0.07,1.0,1.0,U49658,768
,0.0,0.0,0.0,0.0,0.0,0.0,0.0,0.0,0.08,0.05,1.0,1.0,U77538,768
,0.0,0.0,0.0,0.0,0.0,0.0,0.0,0.0,0.06,0.06,1.0,1.0,U36945,768
,0.0,0.0,0.0,0.0,0.0,0.0,0.0,0.0,0.22,0.11,1.0,1.0,U16213,768
,0.0,0.0,0.0,0.0,0.0,0.0,0.0,0.0,0.18,0.1,1.0,1.0,U17200,768
,0.0,0.0,0.0,0.0,0.0,0.0,0.0,0.0,0.18,0.11,1.0,1.0,U69560,768
0.8140703517587939,0.02631578947368421,0.0,0.0,0.0,0.0,0.1,0.1,0.1,0.12,0.07,1.0,1.0,U22352,768
0.0,0.005,0.0,0.0,0.0,0.0,0.0,0.0,0.25,0.04,0.05,1.0,1.0,U74511,768
,0.0,0.0,0.0,0.0,0.0,0.0,0.0,0.0,0.18,0.12,1.0,1.0,U12580,768
,0.0,0.0,0.0,0.0,0.0,0.0,0.0,0.0,0.14,0.08,1.0,1.0,U6933,768
,0.0,0.0,0.0,0.0,0.0,0.0,0.0,0.0,0.16,0.12,1.0,1.0,U93214,768
,0.0,0.0,0.0,0.0,0.0,0.0,0.0,0.0,0.14,0.12,1.0,1.0,U90165,768
,0.0,0.0,0.0,0.0,0.0,0.0,0.0,0.0,0.14,0.09,1.0,1.0,U9065,768
,0.0,0.0,0.0,0.0,0.0,0.0,0.0,0.0,0.2,0.12,1.0,1.0,U88316,768
,0.0,0.0,0.0,0.0,0.0,0.0,0.0,0.0,0.16,0.1,1.0,1.0,U78413,768
,0.0,0.0,0.0,0.0,0.0,0.0,0.0,0.0,0.16,0.1,1.0,1.0,U68993,768
,0.0,0.0,0.0,0.0,0.0,0.0,0.0,0.0,0.12,0.08,1.0,1.0,U10182,768
,0.0,0.0,0.0,0.0,0.0,0.0,0.0,0.0,0.2,0.11,1.0,1.0,U9360,768
,0.0,0.0,0.0,0.0,0.0,0.0,0.0,0.0,0.22,0.12,1.0,1.0,U89323,768
,0.0,0.0,0.0,0.0,0.0,0.0,0.0,0.0,0.18,0.1,1.0,1.0,U48450,768
,0.0,0.0,0.0,0.0,0.0,0.0,0.0,0.0,0.02,0.02,1.0,1.0,U47573,768
0.914572864321608,0.05555555555555555,0.0,0.0,0.0,0.0,0.5,0.5,0.5,0.08,0.05,1.0,1.0,U11146,768
,0.0,0.0,0.0,0.0,0.0,0.0,0.0,0.0,0.18,0.1,1.0,1.0,U2115,768
,0.0,0.0,0.0,0.0,0.0,0.0,0.0,0.0,0.14,0.07,1.0,1.0,U52303,768
0.9949748743718593,0.5,0.6309297535714575,0.6309297535714575,0.16666666666666666,0.16666666666666666,0.16666666666666666,0.16666666666666666,0.16666666666666666,0.18,0.1,1.0,1.0,U85796,768
,0.0,0.0,0.0,0.0,0.0,0.0,0.0,0.0,0.16,0.11,1.0,1.0,U37379,768
,0.0,0.0,0.0,0.0,0.0,0.0,0.0,0.0,0.16,0.12,1.0,1.0,U23841,768
,0.0,0.0,0.0,0.0,0.0,0.0,0.0,0.0,0.18,0.1,1.0,1.0,U56109,768
,0.0,0.0,0.0,0.0,0.0,0.0,0.0,0.0,0.16,0.09,1.0,1.0,U30107,768
,0.0,0.0,0.0,0.0,0.0,0.0,0.0,0.0,0.2,0.11,1.0,1.0,U52528,768
,0.0,0.0,0.0,0.0,0.0,0.0,0.0,0.0,0.2,0.12,1.0,1.0,U51267,768
,0.0,0.0,0.0,0.0,0.0,0.0,0.0,0.0,0.2,0.12,1.0,1.0,U65936,768
,0.0,0.0,0.0,0.0,0.0,0.0,0.0,0.0,0.12,0.1,1.0,1.0,U27559,768
,0.0,0.0,0.0,0.0,0.0,0.0,0.0,0.0,0.16,0.11,1.0,1.0,U22576,768
,0.0,0.0,0.0,0.0,0.0,0.0,0.0,0.0,0.18,0.1,1.0,1.0,U27029,768
0.5226130653266332,0.010416666666666666,0.0,0.0,0.0,0.0,0.0,1.0,1.0,0.1,0.07,1.0,1.0,U85637,768
,0.0,0.0,0.0,0.0,0.0,0.0,0.0,0.0,0.2,0.14,1.0,1.0,U55482,768
,0.0,0.0,0.0,0.0,0.0,0.0,0.0,0.0,0.18,0.11,1.0,1.0,U65257,768
,0.0,0.0,0.0,0.0,0.0,0.0,0.0,0.0,0.18,0.12,1.0,1.0,U2129,768
,0.0,0.0,0.0,0.0,0.0,0.0,0.0,0.0,0.12,0.1,1.0,1.0,U83361,768
,0.0,0.0,0.0,0.0,0.0,0.0,0.0,0.0,0.16,0.1,1.0,1.0,U90373,768
,0.0,0.0,0.0,0.0,0.0,0.0,0.0,0.0,0.22,0.11,1.0,1.0,U72163,768
,0.0,0.0,0.0,0.0,0.0,0.0,0.0,0.0,0.22,0.11,1.0,1.0,U51164,768
,0.0,0.0,0.0,0.0,0.0,0.0,0.0,0.0,0.14,0.1,1.0,1.0,U57258,768
,0.0,0.0,0.0,0.0,0.0,0.0,0.0,0.0,0.26,0.14,1.0,1.0,U79937,0
,0.0,0.0,0.0,0.0,0.0,0.0,0.0,0.0,0.16,0.11,1.0,1.0,U65635,768
,0.0,0.0,0.0,0.0,0.0,0.0,0.0,0.0,0.2,0.1,1.0,1.0,U41106,768
,0.0,0.0,0.0,0.0,0.0,0.0,0.0,0.0,0.18,0.12,1.0,1.0,U12730,768
,0.0,0.0,0.0,0.0,0.0,0.0,0.0,0.0,0.12,0.09,1.0,1.0,U18955,768
,0.0,0.0,0.0,0.0,0.0,0.0,0.0,0.0,0.18,0.11,1.0,1.0,U71956,768
,0.0,0.0,0.0,0.0,0.0,0.0,0.0,0.0,0.24,0.12,1.0,1.0,U90424,768
0.5,0.022222222222222223,0.0,0.0,0.0,0.0,0.16666666666666666,0.16666666666666666,0.16666666666666666,0.2,0.12,1.0,1.0,U12423,0
,0.0,0.0,0.0,0.0,0.0,0.0,0.0,0.0,0.14,0.08,1.0,1.0,U75117,768
,0.0,0.0,0.0,0.0,0.0,0.0,0.0,0.0,0.18,0.11,1.0,1.0,U45894,768
,0.0,0.0,0.0,0.0,0.0,0.0,0.0,0.0,0.22,0.11,1.0,1.0,U53629,768
,0.0,0.0,0.0,0.0,0.0,0.0,0.0,0.0,0.12,0.09,1.0,1.0,U22977,768
0.7085427135678392,0.01694915254237288,0.0,0.0,0.0,0.0,0.0,0.07692307692307693,0.07692307692307693,0.22,0.12,1.0,1.0,U89982,768
,0.0,0.0,0.0,0.0,0.0,0.0,0.0,0.0,0.04,0.02,1.0,1.0,U85235,768
,0.0,0.0,0.0,0.0,0.0,0.0,0.0,0.0,0.14,0.1,1.0,1.0,U66031,768
,0.0,0.0,0.0,0.0,0.0,0.0,0.0,0.0,0.16,0.11,1.0,1.0,U9732,768
,0.0,0.0,0.0,0.0,0.0,0.0,0.0,0.0,0.22,0.11,1.0,1.0,U85145,768
,0.0,0.0,0.0,0.0,0.0,0.0,0.0,0.0,0.12,0.1,1.0,1.0,U74959,768
,0.0,0.0,0.0,0.0,0.0,0.0,0.0,0.0,0.14,0.09,1.0,1.0,U17275,768
,0.0,0.0,0.0,0.0,0.0,0.0,0.0,0.0,0.2,0.12,1.0,1.0,U17841,768
,0.0,0.0,0.0,0.0,0.0,0.0,0.0,0.0,0.16,0.1,1.0,1.0,U85163,768
,0.0,0.0,0.0,0.0,0.0,0.0,0.0,0.0,0.16,0.09,1.0,1.0,U56117,768
,0.0,0.0,0.0,0.0,0.0,0.0,0.0,0.0,0.16,0.11,1.0,1.0,U85423,768
,0.0,0.0,0.0,0.0,0.0,0.0,0.0,0.0,0.18,0.1,1.0,1.0,U62981,768
,0.0,0.0,0.0,0.0,0.0,0.0,0.0,0.0,0.2,0.12,1.0,1.0,U8085,768
,0.0,0.0,0.0,0.0,0.0,0.0,0.0,0.0,0.22,0.12,1.0,1.0,U52777,768
,0.0,0.0,0.0,0.0,0.0,0.0,0.0,0.0,0.08,0.06,1.0,1.0,U36692,768
,0.0,0.0,0.0,0.0,0.0,0.0,0.0,0.0,0.22,0.11,1.0,1.0,U38187,768
,0.0,0.0,0.0,0.0,0.0,0.0,0.0,0.0,0.18,0.1,1.0,1.0,U80408,768
,0.0,0.0,0.0,0.0,0.0,0.0,0.0,0.0,0.04,0.04,1.0,1.0,U59430,768
,0.0,0.0,0.0,0.0,0.0,0.0,0.0,0.0,0.2,0.1,1.0,1.0,U1150,768
,0.0,0.0,0.0,0.0,0.0,0.0,0.0,0.0,0.14,0.12,1.0,1.0,U58790,768
,0.0,0.0,0.0,0.0,0.0,0.0,0.0,0.0,0.18,0.1,1.0,1.0,U62013,768
,0.0,0.0,0.0,0.0,0.0,0.0,0.0,0.0,0.14,0.09,1.0,1.0,U42830,768
,0.0,0.0,0.0,0.0,0.0,0.0,0.0,0.0,0.06,0.05,1.0,1.0,U43615,768
,0.0,0.0,0.0,0.0,0.0,0.0,0.0,0.0,0.1,0.06,1.0,1.0,U73829,768
,0.0,0.0,0.0,0.0,0.0,0.0,0.0,0.0,0.16,0.09,1.0,1.0,U48080,768
,0.0,0.0,0.0,0.0,0.0,0.0,0.0,0.0,0.02,0.02,1.0,1.0,U22849,768
0.18592964824120603,0.006134969325153374,0.0,0.0,0.0,0.0,0.0,0.0,0.08333333333333333,0.22,0.13,1.0,1.0,U35424,768
,0.0,0.0,0.0,0.0,0.0,0.0,0.0,0.0,0.16,0.09,1.0,1.0,U63874,768
,0.0,0.0,0.0,0.0,0.0,0.0,0.0,0.0,0.16,0.12,1.0,1.0,U65086,768
,0.0,0.0,0.0,0.0,0.0,0.0,0.0,0.0,0.12,0.09,1.0,1.0,U71100,768
,0.0,0.0,0.0,0.0,0.0,0.0,0.0,0.0,0.08,0.07,1.0,1.0,U58860,768
,0.0,0.0,0.0,0.0,0.0,0.0,0.0,0.0,0.12,0.06,1.0,1.0,U24109,768
,0.0,0.0,0.0,0.0,0.0,0.0,0.0,0.0,0.16,0.1,1.0,1.0,U3994,768
,0.0,0.0,0.0,0.0,0.0,0.0,0.0,0.0,0.1,0.11,1.0,1.0,U6125,768
,0.0,0.0,0.0,0.0,0.0,0.0,0.0,0.0,0.18,0.11,1.0,1.0,U57228,768
,0.0,0.0,0.0,0.0,0.0,0.0,0.0,0.0,0.22,0.12,1.0,1.0,U9157,768
0.10552763819095477,0.00558659217877095,0.0,0.0,0.0,0.0,0.0,0.0,1.0,0.22,0.11,1.0,1.0,U91045,768
0.49748743718592964,0.009900990099009901,0.0,0.0,0.0,0.0,0.0,0.0,0.16666666666666666,0.22,0.11,1.0,1.0,U43301,768
,0.0,0.0,0.0,0.0,0.0,0.0,0.0,0.0,0.14,0.1,1.0,1.0,U16679,768
,0.0,0.0,0.0,0.0,0.0,0.0,0.0,0.0,0.12,0.1,1.0,1.0,U66681,768
,0.0,0.0,0.0,0.0,0.0,0.0,0.0,0.0,0.16,0.13,1.0,1.0,U31956,768
0.7839195979899497,0.022727272727272728,0.0,0.0,0.0,0.0,0.2,0.2,0.2,0.06,0.03,1.0,1.0,U78813,768
,0.0,0.0,0.0,0.0,0.0,0.0,0.0,0.0,0.04,0.02,1.0,1.0,U48064,768
,0.0,0.0,0.0,0.0,0.0,0.0,0.0,0.0,0.06,0.05,1.0,1.0,U25519,768
,0.0,0.0,0.0,0.0,0.0,0.0,0.0,0.0,0.16,0.11,1.0,1.0,U25710,768
,0.0,0.0,0.0,0.0,0.0,0.0,0.0,0.0,0.14,0.11,1.0,1.0,U21261,768
,0.0,0.0,0.0,0.0,0.0,0.0,0.0,0.0,0.16,0.1,1.0,1.0,U89705,768
,0.0,0.0,0.0,0.0,0.0,0.0,0.0,0.0,0.1,0.06,1.0,1.0,U136,768
,0.0,0.0,0.0,0.0,0.0,0.0,0.0,0.0,0.18,0.1,1.0,1.0,U5730,768
,0.0,0.0,0.0,0.0,0.0,0.0,0.0,0.0,0.2,0.11,1.0,1.0,U58257,768
,0.0,0.0,0.0,0.0,0.0,0.0,0.0,0.0,0.04,0.03,1.0,1.0,U71620,768
,0.0,0.0,0.0,0.0,0.0,0.0,0.0,0.0,0.14,0.1,1.0,1.0,U64340,768
,0.0,0.0,0.0,0.0,0.0,0.0,0.0,0.0,0.16,0.12,1.0,1.0,U47360,768
,0.0,0.0,0.0,0.0,0.0,0.0,0.0,0.0,0.04,0.03,1.0,1.0,U29365,768
,0.0,0.0,0.0,0.0,0.0,0.0,0.0,0.0,0.06,0.03,1.0,1.0,U82485,768
,0.0,0.0,0.0,0.0,0.0,0.0,0.0,0.0,0.18,0.12,1.0,1.0,U9611,768
,0.0,0.0,0.0,0.0,0.0,0.0,0.0,0.0,0.12,0.08,1.0,1.0,U15084,768
,0.0,0.0,0.0,0.0,0.0,0.0,0.0,0.0,0.16,0.1,1.0,1.0,U93804,768
,0.0,0.0,0.0,0.0,0.0,0.0,0.0,0.0,0.12,0.08,1.0,1.0,U84783,768
,0.0,0.0,0.0,0.0,0.0,0.0,0.0,0.0,0.08,0.06,1.0,1.0,U19333,768
,0.0,0.0,0.0,0.0,0.0,0.0,0.0,0.0,0.06,0.06,1.0,1.0,U14262,768
,0.0,0.0,0.0,0.0,0.0,0.0,0.0,0.0,0.06,0.04,1.0,1.0,U79740,768
,0.0,0.0,0.0,0.0,0.0,0.0,0.0,0.0,0.06,0.03,1.0,1.0,U66743,768
,0.0,0.0,0.0,0.0,0.0,0.0,0.0,0.0,0.12,0.09,1.0,1.0,U52852,768
,0.0,0.0,0.0,0.0,0.0,0.0,0.0,0.0,0.22,0.12,1.0,1.0,U67648,768
0.5879396984924623,0.012048192771084338,0.0,0.0,0.0,0.0,0.0,0.1,0.1,0.16,0.08,1.0,1.0,U8818,768
,0.0,0.0,0.0,0.0,0.0,0.0,0.0,0.0,0.08,0.04,1.0,1.0,U81394,768
,0.0,0.0,0.0,0.0,0.0,0.0,0.0,0.0,0.2,0.13,1.0,1.0,U90601,768
,0.0,0.0,0.0,0.0,0.0,0.0,0.0,0.0,0.18,0.11,1.0,1.0,U15703,768
,0.0,0.0,0.0,0.0,0.0,0.0,0.0,0.0,0.2,0.1,1.0,1.0,U64885,768
,0.0,0.0,0.0,0.0,0.0,0.0,0.0,0.0,0.16,0.08,1.0,1.0,U63623,768
,0.0,0.0,0.0,0.0,0.0,0.0,0.0,0.0,0.2,0.12,1.0,1.0,U83275,768
,0.0,0.0,0.0,0.0,0.0,0.0,0.0,0.0,0.1,0.13,1.0,1.0,U75961,768
,0.0,0.0,0.0,0.0,0.0,0.0,0.0,0.0,0.14,0.09,1.0,1.0,U26771,768
,0.0,0.0,0.0,0.0,0.0,0.0,0.0,0.0,0.08,0.04,1.0,1.0,U16262,768
,0.0,0.0,0.0,0.0,0.0,0.0,0.0,0.0,0.18,0.12,1.0,1.0,U81754,768
,0.0,0.0,0.0,0.0,0.0,0.0,0.0,0.0,0.06,0.04,1.0,1.0,U53181,768
,0.0,0.0,0.0,0.0,0.0,0.0,0.0,0.0,0.18,0.12,1.0,1.0,U90998,768
,0.0,0.0,0.0,0.0,0.0,0.0,0.0,0.0,0.06,0.06,1.0,1.0,U5144,768
,0.0,0.0,0.0,0.0,0.0,0.0,0.0,0.0,0.16,0.09,1.0,1.0,U87935,768
,0.0,0.0,0.0,0.0,0.0,0.0,0.0,0.0,0.24,0.14,1.0,1.0,U9707,768
,0.0,0.0,0.0,0.0,0.0,0.0,0.0,0.0,0.18,0.12,1.0,1.0,U26728,768
,0.0,0.0,0.0,0.0,0.0,0.0,0.0,0.0,0.12,0.1,1.0,1.0,U12947,768
,0.0,0.0,0.0,0.0,0.0,0.0,0.0,0.0,0.18,0.13,1.0,1.0,U30014,0
,0.0,0.0,0.0,0.0,0.0,0.0,0.0,0.0,0.18,0.12,1.0,1.0,U74007,768
0.9698492462311558,0.14285714285714285,0.0,0.3333333333333333,0.0,0.25,0.25,0.25,0.25,0.2,0.11,1.0,1.0,U81263,768
,0.0,0.0,0.0,0.0,0.0,0.0,0.0,0.0,0.2,0.11,1.0,1.0,U75249,768
,0.0,0.0,0.0,0.0,0.0,0.0,0.0,0.0,0.02,0.03,1.0,1.0,U9708,768
,0.0,0.0,0.0,0.0,0.0,0.0,0.0,0.0,0.18,0.1,1.0,1.0,U14329,768
,0.0,0.0,0.0,0.0,0.0,0.0,0.0,0.0,0.24,0.12,1.0,1.0,U46747,768
,0.0,0.0,0.0,0.0,0.0,0.0,0.0,0.0,0.06,0.05,1.0,1.0,U75122,768
,0.0,0.0,0.0,0.0,0.0,0.0,0.0,0.0,0.12,0.09,1.0,1.0,U35409,768
,0.0,0.0,0.0,0.0,0.0,0.0,0.0,0.0,0.04,0.03,1.0,1.0,U64490,768
0.4020100502512563,0.008333333333333333,0.0,0.0,0.0,0.0,0.0,0.0,0.125,0.18,0.11,1.0,1.0,U11921,768
,0.0,0.0,0.0,0.0,0.0,0.0,0.0,0.0,0.16,0.09,1.0,1.0,U28348,768
,0.0,0.0,0.0,0.0,0.0,0.0,0.0,0.0,0.2,0.11,1.0,1.0,U52029,768
,0.0,0.0,0.0,0.0,0.0,0.0,0.0,0.0,0.04,0.02,1.0,1.0,U91886,768
,0.0,0.0,0.0,0.0,0.0,0.0,0.0,0.0,0.14,0.07,1.0,1.0,U67869,768
,0.0,0.0,0.0,0.0,0.0,0.0,0.0,0.0,0.2,0.11,1.0,1.0,U50355,768
0.8592964824120602,0.034482758620689655,0.0,0.0,0.0,0.0,1.0,1.0,1.0,0.1,0.06,1.0,1.0,U78416,768
,0.0,0.0,0.0,0.0,0.0,0.0,0.0,0.0,0.2,0.12,1.0,1.0,U1926,768
,0.0,0.0,0.0,0.0,0.0,0.0,0.0,0.0,0.12,0.07,1.0,1.0,U39055,768
0.6733668341708543,0.015151515151515152,0.0,0.0,0.0,0.0,0.0,0.14285714285714285,0.14285714285714285,0.18,0.12,1.0,1.0,U47201,768
,0.0,0.0,0.0,0.0,0.0,0.0,0.0,0.0,0.18,0.1,1.0,1.0,U31372,768
,0.0,0.0,0.0,0.0,0.0,0.0,0.0,0.0,0.1,0.06,1.0,1.0,U26941,768
,0.0,0.0,0.0,0.0,0.0,0.0,0.0,0.0,0.16,0.11,1.0,1.0,U46406,768
,0.0,0.0,0.0,0.0,0.0,0.0,0.0,0.0,0.14,0.1,1.0,1.0,U72309,768
,0.0,0.0,0.0,0.0,0.0,0.0,0.0,0.0,0.16,0.11,1.0,1.0,U22597,768
,0.0,0.0,0.0,0.0,0.0,0.0,0.0,0.0,0.2,0.12,1.0,1.0,U56594,768
,0.0,0.0,0.0,0.0,0.0,0.0,0.0,0.0,0.14,0.11,1.0,1.0,U32974,768
,0.0,0.0,0.0,0.0,0.0,0.0,0.0,0.0,0.12,0.08,1.0,1.0,U92455,768
,0.0,0.0,0.0,0.0,0.0,0.0,0.0,0.0,0.12,0.08,1.0,1.0,U25200,768
,0.0,0.0,0.0,0.0,0.0,0.0,0.0,0.0,0.1,0.05,1.0,1.0,U9824,768
,0.0,0.0,0.0,0.0,0.0,0.0,0.0,0.0,0.16,0.12,1.0,1.0,U38572,768
,0.0,0.0,0.0,0.0,0.0,0.0,0.0,0.0,0.2,0.11,1.0,1.0,U35038,768
,0.0,0.0,0.0,0.0,0.0,0.0,0.0,0.0,0.12,0.08,1.0,1.0,U40365,768
0.6633165829145728,0.014705882352941176,0.0,0.0,0.0,0.0,0.0,0.25,0.25,0.2,0.11,1.0,1.0,U28738,768
,0.0,0.0,0.0,0.0,0.0,0.0,0.0,0.0,0.14,0.08,1.0,1.0,U71059,768
,0.0,0.0,0.0,0.0,0.0,0.0,0.0,0.0,0.06,0.05,1.0,1.0,U27315,768
,0.0,0.0,0.0,0.0,0.0,0.0,0.0,0.0,0.12,0.08,1.0,1.0,U87350,768
,0.0,0.0,0.0,0.0,0.0,0.0,0.0,0.0,0.18,0.12,1.0,1.0,U39770,768
,0.0,0.0,0.0,0.0,0.0,0.0,0.0,0.0,0.1,0.09,1.0,1.0,U2379,768
,0.0,0.0,0.0,0.0,0.0,0.0,0.0,0.0,0.14,0.11,1.0,1.0,U42732,768
,0.0,0.0,0.0,0.0,0.0,0.0,0.0,0.0,0.08,0.08,1.0,1.0,U42235,768
,0.0,0.0,0.0,0.0,0.0,0.0,0.0,0.0,0.16,0.11,1.0,1.0,U77130,768
,0.0,0.0,0.0,0.0,0.0,0.0,0.0,0.0,0.18,0.12,1.0,1.0,U36071,768
,0.0,0.0,0.0,0.0,0.0,0.0,0.0,0.0,0.22,0.12,1.0,1.0,U26227,768
,0.0,0.0,0.0,0.0,0.0,0.0,0.0,0.0,0.2,0.11,1.0,1.0,U28320,768
,0.0,0.0,0.0,0.0,0.0,0.0,0.0,0.0,0.16,0.1,1.0,1.0,U90852,768
,0.0,0.0,0.0,0.0,0.0,0.0,0.0,0.0,0.14,0.1,1.0,1.0,U8536,768
,0.0,0.0,0.0,0.0,0.0,0.0,0.0,0.0,0.2,0.12,1.0,1.0,U40834,768
,0.0,0.0,0.0,0.0,0.0,0.0,0.0,0.0,0.2,0.11,1.0,1.0,U74602,768
,0.0,0.0,0.0,0.0,0.0,0.0,0.0,0.0,0.08,0.08,1.0,1.0,U61264,768
,0.0,0.0,0.0,0.0,0.0,0.0,0.0,0.0,0.02,0.02,1.0,1.0,U41398,768
,0.0,0.0,0.0,0.0,0.0,0.0,0.0,0.0,0.14,0.11,1.0,1.0,U82884,768
,0.0,0.0,0.0,0.0,0.0,0.0,0.0,0.0,0.1,0.05,1.0,1.0,U13031,768
,0.0,0.0,0.0,0.0,0.0,0.0,0.0,0.0,0.18,0.11,1.0,1.0,U44895,768
,0.0,0.0,0.0,0.0,0.0,0.0,0.0,0.0,0.16,0.1,1.0,1.0,U85205,768
,0.0,0.0,0.0,0.0,0.0,0.0,0.0,0.0,0.24,0.12,1.0,1.0,U10338,768
0.35678391959798994,0.007751937984496124,0.0,0.0,0.0,0.0,0.0,0.0,0.5,0.2,0.11,1.0,1.0,U11324,768
,0.0,0.0,0.0,0.0,0.0,0.0,0.0,0.0,0.16,0.1,1.0,1.0,U8962,768
,0.0,0.0,0.0,0.0,0.0,0.0,0.0,0.0,0.06,0.04,1.0,1.0,U77083,768
0.3869346733668342,0.008130081300813009,0.0,0.0,0.0,0.0,0.0,0.0,0.5,0.02,0.03,1.0,1.0,U39529,768
,0.0,0.0,0.0,0.0,0.0,0.0,0.0,0.0,0.08,0.04,1.0,1.0,U10868,768
,0.0,0.0,0.0,0.0,0.0,0.0,0.0,0.0,0.08,0.07,1.0,1.0,U58485,768
,0.0,0.0,0.0,0.0,0.0,0.0,0.0,0.0,0.2,0.11,1.0,1.0,U60313,768
,0.0,0.0,0.0,0.0,0.0,0.0,0.0,0.0,0.1,0.09,1.0,1.0,U90716,768
,0.0,0.0,0.0,0.0,0.0,0.0,0.0,0.0,0.1,0.07,1.0,1.0,U60786,768
,0.0,0.0,0.0,0.0,0.0,0.0,0.0,0.0,0.2,0.11,1.0,1.0,U39209,768
,0.0,0.0,0.0,0.0,0.0,0.0,0.0,0.0,0.18,0.11,1.0,1.0,U86545,768
,0.0,0.0,0.0,0.0,0.0,0.0,0.0,0.0,0.2,0.11,1.0,1.0,U24558,768
,0.0,0.0,0.0,0.0,0.0,0.0,0.0,0.0,0.18,0.11,1.0,1.0,U40485,768
,0.0,0.0,0.0,0.0,0.0,0.0,0.0,0.0,0.1,0.05,1.0,1.0,U44594,768
,0.0,0.0,0.0,0.0,0.0,0.0,0.0,0.0,0.16,0.1,1.0,1.0,U17816,768
,0.0,0.0,0.0,0.0,0.0,0.0,0.0,0.0,0.16,0.1,1.0,1.0,U28850,768
,0.0,0.0,0.0,0.0,0.0,0.0,0.0,0.0,0.18,0.11,1.0,1.0,U46002,768
,0.0,0.0,0.0,0.0,0.0,0.0,0.0,0.0,0.04,0.03,1.0,1.0,U74068,768
,0.0,0.0,0.0,0.0,0.0,0.0,0.0,0.0,0.18,0.1,1.0,1.0,U92436,768
,0.0,0.0,0.0,0.0,0.0,0.0,0.0,0.0,0.18,0.11,1.0,1.0,U59773,768
,0.0,0.0,0.0,0.0,0.0,0.0,0.0,0.0,0.2,0.11,1.0,1.0,U90312,768
,0.0,0.0,0.0,0.0,0.0,0.0,0.0,0.0,0.1,0.06,1.0,1.0,U73056,768
,0.0,0.0,0.0,0.0,0.0,0.0,0.0,0.0,0.2,0.12,1.0,1.0,U3007,768
,0.0,0.0,0.0,0.0,0.0,0.0,0.0,0.0,0.12,0.1,1.0,1.0,U69869,768
,0.0,0.0,0.0,0.0,0.0,0.0,0.0,0.0,0.06,0.05,1.0,1.0,U66864,768
,0.0,0.0,0.0,0.0,0.0,0.0,0.0,0.0,0.2,0.12,1.0,1.0,U13377,768
,0.0,0.0,0.0,0.0,0.0,0.0,0.0,0.0,0.2,0.12,1.0,1.0,U70641,768
0.2914572864321608,0.007042253521126761,0.0,0.0,0.0,0.0,0.0,0.0,0.3333333333333333,0.1,0.1,1.0,1.0,U81310,768
,0.0,0.0,0.0,0.0,0.0,0.0,0.0,0.0,0.08,0.07,1.0,1.0,U73257,768
0.39195979899497485,0.00819672131147541,0.0,0.0,0.0,0.0,0.0,0.0,0.125,0.2,0.13,1.0,1.0,U34111,768
,0.0,0.0,0.0,0.0,0.0,0.0,0.0,0.0,0.1,0.11,1.0,1.0,U78786,768
0.4472361809045226,0.009009009009009009,0.0,0.0,0.0,0.0,0.0,0.0,0.125,0.18,0.12,1.0,1.0,U20308,768
,0.0,0.0,0.0,0.0,0.0,0.0,0.0,0.0,0.02,0.02,1.0,1.0,U57826,768
,0.0,0.0,0.0,0.0,0.0,0.0,0.0,0.0,0.12,0.07,1.0,1.0,U34768,768
,0.0,0.0,0.0,0.0,0.0,0.0,0.0,0.0,0.04,0.04,1.0,1.0,U55748,768
,0.0,0.0,0.0,0.0,0.0,0.0,0.0,0.0,0.2,0.13,1.0,1.0,U35092,0
,0.0,0.0,0.0,0.0,0.0,0.0,0.0,0.0,0.2,0.1,1.0,1.0,U19744,768
,0.0,0.0,0.0,0.0,0.0,0.0,0.0,0.0,0.18,0.12,1.0,1.0,U16844,768
,0.0,0.0,0.0,0.0,0.0,0.0,0.0,0.0,0.14,0.07,1.0,1.0,U33912,768
,0.0,0.0,0.0,0.0,0.0,0.0,0.0,0.0,0.2,0.11,1.0,1.0,U40171,768
,0.0,0.0,0.0,0.0,0.0,0.0,0.0,0.0,0.14,0.11,1.0,1.0,U4863,768
,0.0,0.0,0.0,0.0,0.0,0.0,0.0,0.0,0.02,0.02,1.0,1.0,U88696,768
,0.0,0.0,0.0,0.0,0.0,0.0,0.0,0.0,0.24,0.14,1.0,1.0,U86907,0
,0.0,0.0,0.0,0.0,0.0,0.0,0.0,0.0,0.14,0.09,1.0,1.0,U41667,768
,0.0,0.0,0.0,0.0,0.0,0.0,0.0,0.0,0.16,0.12,1.0,1.0,U55428,768
,0.0,0.0,0.0,0.0,0.0,0.0,0.0,0.0,0.22,0.11,1.0,1.0,U83027,768
,0.0,0.0,0.0,0.0,0.0,0.0,0.0,0.0,0.16,0.12,1.0,1.0,U85625,768
,0.0,0.0,0.0,0.0,0.0,0.0,0.0,0.0,0.12,0.1,1.0,1.0,U6997,768
0.32663316582914576,0.007407407407407408,0.0,0.0,0.0,0.0,0.0,0.0,0.25,0.2,0.11,1.0,1.0,U26710,768
,0.0,0.0,0.0,0.0,0.0,0.0,0.0,0.0,0.18,0.11,1.0,1.0,U16400,768
,0.0,0.0,0.0,0.0,0.0,0.0,0.0,0.0,0.16,0.13,1.0,1.0,U63670,768
,0.0,0.0,0.0,0.0,0.0,0.0,0.0,0.0,0.14,0.09,1.0,1.0,U31726,768
,0.0,0.0,0.0,0.0,0.0,0.0,0.0,0.0,0.22,0.11,1.0,1.0,U26334,768
,0.0,0.0,0.0,0.0,0.0,0.0,0.0,0.0,0.2,0.13,1.0,1.0,U71572,768
,0.0,0.0,0.0,0.0,0.0,0.0,0.0,0.0,0.14,0.11,1.0,1.0,U67102,768
,0.0,0.0,0.0,0.0,0.0,0.0,0.0,0.0,0.22,0.13,1.0,1.0,U54977,0
,0.0,0.0,0.0,0.0,0.0,0.0,0.0,0.0,0.18,0.12,1.0,1.0,U35634,768
,0.0,0.0,0.0,0.0,0.0,0.0,0.0,0.0,0.22,0.13,1.0,1.0,U61360,768
,0.0,0.0,0.0,0.0,0.0,0.0,0.0,0.0,0.2,0.11,1.0,1.0,U74404,768
,0.0,0.0,0.0,0.0,0.0,0.0,0.0,0.0,0.14,0.09,1.0,1.0,U80325,768
,0.0,0.0,0.0,0.0,0.0,0.0,0.0,0.0,0.08,0.05,1.0,1.0,U59633,768
,0.0,0.0,0.0,0.0,0.0,0.0,0.0,0.0,0.1,0.07,1.0,1.0,U12026,768
,0.0,0.0,0.0,0.0,0.0,0.0,0.0,0.0,0.18,0.13,1.0,1.0,U63567,768
,0.0,0.0,0.0,0.0,0.0,0.0,0.0,0.0,0.1,0.1,1.0,1.0,U77884,768
,0.0,0.0,0.0,0.0,0.0,0.0,0.0,0.0,0.04,0.03,1.0,1.0,U84700,768
,0.0,0.0,0.0,0.0,0.0,0.0,0.0,0.0,0.2,0.12,1.0,1.0,U85230,768
,0.0,0.0,0.0,0.0,0.0,0.0,0.0,0.0,0.18,0.12,1.0,1.0,U64685,768
,0.0,0.0,0.0,0.0,0.0,0.0,0.0,0.0,0.14,0.1,1.0,1.0,U86272,768
,0.0,0.0,0.0,0.0,0.0,0.0,0.0,0.0,0.12,0.09,1.0,1.0,U63238,768
,0.0,0.0,0.0,0.0,0.0,0.0,0.0,0.0,0.1,0.09,1.0,1.0,U3975,768
,0.0,0.0,0.0,0.0,0.0,0.0,0.0,0.0,0.2,0.11,1.0,1.0,U76852,768
,0.0,0.0,0.0,0.0,0.0,0.0,0.0,0.0,0.14,0.08,1.0,1.0,U4924,768
,0.0,0.0,0.0,0.0,0.0,0.0,0.0,0.0,0.2,0.11,1.0,1.0,U67720,768
,0.0,0.0,0.0,0.0,0.0,0.0,0.0,0.0,0.18,0.12,1.0,1.0,U46778,768
,0.0,0.0,0.0,0.0,0.0,0.0,0.0,0.0,0.14,0.09,1.0,1.0,U60681,768
,0.0,0.0,0.0,0.0,0.0,0.0,0.0,0.0,0.16,0.1,1.0,1.0,U54512,768
,0.0,0.0,0.0,0.0,0.0,0.0,0.0,0.0,0.12,0.09,1.0,1.0,U48356,768
,0.0,0.0,0.0,0.0,0.0,0.0,0.0,0.0,0.24,0.14,1.0,1.0,U89722,0
,0.0,0.0,0.0,0.0,0.0,0.0,0.0,0.0,0.02,0.04,1.0,1.0,U50088,768
,0.0,0.0,0.0,0.0,0.0,0.0,0.0,0.0,0.2,0.12,1.0,1.0,U48047,768
,0.0,0.0,0.0,0.0,0.0,0.0,0.0,0.0,0.16,0.12,1.0,1.0,U46656,768
,0.0,0.0,0.0,0.0,0.0,0.0,0.0,0.0,0.16,0.09,1.0,1.0,U5724,768
,0.0,0.0,0.0,0.0,0.0,0.0,0.0,0.0,0.08,0.06,1.0,1.0,U79976,768
,0.0,0.0,0.0,0.0,0.0,0.0,0.0,0.0,0.08,0.05,1.0,1.0,U41813,768
,0.0,0.0,0.0,0.0,0.0,0.0,0.0,0.0,0.24,0.12,1.0,1.0,U79566,768
,0.0,0.0,0.0,0.0,0.0,0.0,0.0,0.0,0.2,0.12,1.0,1.0,U89233,768
,0.0,0.0,0.0,0.0,0.0,0.0,0.0,0.0,0.16,0.1,1.0,1.0,U70354,768
,0.0,0.0,0.0,0.0,0.0,0.0,0.0,0.0,0.18,0.12,1.0,1.0,U59870,768
,0.0,0.0,0.0,0.0,0.0,0.0,0.0,0.0,0.12,0.1,1.0,1.0,U29050,768
,0.0,0.0,0.0,0.0,0.0,0.0,0.0,0.0,0.24,0.13,1.0,1.0,U49924,0
0.2864321608040201,0.006993006993006993,0.0,0.0,0.0,0.0,0.0,0.0,0.5,0.16,0.1,1.0,1.0,U64483,768
,0.0,0.0,0.0,0.0,0.0,0.0,0.0,0.0,0.06,0.04,1.0,1.0,U40022,768
,0.0,0.0,0.0,0.0,0.0,0.0,0.0,0.0,0.14,0.09,1.0,1.0,U6054,768
,0.0,0.0,0.0,0.0,0.0,0.0,0.0,0.0,0.22,0.12,1.0,1.0,U24163,768
,0.0,0.0,0.0,0.0,0.0,0.0,0.0,0.0,0.18,0.12,1.0,1.0,U59078,768
,0.0,0.0,0.0,0.0,0.0,0.0,0.0,0.0,0.14,0.09,1.0,1.0,U21337,768
,0.0,0.0,0.0,0.0,0.0,0.0,0.0,0.0,0.2,0.11,1.0,1.0,U39695,768
,0.0,0.0,0.0,0.0,0.0,0.0,0.0,0.0,0.1,0.09,1.0,1.0,U37396,768
,0.0,0.0,0.0,0.0,0.0,0.0,0.0,0.0,0.14,0.09,1.0,1.0,U27999,768
,0.0,0.0,0.0,0.0,0.0,0.0,0.0,0.0,0.06,0.05,1.0,1.0,U73473,768
,0.0,0.0,0.0,0.0,0.0,0.0,0.0,0.0,0.2,0.11,1.0,1.0,U56764,768
0.3165829145728643,0.0072992700729927005,0.0,0.0,0.0,0.0,0.0,0.0,0.125,0.18,0.13,1.0,1.0,U69179,768
,0.0,0.0,0.0,0.0,0.0,0.0,0.0,0.0,0.14,0.12,1.0,1.0,U2069,768
,0.0,0.0,0.0,0.0,0.0,0.0,0.0,0.0,0.14,0.1,1.0,1.0,U25535,768
0.3869346733668342,0.008130081300813009,0.0,0.0,0.0,0.0,0.0,0.0,0.3333333333333333,0.2,0.11,1.0,1.0,U43621,768
,0.0,0.0,0.0,0.0,0.0,0.0,0.0,0.0,0.16,0.1,1.0,1.0,U90868,768
,0.0,0.0,0.0,0.0,0.0,0.0,0.0,0.0,0.18,0.13,1.0,1.0,U74387,768
,0.0,0.0,0.0,0.0,0.0,0.0,0.0,0.0,0.16,0.1,1.0,1.0,U54604,768
,0.0,0.0,0.0,0.0,0.0,0.0,0.0,0.0,0.1,0.06,1.0,1.0,U865,768
,0.0,0.0,0.0,0.0,0.0,0.0,0.0,0.0,0.14,0.09,1.0,1.0,U42411,768
,0.0,0.0,0.0,0.0,0.0,0.0,0.0,0.0,0.2,0.14,1.0,1.0,U16808,0
,0.0,0.0,0.0,0.0,0.0,0.0,0.0,0.0,0.16,0.11,1.0,1.0,U35568,768
,0.0,0.0,0.0,0.0,0.0,0.0,0.0,0.0,0.2,0.11,1.0,1.0,U3560,768
,0.0,0.0,0.0,0.0,0.0,0.0,0.0,0.0,0.08,0.05,1.0,1.0,U81694,768
,0.0,0.0,0.0,0.0,0.0,0.0,0.0,0.0,0.12,0.1,1.0,1.0,U34518,768
,0.0,0.0,0.0,0.0,0.0,0.0,0.0,0.0,0.12,0.07,1.0,1.0,U40746,768
,0.0,0.0,0.0,0.0,0.0,0.0,0.0,0.0,0.1,0.09,1.0,1.0,U64943,768
,0.0,0.0,0.0,0.0,0.0,0.0,0.0,0.0,0.12,0.08,1.0,1.0,U43173,768
,0.0,0.0,0.0,0.0,0.0,0.0,0.0,0.0,0.18,0.11,1.0,1.0,U44647,768
,0.0,0.0,0.0,0.0,0.0,0.0,0.0,0.0,0.04,0.02,1.0,1.0,U4563,768
,0.0,0.0,0.0,0.0,0.0,0.0,0.0,0.0,0.02,0.01,1.0,1.0,U86671,768
,0.0,0.0,0.0,0.0,0.0,0.0,0.0,0.0,0.08,0.05,1.0,1.0,U31616,768
,0.0,0.0,0.0,0.0,0.0,0.0,0.0,0.0,0.16,0.1,1.0,1.0,U53808,768
0.5376884422110553,0.010752688172043012,0.0,0.0,0.0,0.0,0.0,1.0,1.0,0.16,0.1,1.0,1.0,U1347,768
,0.0,0.0,0.0,0.0,0.0,0.0,0.0,0.0,0.06,0.04,1.0,1.0,U79983,768
,0.0,0.0,0.0,0.0,0.0,0.0,0.0,0.0,0.14,0.08,1.0,1.0,U22809,768
,0.0,0.0,0.0,0.0,0.0,0.0,0.0,0.0,0.12,0.08,1.0,1.0,U82041,768
,0.0,0.0,0.0,0.0,0.0,0.0,0.0,0.0,0.22,0.12,1.0,1.0,U49861,768
,0.0,0.0,0.0,0.0,0.0,0.0,0.0,0.0,0.18,0.12,1.0,1.0,U84673,768
,0.0,0.0,0.0,0.0,0.0,0.0,0.0,0.0,0.16,0.12,1.0,1.0,U59973,768
,0.0,0.0,0.0,0.0,0.0,0.0,0.0,0.0,0.12,0.09,1.0,1.0,U7769,768
,0.0,0.0,0.0,0.0,0.0,0.0,0.0,0.0,0.12,0.08,1.0,1.0,U47682,768
,0.0,0.0,0.0,0.0,0.0,0.0,0.0,0.0,0.1,0.05,1.0,1.0,U10507,768
,0.0,0.0,0.0,0.0,0.0,0.0,0.0,0.0,0.2,0.1,1.0,1.0,U41519,768
,0.0,0.0,0.0,0.0,0.0,0.0,0.0,0.0,0.2,0.11,1.0,1.0,U22410,768
,0.0,0.0,0.0,0.0,0.0,0.0,0.0,0.0,0.22,0.13,1.0,1.0,U20714,768
,0.0,0.0,0.0,0.0,0.0,0.0,0.0,0.0,0.14,0.08,1.0,1.0,U70851,768
,0.0,0.0,0.0,0.0,0.0,0.0,0.0,0.0,0.14,0.1,1.0,1.0,U53673,768
,0.0,0.0,0.0,0.0,0.0,0.0,0.0,0.0,0.16,0.11,1.0,1.0,U22653,768
,0.0,0.0,0.0,0.0,0.0,0.0,0.0,0.0,0.22,0.13,1.0,1.0,U18508,768
,0.0,0.0,0.0,0.0,0.0,0.0,0.0,0.0,0.04,0.02,1.0,1.0,U46293,768
,0.0,0.0,0.0,0.0,0.0,0.0,0.0,0.0,0.06,0.06,1.0,1.0,U12466,768
,0.0,0.0,0.0,0.0,0.0,0.0,0.0,0.0,0.18,0.12,1.0,1.0,U47533,768
,0.0,0.0,0.0,0.0,0.0,0.0,0.0,0.0,0.16,0.12,1.0,1.0,U40466,768
0.08542713567839195,0.00546448087431694,0.0,0.0,0.0,0.0,0.0,0.0,0.3333333333333333,0.16,0.11,1.0,1.0,U40508,768
,0.0,0.0,0.0,0.0,0.0,0.0,0.0,0.0,0.18,0.11,1.0,1.0,U55115,768
,0.0,0.0,0.0,0.0,0.0,0.0,0.0,0.0,0.2,0.11,1.0,1.0,U45213,768
,0.0,0.0,0.0,0.0,0.0,0.0,0.0,0.0,0.22,0.11,1.0,1.0,U44641,768
,0.0,0.0,0.0,0.0,0.0,0.0,0.0,0.0,0.2,0.1,1.0,1.0,U1493,768
,0.0,0.0,0.0,0.0,0.0,0.0,0.0,0.0,0.12,0.08,1.0,1.0,U56546,768
,0.0,0.0,0.0,0.0,0.0,0.0,0.0,0.0,0.2,0.12,1.0,1.0,U69174,768
,0.0,0.0,0.0,0.0,0.0,0.0,0.0,0.0,0.14,0.11,1.0,1.0,U60321,768
,0.0,0.0,0.0,0.0,0.0,0.0,0.0,0.0,0.14,0.09,1.0,1.0,U81848,768
,0.0,0.0,0.0,0.0,0.0,0.0,0.0,0.0,0.04,0.02,1.0,1.0,U48514,768
,0.0,0.0,0.0,0.0,0.0,0.0,0.0,0.0,0.14,0.1,1.0,1.0,U415,768
,0.0,0.0,0.0,0.0,0.0,0.0,0.0,0.0,0.18,0.12,1.0,1.0,U34056,768
,0.0,0.0,0.0,0.0,0.0,0.0,0.0,0.0,0.2,0.11,1.0,1.0,U16647,768
,0.0,0.0,0.0,0.0,0.0,0.0,0.0,0.0,0.24,0.12,1.0,1.0,U92728,768
,0.0,0.0,0.0,0.0,0.0,0.0,0.0,0.0,0.18,0.11,1.0,1.0,U92748,768
,0.0,0.0,0.0,0.0,0.0,0.0,0.0,0.0,0.18,0.12,1.0,1.0,U35631,768
,0.0,0.0,0.0,0.0,0.0,0.0,0.0,0.0,0.16,0.12,1.0,1.0,U33337,768
,0.0,0.0,0.0,0.0,0.0,0.0,0.0,0.0,0.16,0.09,1.0,1.0,U75367,768
,0.0,0.0,0.0,0.0,0.0,0.0,0.0,0.0,0.1,0.1,1.0,1.0,U60060,768
,0.0,0.0,0.0,0.0,0.0,0.0,0.0,0.0,0.04,0.02,1.0,1.0,U83607,768
,0.0,0.0,0.0,0.0,0.0,0.0,0.0,0.0,0.14,0.09,1.0,1.0,U69985,768
,0.0,0.0,0.0,0.0,0.0,0.0,0.0,0.0,0.16,0.11,1.0,1.0,U58684,768
,0.0,0.0,0.0,0.0,0.0,0.0,0.0,0.0,0.14,0.08,1.0,1.0,U23777,768
0.01507537688442211,0.005076142131979695,0.0,0.0,0.0,0.0,0.0,0.0,0.14285714285714285,0.22,0.12,1.0,1.0,U92500,768
,0.0,0.0,0.0,0.0,0.0,0.0,0.0,0.0,0.14,0.1,1.0,1.0,U10296,768
,0.0,0.0,0.0,0.0,0.0,0.0,0.0,0.0,0.14,0.09,1.0,1.0,U92665,768
,0.0,0.0,0.0,0.0,0.0,0.0,0.0,0.0,0.24,0.13,1.0,1.0,U60117,0
,0.0,0.0,0.0,0.0,0.0,0.0,0.0,0.0,0.16,0.09,1.0,1.0,U77623,768
,0.0,0.0,0.0,0.0,0.0,0.0,0.0,0.0,0.14,0.1,1.0,1.0,U77179,768
,0.0,0.0,0.0,0.0,0.0,0.0,0.0,0.0,0.14,0.07,1.0,1.0,U57418,768
,0.0,0.0,0.0,0.0,0.0,0.0,0.0,0.0,0.12,0.12,1.0,1.0,U90872,768
,0.0,0.0,0.0,0.0,0.0,0.0,0.0,0.0,0.14,0.08,1.0,1.0,U6464,768
,0.0,0.0,0.0,0.0,0.0,0.0,0.0,0.0,0.12,0.09,1.0,1.0,U68112,768
,0.0,0.0,0.0,0.0,0.0,0.0,0.0,0.0,0.16,0.1,1.0,1.0,U20689,768
,0.0,0.0,0.0,0.0,0.0,0.0,0.0,0.0,0.2,0.1,1.0,1.0,U7412,768
,0.0,0.0,0.0,0.0,0.0,0.0,0.0,0.0,0.14,0.11,1.0,1.0,U60165,768
,0.0,0.0,0.0,0.0,0.0,0.0,0.0,0.0,0.16,0.1,1.0,1.0,U50914,768
,0.0,0.0,0.0,0.0,0.0,0.0,0.0,0.0,0.06,0.04,1.0,1.0,U39222,768
,0.0,0.0,0.0,0.0,0.0,0.0,0.0,0.0,0.18,0.1,1.0,1.0,U17964,768
,0.0,0.0,0.0,0.0,0.0,0.0,0.0,0.0,0.14,0.09,1.0,1.0,U29106,768
,0.0,0.0,0.0,0.0,0.0,0.0,0.0,0.0,0.18,0.11,1.0,1.0,U73996,768
,0.0,0.0,0.0,0.0,0.0,0.0,0.0,0.0,0.16,0.11,1.0,1.0,U63624,768
,0.0,0.0,0.0,0.0,0.0,0.0,0.0,0.0,0.06,0.03,1.0,1.0,U55253,768
,0.0,0.0,0.0,0.0,0.0,0.0,0.0,0.0,0.22,0.11,1.0,1.0,U52360,768
0.2864321608040201,0.006993006993006993,0.0,0.0,0.0,0.0,0.0,0.0,0.3333333333333333,0.14,0.1,1.0,1.0,U61811,768
,0.0,0.0,0.0,0.0,0.0,0.0,0.0,0.0,0.18,0.1,1.0,1.0,U39841,768
,0.0,0.0,0.0,0.0,0.0,0.0,0.0,0.0,0.16,0.08,1.0,1.0,U74533,768
,0.0,0.0,0.0,0.0,0.0,0.0,0.0,0.0,0.16,0.08,1.0,1.0,U34016,768
,0.0,0.0,0.0,0.0,0.0,0.0,0.0,0.0,0.18,0.12,1.0,1.0,U30720,768
,0.0,0.0,0.0,0.0,0.0,0.0,0.0,0.0,0.06,0.04,1.0,1.0,U61305,768
,0.0,0.0,0.0,0.0,0.0,0.0,0.0,0.0,0.1,0.08,1.0,1.0,U71968,768
,0.0,0.0,0.0,0.0,0.0,0.0,0.0,0.0,0.1,0.09,1.0,1.0,U26908,768
,0.0,0.0,0.0,0.0,0.0,0.0,0.0,0.0,0.1,0.06,1.0,1.0,U79815,768
,0.0,0.0,0.0,0.0,0.0,0.0,0.0,0.0,0.12,0.08,1.0,1.0,U91458,768
,0.0,0.0,0.0,0.0,0.0,0.0,0.0,0.0,0.06,0.06,1.0,1.0,U6291,768
,0.0,0.0,0.0,0.0,0.0,0.0,0.0,0.0,0.12,0.08,1.0,1.0,U54299,768
,0.0,0.0,0.0,0.0,0.0,0.0,0.0,0.0,0.28,0.14,1.0,1.0,U46187,0
,0.0,0.0,0.0,0.0,0.0,0.0,0.0,0.0,0.06,0.07,1.0,1.0,U67573,768
,0.0,0.0,0.0,0.0,0.0,0.0,0.0,0.0,0.16,0.09,1.0,1.0,U86807,768
,0.0,0.0,0.0,0.0,0.0,0.0,0.0,0.0,0.06,0.04,1.0,1.0,U44605,768
,0.0,0.0,0.0,0.0,0.0,0.0,0.0,0.0,0.06,0.04,1.0,1.0,U78536,768
,0.0,0.0,0.0,0.0,0.0,0.0,0.0,0.0,0.12,0.09,1.0,1.0,U47723,768
,0.0,0.0,0.0,0.0,0.0,0.0,0.0,0.0,0.12,0.09,1.0,1.0,U50647,768
,0.0,0.0,0.0,0.0,0.0,0.0,0.0,0.0,0.12,0.06,1.0,1.0,U86054,768
,0.0,0.0,0.0,0.0,0.0,0.0,0.0,0.0,0.08,0.04,1.0,1.0,U61060,768
,0.0,0.0,0.0,0.0,0.0,0.0,0.0,0.0,0.18,0.11,1.0,1.0,U78848,768
,0.0,0.0,0.0,0.0,0.0,0.0,0.0,0.0,0.04,0.03,1.0,1.0,U15495,768
,0.0,0.0,0.0,0.0,0.0,0.0,0.0,0.0,0.16,0.1,1.0,1.0,U48817,768
,0.0,0.0,0.0,0.0,0.0,0.0,0.0,0.0,0.12,0.08,1.0,1.0,U3923,768
,0.0,0.0,0.0,0.0,0.0,0.0,0.0,0.0,0.2,0.11,1.0,1.0,U59810,768
,0.0,0.0,0.0,0.0,0.0,0.0,0.0,0.0,0.2,0.12,1.0,1.0,U77036,768
,0.0,0.0,0.0,0.0,0.0,0.0,0.0,0.0,0.04,0.02,1.0,1.0,U43762,768
,0.0,0.0,0.0,0.0,0.0,0.0,0.0,0.0,0.16,0.1,1.0,1.0,U86516,768
,0.0,0.0,0.0,0.0,0.0,0.0,0.0,0.0,0.14,0.09,1.0,1.0,U2338,768
0.6884422110552764,0.015873015873015872,0.0,0.0,0.0,0.0,0.0,0.3333333333333333,0.3333333333333333,0.12,0.09,1.0,1.0,U47558,768
,0.0,0.0,0.0,0.0,0.0,0.0,0.0,0.0,0.14,0.09,1.0,1.0,U6519,768
,0.0,0.0,0.0,0.0,0.0,0.0,0.0,0.0,0.24,0.13,1.0,1.0,U81249,0
,0.0,0.0,0.0,0.0,0.0,0.0,0.0,0.0,0.18,0.09,1.0,1.0,U45429,768
,0.0,0.0,0.0,0.0,0.0,0.0,0.0,0.0,0.12,0.12,1.0,1.0,U45525,768
,0.0,0.0,0.0,0.0,0.0,0.0,0.0,0.0,0.12,0.09,1.0,1.0,U91354,768
0.9899497487437185,0.3333333333333333,0.5,0.5,0.125,0.125,0.125,0.125,0.125,0.18,0.11,1.0,1.0,U22551,768
0.45226130653266333,0.00909090909090909,0.0,0.0,0.0,0.0,0.0,0.0,0.2,0.18,0.11,1.0,1.0,U12536,768
,0.0,0.0,0.0,0.0,0.0,0.0,0.0,0.0,0.1,0.09,1.0,1.0,U89553,768
,0.0,0.0,0.0,0.0,0.0,0.0,0.0,0.0,0.1,0.1,1.0,1.0,U68325,768
0.035175879396984924,0.0051813471502590676,0.0,0.0,0.0,0.0,0.0,0.0,1.0,0.08,0.05,1.0,1.0,U67521,768
,0.0,0.0,0.0,0.0,0.0,0.0,0.0,0.0,0.02,0.02,1.0,1.0,U20677,768
,0.0,0.0,0.0,0.0,0.0,0.0,0.0,0.0,0.02,0.03,1.0,1.0,U31419,768
,0.0,0.0,0.0,0.0,0.0,0.0,0.0,0.0,0.16,0.1,1.0,1.0,U8912,768
,0.0,0.0,0.0,0.0,0.0,0.0,0.0,0.0,0.22,0.11,1.0,1.0,U69732,768
,0.0,0.0,0.0,0.0,0.0,0.0,0.0,0.0,0.08,0.05,1.0,1.0,U61233,768
,0.0,0.0,0.0,0.0,0.0,0.0,0.0,0.0,0.12,0.07,1.0,1.0,U20662,768
,0.0,0.0,0.0,0.0,0.0,0.0,0.0,0.0,0.1,0.06,1.0,1.0,U69688,768
,0.0,0.0,0.0,0.0,0.0,0.0,0.0,0.0,0.08,0.05,1.0,1.0,U63260,768
0.035175879396984924,0.0051813471502590676,0.0,0.0,0.0,0.0,0.0,0.0,0.5,0.18,0.1,1.0,1.0,U15248,768
,0.0,0.0,0.0,0.0,0.0,0.0,0.0,0.0,0.12,0.1,1.0,1.0,U18058,768
,0.0,0.0,0.0,0.0,0.0,0.0,0.0,0.0,0.02,0.01,1.0,1.0,U66570,768
,0.0,0.0,0.0,0.0,0.0,0.0,0.0,0.0,0.18,0.11,1.0,1.0,U86101,768
,0.0,0.0,0.0,0.0,0.0,0.0,0.0,0.0,0.16,0.09,1.0,1.0,U74815,768
,0.0,0.0,0.0,0.0,0.0,0.0,0.0,0.0,0.02,0.03,1.0,1.0,U40229,768
,0.0,0.0,0.0,0.0,0.0,0.0,0.0,0.0,0.18,0.1,1.0,1.0,U482,768
,0.0,0.0,0.0,0.0,0.0,0.0,0.0,0.0,0.18,0.11,1.0,1.0,U76591,768
0.4824120603015075,0.009615384615384616,0.0,0.0,0.0,0.0,0.0,0.0,0.1111111111111111,0.2,0.11,1.0,1.0,U10233,768
,0.0,0.0,0.0,0.0,0.0,0.0,0.0,0.0,0.24,0.13,1.0,1.0,U86207,768
,0.0,0.0,0.0,0.0,0.0,0.0,0.0,0.0,0.22,0.12,1.0,1.0,U80871,768
,0.0,0.0,0.0,0.0,0.0,0.0,0.0,0.0,0.22,0.12,1.0,1.0,U93952,0
,0.0,0.0,0.0,0.0,0.0,0.0,0.0,0.0,0.14,0.1,1.0,1.0,U86641,768
,0.0,0.0,0.0,0.0,0.0,0.0,0.0,0.0,0.22,0.12,1.0,1.0,U66617,768
0.26515151515151514,0.007936507936507936,0.0,0.0,0.0,0.0,0.0,0.0,0.2857142857142857,0.04,0.02,1.0,1.0,U39224,768
0.7437185929648241,0.019230769230769232,0.0,0.0,0.0,0.0,0.0,0.5,0.5,0.04,0.02,1.0,1.0,U17241,768
,0.0,0.0,0.0,0.0,0.0,0.0,0.0,0.0,0.18,0.1,1.0,1.0,U6680,768
,0.0,0.0,0.0,0.0,0.0,0.0,0.0,0.0,0.2,0.14,1.0,1.0,U59928,768
,0.0,0.0,0.0,0.0,0.0,0.0,0.0,0.0,0.08,0.07,1.0,1.0,U85695,768
,0.0,0.0,0.0,0.0,0.0,0.0,0.0,0.0,0.2,0.11,1.0,1.0,U50919,768
,0.0,0.0,0.0,0.0,0.0,0.0,0.0,0.0,0.06,0.05,1.0,1.0,U26488,768
,0.0,0.0,0.0,0.0,0.0,0.0,0.0,0.0,0.2,0.1,1.0,1.0,U4222,768
,0.0,0.0,0.0,0.0,0.0,0.0,0.0,0.0,0.18,0.11,1.0,1.0,U79008,768
,0.0,0.0,0.0,0.0,0.0,0.0,0.0,0.0,0.24,0.13,1.0,1.0,U91620,768
,0.0,0.0,0.0,0.0,0.0,0.0,0.0,0.0,0.08,0.06,1.0,1.0,U4518,768
,0.0,0.0,0.0,0.0,0.0,0.0,0.0,0.0,0.04,0.03,1.0,1.0,U43350,768
,0.0,0.0,0.0,0.0,0.0,0.0,0.0,0.0,0.08,0.09,1.0,1.0,U5970,768
,0.0,0.0,0.0,0.0,0.0,0.0,0.0,0.0,0.06,0.04,1.0,1.0,U91091,768
,0.0,0.0,0.0,0.0,0.0,0.0,0.0,0.0,0.18,0.12,1.0,1.0,U74655,768
,0.0,0.0,0.0,0.0,0.0,0.0,0.0,0.0,0.22,0.11,1.0,1.0,U90403,768
,0.0,0.0,0.0,0.0,0.0,0.0,0.0,0.0,0.14,0.09,1.0,1.0,U38275,768
,0.0,0.0,0.0,0.0,0.0,0.0,0.0,0.0,0.22,0.12,1.0,1.0,U19468,768
,0.0,0.0,0.0,0.0,0.0,0.0,0.0,0.0,0.04,0.02,1.0,1.0,U33372,768
,0.0,0.0,0.0,0.0,0.0,0.0,0.0,0.0,0.14,0.11,1.0,1.0,U12543,768
,0.0,0.0,0.0,0.0,0.0,0.0,0.0,0.0,0.12,0.1,1.0,1.0,U33296,768
,0.0,0.0,0.0,0.0,0.0,0.0,0.0,0.0,0.22,0.12,1.0,1.0,U94000,768
,0.0,0.0,0.0,0.0,0.0,0.0,0.0,0.0,0.16,0.12,1.0,1.0,U59701,768
,0.0,0.0,0.0,0.0,0.0,0.0,0.0,0.0,0.18,0.11,1.0,1.0,U77652,768
0.4221105527638191,0.008620689655172414,0.0,0.0,0.0,0.0,0.0,0.0,0.125,0.08,0.07,1.0,1.0,U39157,768
,0.0,0.0,0.0,0.0,0.0,0.0,0.0,0.0,0.16,0.09,1.0,1.0,U4808,768
,0.0,0.0,0.0,0.0,0.0,0.0,0.0,0.0,0.18,0.11,1.0,1.0,U8917,768
,0.0,0.0,0.0,0.0,0.0,0.0,0.0,0.0,0.08,0.05,1.0,1.0,U83449,768
,0.0,0.0,0.0,0.0,0.0,0.0,0.0,0.0,0.2,0.11,1.0,1.0,U36050,768
,0.0,0.0,0.0,0.0,0.0,0.0,0.0,0.0,0.18,0.1,1.0,1.0,U60895,768
,0.0,0.0,0.0,0.0,0.0,0.0,0.0,0.0,0.06,0.05,1.0,1.0,U28502,768
,0.0,0.0,0.0,0.0,0.0,0.0,0.0,0.0,0.16,0.11,1.0,1.0,U35018,768
0.8994974874371859,0.047619047619047616,0.0,0.0,0.0,0.0,0.07142857142857142,0.07142857142857142,0.07142857142857142,0.04,0.02,1.0,1.0,U23931,768
,0.0,0.0,0.0,0.0,0.0,0.0,0.0,0.0,0.2,0.12,1.0,1.0,U40329,768
,0.0,0.0,0.0,0.0,0.0,0.0,0.0,0.0,0.16,0.11,1.0,1.0,U71570,768
,0.0,0.0,0.0,0.0,0.0,0.0,0.0,0.0,0.14,0.11,1.0,1.0,U54959,768
,0.0,0.0,0.0,0.0,0.0,0.0,0.0,0.0,0.08,0.04,1.0,1.0,U67765,768
,0.0,0.0,0.0,0.0,0.0,0.0,0.0,0.0,0.16,0.12,1.0,1.0,U4665,768
,0.0,0.0,0.0,0.0,0.0,0.0,0.0,0.0,0.06,0.06,1.0,1.0,U31154,768
,0.0,0.0,0.0,0.0,0.0,0.0,0.0,0.0,0.08,0.07,1.0,1.0,U53266,768
,0.0,0.0,0.0,0.0,0.0,0.0,0.0,0.0,0.04,0.02,1.0,1.0,U3530,768
,0.0,0.0,0.0,0.0,0.0,0.0,0.0,0.0,0.14,0.12,1.0,1.0,U53108,768
,0.0,0.0,0.0,0.0,0.0,0.0,0.0,0.0,0.14,0.1,1.0,1.0,U65397,768
,0.0,0.0,0.0,0.0,0.0,0.0,0.0,0.0,0.04,0.05,1.0,1.0,U9658,768
,0.0,0.0,0.0,0.0,0.0,0.0,0.0,0.0,0.16,0.09,1.0,1.0,U33888,768
,0.0,0.0,0.0,0.0,0.0,0.0,0.0,0.0,0.18,0.11,1.0,1.0,U2377,768
,0.0,0.0,0.0,0.0,0.0,0.0,0.0,0.0,0.24,0.14,1.0,1.0,U38248,0
,0.0,0.0,0.0,0.0,0.0,0.0,0.0,0.0,0.18,0.11,1.0,1.0,U59963,768
,0.0,0.0,0.0,0.0,0.0,0.0,0.0,0.0,0.16,0.11,1.0,1.0,U75787,768
,0.0,0.0,0.0,0.0,0.0,0.0,0.0,0.0,0.1,0.09,1.0,1.0,U33120,768
,0.0,0.0,0.0,0.0,0.0,0.0,0.0,0.0,0.12,0.06,1.0,1.0,U74067,768
0.6381909547738693,0.0136986301369863,0.0,0.0,0.0,0.0,0.0,0.2,0.2,0.12,0.07,1.0,1.0,U23187,768
,0.0,0.0,0.0,0.0,0.0,0.0,0.0,0.0,0.12,0.08,1.0,1.0,U36984,768
,0.0,0.0,0.0,0.0,0.0,0.0,0.0,0.0,0.12,0.08,1.0,1.0,U29704,768
,0.0,0.0,0.0,0.0,0.0,0.0,0.0,0.0,0.18,0.13,1.0,1.0,U41126,768
,0.0,0.0,0.0,0.0,0.0,0.0,0.0,0.0,0.12,0.11,1.0,1.0,U49641,768
,0.0,0.0,0.0,0.0,0.0,0.0,0.0,0.0,0.08,0.04,1.0,1.0,U83485,768
,0.0,0.0,0.0,0.0,0.0,0.0,0.0,0.0,0.2,0.11,1.0,1.0,U93583,768
,0.0,0.0,0.0,0.0,0.0,0.0,0.0,0.0,0.14,0.1,1.0,1.0,U54909,768
,0.0,0.0,0.0,0.0,0.0,0.0,0.0,0.0,0.08,0.05,1.0,1.0,U66907,768
,0.0,0.0,0.0,0.0,0.0,0.0,0.0,0.0,0.2,0.12,1.0,1.0,U78928,768
,0.0,0.0,0.0,0.0,0.0,0.0,0.0,0.0,0.1,0.05,1.0,1.0,U72568,768
,0.0,0.0,0.0,0.0,0.0,0.0,0.0,0.0,0.18,0.09,1.0,1.0,U47216,768
,0.0,0.0,0.0,0.0,0.0,0.0,0.0,0.0,0.16,0.11,1.0,1.0,U85999,768
,0.0,0.0,0.0,0.0,0.0,0.0,0.0,0.0,0.18,0.1,1.0,1.0,U10311,768
,0.0,0.0,0.0,0.0,0.0,0.0,0.0,0.0,0.04,0.02,1.0,1.0,U78824,768
,0.0,0.0,0.0,0.0,0.0,0.0,0.0,0.0,0.22,0.12,1.0,1.0,U87587,768
,0.0,0.0,0.0,0.0,0.0,0.0,0.0,0.0,0.24,0.12,1.0,1.0,U19079,768
,0.0,0.0,0.0,0.0,0.0,0.0,0.0,0.0,0.1,0.08,1.0,1.0,U43107,768
,0.0,0.0,0.0,0.0,0.0,0.0,0.0,0.0,0.14,0.09,1.0,1.0,U73145,768
,0.0,0.0,0.0,0.0,0.0,0.0,0.0,0.0,0.04,0.03,1.0,1.0,U70738,768
,0.0,0.0,0.0,0.0,0.0,0.0,0.0,0.0,0.08,0.06,1.0,1.0,U88124,768
,0.0,0.0,0.0,0.0,0.0,0.0,0.0,0.0,0.22,0.11,1.0,1.0,U33992,768
,0.0,0.0,0.0,0.0,0.0,0.0,0.0,0.0,0.22,0.12,1.0,1.0,U57867,768
,0.0,0.0,0.0,0.0,0.0,0.0,0.0,0.0,0.08,0.05,1.0,1.0,U24129,768
,0.0,0.0,0.0,0.0,0.0,0.0,0.0,0.0,0.24,0.12,1.0,1.0,U49822,768
,0.0,0.0,0.0,0.0,0.0,0.0,0.0,0.0,0.1,0.08,1.0,1.0,U60703,768
,0.0,0.0,0.0,0.0,0.0,0.0,0.0,0.0,0.24,0.14,1.0,1.0,U41841,768
,0.0,0.0,0.0,0.0,0.0,0.0,0.0,0.0,0.2,0.12,1.0,1.0,U45242,768
,0.0,0.0,0.0,0.0,0.0,0.0,0.0,0.0,0.16,0.1,1.0,1.0,U83828,768
,0.0,0.0,0.0,0.0,0.0,0.0,0.0,0.0,0.18,0.11,1.0,1.0,U32873,768
,0.0,0.0,0.0,0.0,0.0,0.0,0.0,0.0,0.2,0.13,1.0,1.0,U15210,768
,0.0,0.0,0.0,0.0,0.0,0.0,0.0,0.0,0.14,0.11,1.0,1.0,U90648,768
,0.0,0.0,0.0,0.0,0.0,0.0,0.0,0.0,0.18,0.11,1.0,1.0,U93678,768
,0.0,0.0,0.0,0.0,0.0,0.0,0.0,0.0,0.16,0.09,1.0,1.0,U45338,768
,0.0,0.0,0.0,0.0,0.0,0.0,0.0,0.0,0.2,0.13,1.0,1.0,U70844,768
,0.0,0.0,0.0,0.0,0.0,0.0,0.0,0.0,0.04,0.03,1.0,1.0,U24686,768
,0.0,0.0,0.0,0.0,0.0,0.0,0.0,0.0,0.1,0.07,1.0,1.0,U56732,768
,0.0,0.0,0.0,0.0,0.0,0.0,0.0,0.0,0.16,0.11,1.0,1.0,U70089,768
,0.0,0.0,0.0,0.0,0.0,0.0,0.0,0.0,0.08,0.04,1.0,1.0,U84270,768
,0.0,0.0,0.0,0.0,0.0,0.0,0.0,0.0,0.04,0.04,1.0,1.0,U20440,768
,0.0,0.0,0.0,0.0,0.0,0.0,0.0,0.0,0.1,0.09,1.0,1.0,U54261,768
,0.0,0.0,0.0,0.0,0.0,0.0,0.0,0.0,0.06,0.04,1.0,1.0,U46798,768
,0.0,0.0,0.0,0.0,0.0,0.0,0.0,0.0,0.14,0.12,1.0,1.0,U74760,768
,0.0,0.0,0.0,0.0,0.0,0.0,0.0,0.0,0.12,0.09,1.0,1.0,U47507,768
,0.0,0.0,0.0,0.0,0.0,0.0,0.0,0.0,0.14,0.09,1.0,1.0,U51125,768
,0.0,0.0,0.0,0.0,0.0,0.0,0.0,0.0,0.18,0.1,1.0,1.0,U79030,768
,0.0,0.0,0.0,0.0,0.0,0.0,0.0,0.0,0.18,0.12,1.0,1.0,U89034,768
,0.0,0.0,0.0,0.0,0.0,0.0,0.0,0.0,0.14,0.09,1.0,1.0,U29188,768
,0.0,0.0,0.0,0.0,0.0,0.0,0.0,0.0,0.18,0.11,1.0,1.0,U45187,768
,0.0,0.0,0.0,0.0,0.0,0.0,0.0,0.0,0.16,0.1,1.0,1.0,U64355,768
0.6130653266331658,0.01282051282051282,0.0,0.0,0.0,0.0,0.0,0.5,0.5,0.1,0.05,1.0,1.0,U30249,768
,0.0,0.0,0.0,0.0,0.0,0.0,0.0,0.0,0.14,0.11,1.0,1.0,U3719,768
,0.0,0.0,0.0,0.0,0.0,0.0,0.0,0.0,0.2,0.11,1.0,1.0,U89150,768
,0.0,0.0,0.0,0.0,0.0,0.0,0.0,0.0,0.14,0.11,1.0,1.0,U79146,768
,0.0,0.0,0.0,0.0,0.0,0.0,0.0,0.0,0.12,0.09,1.0,1.0,U68564,768
,0.0,0.0,0.0,0.0,0.0,0.0,0.0,0.0,0.16,0.11,1.0,1.0,U13084,768
,0.0,0.0,0.0,0.0,0.0,0.0,0.0,0.0,0.16,0.12,1.0,1.0,U62700,768
,0.0,0.0,0.0,0.0,0.0,0.0,0.0,0.0,0.12,0.08,1.0,1.0,U93665,768
,0.0,0.0,0.0,0.0,0.0,0.0,0.0,0.0,0.14,0.11,1.0,1.0,U51230,768
,0.0,0.0,0.0,0.0,0.0,0.0,0.0,0.0,0.2,0.12,1.0,1.0,U81671,768
,0.0,0.0,0.0,0.0,0.0,0.0,0.0,0.0,0.14,0.11,1.0,1.0,U49479,768
,0.0,0.0,0.0,0.0,0.0,0.0,0.0,0.0,0.16,0.1,1.0,1.0,U2747,768
,0.0,0.0,0.0,0.0,0.0,0.0,0.0,0.0,0.1,0.1,1.0,1.0,U91923,768
,0.0,0.0,0.0,0.0,0.0,0.0,0.0,0.0,0.16,0.11,1.0,1.0,U39295,768
,0.0,0.0,0.0,0.0,0.0,0.0,0.0,0.0,0.2,0.11,1.0,1.0,U328,768
,0.0,0.0,0.0,0.0,0.0,0.0,0.0,0.0,0.22,0.12,1.0,1.0,U40523,768
,0.0,0.0,0.0,0.0,0.0,0.0,0.0,0.0,0.06,0.04,1.0,1.0,U63596,768
0.8492462311557789,0.03225806451612903,0.0,0.0,0.0,0.0,0.5,0.5,0.5,0.08,0.05,1.0,1.0,U81168,768
,0.0,0.0,0.0,0.0,0.0,0.0,0.0,0.0,0.22,0.13,1.0,1.0,U24240,768
,0.0,0.0,0.0,0.0,0.0,0.0,0.0,0.0,0.18,0.1,1.0,1.0,U60850,768
0.9195979899497487,0.058823529411764705,0.0,0.0,0.0,0.0,0.06666666666666667,0.06666666666666667,0.06666666666666667,0.22,0.13,1.0,1.0,U1030,768
,0.0,0.0,0.0,0.0,0.0,0.0,0.0,0.0,0.14,0.11,1.0,1.0,U5984,768
,0.0,0.0,0.0,0.0,0.0,0.0,0.0,0.0,0.16,0.12,1.0,1.0,U72578,768
,0.0,0.0,0.0,0.0,0.0,0.0,0.0,0.0,0.18,0.1,1.0,1.0,U26114,768
,0.0,0.0,0.0,0.0,0.0,0.0,0.0,0.0,0.2,0.1,1.0,1.0,U2309,768
,0.0,0.0,0.0,0.0,0.0,0.0,0.0,0.0,0.04,0.02,1.0,1.0,U37101,768
,0.0,0.0,0.0,0.0,0.0,0.0,0.0,0.0,0.12,0.06,1.0,1.0,U49710,768
,0.0,0.0,0.0,0.0,0.0,0.0,0.0,0.0,0.02,0.04,1.0,1.0,U61399,768
,0.0,0.0,0.0,0.0,0.0,0.0,0.0,0.0,0.14,0.09,1.0,1.0,U88621,768
,0.0,0.0,0.0,0.0,0.0,0.0,0.0,0.0,0.18,0.11,1.0,1.0,U27891,768
0.6331658291457286,0.013513513513513514,0.0,0.0,0.0,0.0,0.0,0.5,0.5,0.14,0.1,1.0,1.0,U61902,768
,0.0,0.0,0.0,0.0,0.0,0.0,0.0,0.0,0.12,0.1,1.0,1.0,U32106,768
,0.0,0.0,0.0,0.0,0.0,0.0,0.0,0.0,0.2,0.12,1.0,1.0,U14271,768
,0.0,0.0,0.0,0.0,0.0,0.0,0.0,0.0,0.16,0.11,1.0,1.0,U14038,768
,0.0,0.0,0.0,0.0,0.0,0.0,0.0,0.0,0.16,0.11,1.0,1.0,U73041,768
,0.0,0.0,0.0,0.0,0.0,0.0,0.0,0.0,0.06,0.05,1.0,1.0,U46273,768
,0.0,0.0,0.0,0.0,0.0,0.0,0.0,0.0,0.16,0.1,1.0,1.0,U42714,768
,0.0,0.0,0.0,0.0,0.0,0.0,0.0,0.0,0.08,0.07,1.0,1.0,U6155,768
,0.0,0.0,0.0,0.0,0.0,0.0,0.0,0.0,0.16,0.1,1.0,1.0,U74698,768
,0.0,0.0,0.0,0.0,0.0,0.0,0.0,0.0,0.24,0.13,1.0,1.0,U5544,768
,0.0,0.0,0.0,0.0,0.0,0.0,0.0,0.0,0.16,0.12,1.0,1.0,U39885,768
,0.0,0.0,0.0,0.0,0.0,0.0,0.0,0.0,0.12,0.08,1.0,1.0,U20783,768
0.7738693467336684,0.021739130434782608,0.0,0.0,0.0,0.0,0.125,0.125,0.125,0.2,0.12,1.0,1.0,U73454,768
,0.0,0.0,0.0,0.0,0.0,0.0,0.0,0.0,0.18,0.11,1.0,1.0,U33144,768
,0.0,0.0,0.0,0.0,0.0,0.0,0.0,0.0,0.18,0.11,1.0,1.0,U38578,768
,0.0,0.0,0.0,0.0,0.0,0.0,0.0,0.0,0.14,0.08,1.0,1.0,U26135,768
,0.0,0.0,0.0,0.0,0.0,0.0,0.0,0.0,0.2,0.12,1.0,1.0,U313,768
,0.0,0.0,0.0,0.0,0.0,0.0,0.0,0.0,0.16,0.09,1.0,1.0,U33994,768
,0.0,0.0,0.0,0.0,0.0,0.0,0.0,0.0,0.18,0.12,1.0,1.0,U84944,768
,0.0,0.0,0.0,0.0,0.0,0.0,0.0,0.0,0.18,0.12,1.0,1.0,U92383,768
,0.0,0.0,0.0,0.0,0.0,0.0,0.0,0.0,0.12,0.09,1.0,1.0,U92466,768
,0.0,0.0,0.0,0.0,0.0,0.0,0.0,0.0,0.16,0.1,1.0,1.0,U57329,768
,0.0,0.0,0.0,0.0,0.0,0.0,0.0,0.0,0.14,0.1,1.0,1.0,U92617,768
,0.0,0.0,0.0,0.0,0.0,0.0,0.0,0.0,0.12,0.09,1.0,1.0,U48014,768
,0.0,0.0,0.0,0.0,0.0,0.0,0.0,0.0,0.16,0.1,1.0,1.0,U91774,768
,0.0,0.0,0.0,0.0,0.0,0.0,0.0,0.0,0.18,0.1,1.0,1.0,U88880,768
,0.0,0.0,0.0,0.0,0.0,0.0,0.0,0.0,0.16,0.09,1.0,1.0,U6129,768
,0.0,0.0,0.0,0.0,0.0,0.0,0.0,0.0,0.06,0.05,1.0,1.0,U68586,768
,0.0,0.0,0.0,0.0,0.0,0.0,0.0,0.0,0.16,0.12,1.0,1.0,U31071,768
,0.0,0.0,0.0,0.0,0.0,0.0,0.0,0.0,0.26,0.13,1.0,1.0,U86034,0
,0.0,0.0,0.0,0.0,0.0,0.0,0.0,0.0,0.04,0.02,1.0,1.0,U27310,768
,0.0,0.0,0.0,0.0,0.0,0.0,0.0,0.0,0.2,0.12,1.0,1.0,U10044,768
,0.0,0.0,0.0,0.0,0.0,0.0,0.0,0.0,0.12,0.08,1.0,1.0,U63520,768
,0.0,0.0,0.0,0.0,0.0,0.0,0.0,0.0,0.18,0.1,1.0,1.0,U14199,768
,0.0,0.0,0.0,0.0,0.0,0.0,0.0,0.0,0.2,0.12,1.0,1.0,U28476,768
,0.0,0.0,0.0,0.0,0.0,0.0,0.0,0.0,0.12,0.1,1.0,1.0,U82597,768
,0.0,0.0,0.0,0.0,0.0,0.0,0.0,0.0,0.16,0.12,1.0,1.0,U72997,768
0.949748743718593,0.09090909090909091,0.0,0.0,0.0,0.0,0.06666666666666667,0.06666666666666667,0.06666666666666667,0.18,0.1,1.0,1.0,U34846,768
,0.0,0.0,0.0,0.0,0.0,0.0,0.0,0.0,0.16,0.11,1.0,1.0,U7935,768
,0.0,0.0,0.0,0.0,0.0,0.0,0.0,0.0,0.16,0.09,1.0,1.0,U52784,768
,0.0,0.0,0.0,0.0,0.0,0.0,0.0,0.0,0.14,0.08,1.0,1.0,U30899,768
,0.0,0.0,0.0,0.0,0.0,0.0,0.0,0.0,0.18,0.12,1.0,1.0,U76414,768
,0.0,0.0,0.0,0.0,0.0,0.0,0.0,0.0,0.16,0.1,1.0,1.0,U80470,768
,0.0,0.0,0.0,0.0,0.0,0.0,0.0,0.0,0.18,0.11,1.0,1.0,U30748,768
0.4723618090452261,0.009433962264150943,0.0,0.0,0.0,0.0,0.0,0.0,0.07692307692307693,0.22,0.12,1.0,1.0,U62908,768
,0.0,0.0,0.0,0.0,0.0,0.0,0.0,0.0,0.18,0.11,1.0,1.0,U33467,768
,0.0,0.0,0.0,0.0,0.0,0.0,0.0,0.0,0.2,0.12,1.0,1.0,U9567,768
,0.0,0.0,0.0,0.0,0.0,0.0,0.0,0.0,0.08,0.04,1.0,1.0,U72525,768
,0.0,0.0,0.0,0.0,0.0,0.0,0.0,0.0,0.12,0.07,1.0,1.0,U62983,768
0.6834170854271356,0.015625,0.0,0.0,0.0,0.0,0.0,1.0,1.0,0.08,0.04,1.0,1.0,U51458,768
,0.0,0.0,0.0,0.0,0.0,0.0,0.0,0.0,0.02,0.02,1.0,1.0,U63977,768
,0.0,0.0,0.0,0.0,0.0,0.0,0.0,0.0,0.14,0.09,1.0,1.0,U34567,768
0.4472361809045226,0.009009009009009009,0.0,0.0,0.0,0.0,0.0,0.0,0.25,0.18,0.12,1.0,1.0,U12147,768
,0.0,0.0,0.0,0.0,0.0,0.0,0.0,0.0,0.16,0.09,1.0,1.0,U6616,768
,0.0,0.0,0.0,0.0,0.0,0.0,0.0,0.0,0.12,0.1,1.0,1.0,U63660,768
,0.0,0.0,0.0,0.0,0.0,0.0,0.0,0.0,0.12,0.09,1.0,1.0,U76118,768
,0.0,0.0,0.0,0.0,0.0,0.0,0.0,0.0,0.22,0.11,1.0,1.0,U38678,768
,0.0,0.0,0.0,0.0,0.0,0.0,0.0,0.0,0.16,0.11,1.0,1.0,U12611,768
,0.0,0.0,0.0,0.0,0.0,0.0,0.0,0.0,0.04,0.03,1.0,1.0,U78061,768
,0.0,0.0,0.0,0.0,0.0,0.0,0.0,0.0,0.02,0.02,1.0,1.0,U13551,768
,0.0,0.0,0.0,0.0,0.0,0.0,0.0,0.0,0.14,0.1,1.0,1.0,U68152,768
,0.0,0.0,0.0,0.0,0.0,0.0,0.0,0.0,0.16,0.1,1.0,1.0,U38292,768
0.8944723618090452,0.045454545454545456,0.0,0.0,0.0,0.0,0.5,0.5,0.5,0.14,0.09,1.0,1.0,U62465,768
,0.0,0.0,0.0,0.0,0.0,0.0,0.0,0.0,0.08,0.07,1.0,1.0,U53504,768
,0.0,0.0,0.0,0.0,0.0,0.0,0.0,0.0,0.18,0.11,1.0,1.0,U80464,768
,0.0,0.0,0.0,0.0,0.0,0.0,0.0,0.0,0.14,0.09,1.0,1.0,U17428,768
,0.0,0.0,0.0,0.0,0.0,0.0,0.0,0.0,0.16,0.1,1.0,1.0,U10012,768
,0.0,0.0,0.0,0.0,0.0,0.0,0.0,0.0,0.2,0.11,1.0,1.0,U64347,768
,0.0,0.0,0.0,0.0,0.0,0.0,0.0,0.0,0.04,0.02,1.0,1.0,U75920,768
,0.0,0.0,0.0,0.0,0.0,0.0,0.0,0.0,0.18,0.12,1.0,1.0,U44616,768
,0.0,0.0,0.0,0.0,0.0,0.0,0.0,0.0,0.14,0.11,1.0,1.0,U21345,768
,0.0,0.0,0.0,0.0,0.0,0.0,0.0,0.0,0.18,0.11,1.0,1.0,U38668,768
,0.0,0.0,0.0,0.0,0.0,0.0,0.0,0.0,0.14,0.1,1.0,1.0,U76223,768
,0.0,0.0,0.0,0.0,0.0,0.0,0.0,0.0,0.18,0.11,1.0,1.0,U62121,768
,0.0,0.0,0.0,0.0,0.0,0.0,0.0,0.0,0.2,0.12,1.0,1.0,U81926,768
,0.0,0.0,0.0,0.0,0.0,0.0,0.0,0.0,0.2,0.11,1.0,1.0,U69316,768
,0.0,0.0,0.0,0.0,0.0,0.0,0.0,0.0,0.2,0.12,1.0,1.0,U44645,768
,0.0,0.0,0.0,0.0,0.0,0.0,0.0,0.0,0.06,0.03,1.0,1.0,U18641,768
,0.0,0.0,0.0,0.0,0.0,0.0,0.0,0.0,0.14,0.09,1.0,1.0,U25611,768
,0.0,0.0,0.0,0.0,0.0,0.0,0.0,0.0,0.22,0.12,1.0,1.0,U93259,768
,0.0,0.0,0.0,0.0,0.0,0.0,0.0,0.0,0.16,0.11,1.0,1.0,U12736,768
0.7135678391959799,0.017241379310344827,0.0,0.0,0.0,0.0,0.0,0.5,0.5,0.1,0.06,1.0,1.0,U84070,768
,0.0,0.0,0.0,0.0,0.0,0.0,0.0,0.0,0.22,0.12,1.0,1.0,U86540,768
,0.0,0.0,0.0,0.0,0.0,0.0,0.0,0.0,0.2,0.12,1.0,1.0,U15574,768
,0.0,0.0,0.0,0.0,0.0,0.0,0.0,0.0,0.16,0.09,1.0,1.0,U62503,768
,0.0,0.0,0.0,0.0,0.0,0.0,0.0,0.0,0.16,0.09,1.0,1.0,U89963,768
,0.0,0.0,0.0,0.0,0.0,0.0,0.0,0.0,0.18,0.09,1.0,1.0,U46500,768
,0.0,0.0,0.0,0.0,0.0,0.0,0.0,0.0,0.04,0.02,1.0,1.0,U1331,768
,0.0,0.0,0.0,0.0,0.0,0.0,0.0,0.0,0.2,0.11,1.0,1.0,U29596,768
,0.0,0.0,0.0,0.0,0.0,0.0,0.0,0.0,0.06,0.08,1.0,1.0,U58057,768
,0.0,0.0,0.0,0.0,0.0,0.0,0.0,0.0,0.16,0.13,1.0,1.0,U49507,768
1.0,1.0,1.0,1.0,0.2,0.2,0.2,0.2,0.2,0.16,0.1,1.0,1.0,U953,768
,0.0,0.0,0.0,0.0,0.0,0.0,0.0,0.0,0.1,0.07,1.0,1.0,U91222,768
,0.0,0.0,0.0,0.0,0.0,0.0,0.0,0.0,0.12,0.09,1.0,1.0,U92292,768
,0.0,0.0,0.0,0.0,0.0,0.0,0.0,0.0,0.08,0.05,1.0,1.0,U40227,768
,0.0,0.0,0.0,0.0,0.0,0.0,0.0,0.0,0.1,0.08,1.0,1.0,U27329,768
,0.0,0.0,0.0,0.0,0.0,0.0,0.0,0.0,0.18,0.11,1.0,1.0,U5217,768
0.5778894472361809,0.011764705882352941,0.0,0.0,0.0,0.0,0.0,0.125,0.125,0.06,0.06,1.0,1.0,U22811,768
,0.0,0.0,0.0,0.0,0.0,0.0,0.0,0.0,0.06,0.04,1.0,1.0,U47816,768
,0.0,0.0,0.0,0.0,0.0,0.0,0.0,0.0,0.12,0.09,1.0,1.0,U83645,768
,0.0,0.0,0.0,0.0,0.0,0.0,0.0,0.0,0.12,0.09,1.0,1.0,U63643,768
,0.0,0.0,0.0,0.0,0.0,0.0,0.0,0.0,0.2,0.1,1.0,1.0,U18804,768
,0.0,0.0,0.0,0.0,0.0,0.0,0.0,0.0,0.16,0.12,1.0,1.0,U62598,768
,0.0,0.0,0.0,0.0,0.0,0.0,0.0,0.0,0.18,0.1,1.0,1.0,U59025,768
,0.0,0.0,0.0,0.0,0.0,0.0,0.0,0.0,0.08,0.08,1.0,1.0,U75796,768
,0.0,0.0,0.0,0.0,0.0,0.0,0.0,0.0,0.18,0.12,1.0,1.0,U33794,768
,0.0,0.0,0.0,0.0,0.0,0.0,0.0,0.0,0.14,0.09,1.0,1.0,U37990,768
,0.0,0.0,0.0,0.0,0.0,0.0,0.0,0.0,0.2,0.1,1.0,1.0,U62718,768
,0.0,0.0,0.0,0.0,0.0,0.0,0.0,0.0,0.22,0.12,1.0,1.0,U1443,768
,0.0,0.0,0.0,0.0,0.0,0.0,0.0,0.0,0.14,0.09,1.0,1.0,U47155,768
,0.0,0.0,0.0,0.0,0.0,0.0,0.0,0.0,0.2,0.11,1.0,1.0,U48447,768
,0.0,0.0,0.0,0.0,0.0,0.0,0.0,0.0,0.14,0.1,1.0,1.0,U21524,768
,0.0,0.0,0.0,0.0,0.0,0.0,0.0,0.0,0.2,0.13,1.0,1.0,U56711,768
,0.0,0.0,0.0,0.0,0.0,0.0,0.0,0.0,0.14,0.12,1.0,1.0,U1017,768
,0.0,0.0,0.0,0.0,0.0,0.0,0.0,0.0,0.08,0.08,1.0,1.0,U26300,768
,0.0,0.0,0.0,0.0,0.0,0.0,0.0,0.0,0.1,0.07,1.0,1.0,U67692,768
,0.0,0.0,0.0,0.0,0.0,0.0,0.0,0.0,0.16,0.08,1.0,1.0,U40700,768
0.4020100502512563,0.008333333333333333,0.0,0.0,0.0,0.0,0.0,0.0,0.25,0.08,0.05,1.0,1.0,U54853,768
,0.0,0.0,0.0,0.0,0.0,0.0,0.0,0.0,0.12,0.08,1.0,1.0,U63443,768
,0.0,0.0,0.0,0.0,0.0,0.0,0.0,0.0,0.18,0.11,1.0,1.0,U34378,768
,0.0,0.0,0.0,0.0,0.0,0.0,0.0,0.0,0.14,0.11,1.0,1.0,U92484,768
,0.0,0.0,0.0,0.0,0.0,0.0,0.0,0.0,0.02,0.01,1.0,1.0,U55356,768
,0.0,0.0,0.0,0.0,0.0,0.0,0.0,0.0,0.08,0.07,1.0,1.0,U42289,768
,0.0,0.0,0.0,0.0,0.0,0.0,0.0,0.0,0.24,0.13,1.0,1.0,U65191,0
,0.0,0.0,0.0,0.0,0.0,0.0,0.0,0.0,0.12,0.1,1.0,1.0,U7598,768
,0.0,0.0,0.0,0.0,0.0,0.0,0.0,0.0,0.14,0.11,1.0,1.0,U35178,768
,0.0,0.0,0.0,0.0,0.0,0.0,0.0,0.0,0.06,0.03,1.0,1.0,U47388,768
,0.0,0.0,0.0,0.0,0.0,0.0,0.0,0.0,0.1,0.07,1.0,1.0,U88497,768
,0.0,0.0,0.0,0.0,0.0,0.0,0.0,0.0,0.18,0.11,1.0,1.0,U59474,768
,0.0,0.0,0.0,0.0,0.0,0.0,0.0,0.0,0.16,0.08,1.0,1.0,U40473,768
,0.0,0.0,0.0,0.0,0.0,0.0,0.0,0.0,0.18,0.1,1.0,1.0,U77986,768
,0.0,0.0,0.0,0.0,0.0,0.0,0.0,0.0,0.04,0.02,1.0,1.0,U28030,768
,0.0,0.0,0.0,0.0,0.0,0.0,0.0,0.0,0.1,0.09,1.0,1.0,U19703,768
,0.0,0.0,0.0,0.0,0.0,0.0,0.0,0.0,0.24,0.12,1.0,1.0,U84400,0
,0.0,0.0,0.0,0.0,0.0,0.0,0.0,0.0,0.12,0.1,1.0,1.0,U82568,768
,0.0,0.0,0.0,0.0,0.0,0.0,0.0,0.0,0.2,0.11,1.0,1.0,U52831,768
,0.0,0.0,0.0,0.0,0.0,0.0,0.0,0.0,0.06,0.03,1.0,1.0,U31096,768
,0.0,0.0,0.0,0.0,0.0,0.0,0.0,0.0,0.14,0.09,1.0,1.0,U34387,768
,0.0,0.0,0.0,0.0,0.0,0.0,0.0,0.0,0.18,0.11,1.0,1.0,U58037,768
,0.0,0.0,0.0,0.0,0.0,0.0,0.0,0.0,0.08,0.07,1.0,1.0,U54698,768
,0.0,0.0,0.0,0.0,0.0,0.0,0.0,0.0,0.18,0.12,1.0,1.0,U54620,768
,0.0,0.0,0.0,0.0,0.0,0.0,0.0,0.0,0.2,0.12,1.0,1.0,U35230,768
,0.0,0.0,0.0,0.0,0.0,0.0,0.0,0.0,0.16,0.11,1.0,1.0,U74198,768
,0.0,0.0,0.0,0.0,0.0,0.0,0.0,0.0,0.14,0.08,1.0,1.0,U76477,768
,0.0,0.0,0.0,0.0,0.0,0.0,0.0,0.0,0.16,0.11,1.0,1.0,U90286,768
,0.0,0.0,0.0,0.0,0.0,0.0,0.0,0.0,0.22,0.13,1.0,1.0,U83790,0
,0.0,0.0,0.0,0.0,0.0,0.0,0.0,0.0,0.18,0.12,1.0,1.0,U75341,768
,0.0,0.0,0.0,0.0,0.0,0.0,0.0,0.0,0.16,0.1,1.0,1.0,U9174,768
0.1306532663316583,0.005747126436781609,0.0,0.0,0.0,0.0,0.0,0.0,0.2,0.22,0.12,1.0,1.0,U9045,768
,0.0,0.0,0.0,0.0,0.0,0.0,0.0,0.0,0.16,0.11,1.0,1.0,U57089,768
,0.0,0.0,0.0,0.0,0.0,0.0,0.0,0.0,0.18,0.12,1.0,1.0,U92225,768
,0.0,0.0,0.0,0.0,0.0,0.0,0.0,0.0,0.18,0.1,1.0,1.0,U29564,768
,0.0,0.0,0.0,0.0,0.0,0.0,0.0,0.0,0.12,0.09,1.0,1.0,U76213,768
,0.0,0.0,0.0,0.0,0.0,0.0,0.0,0.0,0.16,0.11,1.0,1.0,U65691,768
,0.0,0.0,0.0,0.0,0.0,0.0,0.0,0.0,0.2,0.12,1.0,1.0,U18019,768
,0.0,0.0,0.0,0.0,0.0,0.0,0.0,0.0,0.18,0.12,1.0,1.0,U44309,768
,0.0,0.0,0.0,0.0,0.0,0.0,0.0,0.0,0.1,0.06,1.0,1.0,U36637,768
,0.0,0.0,0.0,0.0,0.0,0.0,0.0,0.0,0.16,0.11,1.0,1.0,U81467,768
,0.0,0.0,0.0,0.0,0.0,0.0,0.0,0.0,0.2,0.12,1.0,1.0,U7475,0
,0.0,0.0,0.0,0.0,0.0,0.0,0.0,0.0,0.06,0.03,1.0,1.0,U42975,768
,0.0,0.0,0.0,0.0,0.0,0.0,0.0,0.0,0.06,0.04,1.0,1.0,U85481,768
,0.0,0.0,0.0,0.0,0.0,0.0,0.0,0.0,0.2,0.12,1.0,1.0,U14341,768
,0.0,0.0,0.0,0.0,0.0,0.0,0.0,0.0,0.14,0.08,1.0,1.0,U43522,768
,0.0,0.0,0.0,0.0,0.0,0.0,0.0,0.0,0.16,0.12,1.0,1.0,U23009,768
,0.0,0.0,0.0,0.0,0.0,0.0,0.0,0.0,0.1,0.06,1.0,1.0,U18721,768
,0.0,0.0,0.0,0.0,0.0,0.0,0.0,0.0,0.16,0.1,1.0,1.0,U33825,768
,0.0,0.0,0.0,0.0,0.0,0.0,0.0,0.0,0.2,0.11,1.0,1.0,U57136,768
,0.0,0.0,0.0,0.0,0.0,0.0,0.0,0.0,0.14,0.09,1.0,1.0,U6201,768
,0.0,0.0,0.0,0.0,0.0,0.0,0.0,0.0,0.18,0.11,1.0,1.0,U65347,768
,0.0,0.0,0.0,0.0,0.0,0.0,0.0,0.0,0.14,0.08,1.0,1.0,U92357,768
,0.0,0.0,0.0,0.0,0.0,0.0,0.0,0.0,0.12,0.06,1.0,1.0,U21437,768
,0.0,0.0,0.0,0.0,0.0,0.0,0.0,0.0,0.22,0.13,1.0,1.0,U50139,768
,0.0,0.0,0.0,0.0,0.0,0.0,0.0,0.0,0.16,0.09,1.0,1.0,U40525,768
,0.0,0.0,0.0,0.0,0.0,0.0,0.0,0.0,0.14,0.11,1.0,1.0,U86669,768
,0.0,0.0,0.0,0.0,0.0,0.0,0.0,0.0,0.02,0.01,1.0,1.0,U53706,768
,0.0,0.0,0.0,0.0,0.0,0.0,0.0,0.0,0.2,0.1,1.0,1.0,U70021,768
,0.0,0.0,0.0,0.0,0.0,0.0,0.0,0.0,0.18,0.1,1.0,1.0,U40047,768
0.6432160804020101,0.013888888888888888,0.0,0.0,0.0,0.0,0.0,0.2,0.2,0.22,0.12,1.0,1.0,U33845,768
,0.0,0.0,0.0,0.0,0.0,0.0,0.0,0.0,0.18,0.09,1.0,1.0,U58855,768
,0.0,0.0,0.0,0.0,0.0,0.0,0.0,0.0,0.16,0.08,1.0,1.0,U67831,768
,0.0,0.0,0.0,0.0,0.0,0.0,0.0,0.0,0.2,0.11,1.0,1.0,U38085,768
0.24120603015075376,0.006578947368421052,0.0,0.0,0.0,0.0,0.0,0.0,0.5,0.06,0.03,1.0,1.0,U2934,768
,0.0,0.0,0.0,0.0,0.0,0.0,0.0,0.0,0.16,0.09,1.0,1.0,U1285,768
,0.0,0.0,0.0,0.0,0.0,0.0,0.0,0.0,0.02,0.02,1.0,1.0,U24348,768
,0.0,0.0,0.0,0.0,0.0,0.0,0.0,0.0,0.16,0.13,1.0,1.0,U15980,768
,0.0,0.0,0.0,0.0,0.0,0.0,0.0,0.0,0.18,0.11,1.0,1.0,U78359,768
,0.0,0.0,0.0,0.0,0.0,0.0,0.0,0.0,0.1,0.07,1.0,1.0,U84978,768
,0.0,0.0,0.0,0.0,0.0,0.0,0.0,0.0,0.18,0.11,1.0,1.0,U69027,768
,0.0,0.0,0.0,0.0,0.0,0.0,0.0,0.0,0.16,0.13,1.0,1.0,U29588,768
,0.0,0.0,0.0,0.0,0.0,0.0,0.0,0.0,0.18,0.11,1.0,1.0,U44875,768
,0.0,0.0,0.0,0.0,0.0,0.0,0.0,0.0,0.08,0.06,1.0,1.0,U17969,768
,0.0,0.0,0.0,0.0,0.0,0.0,0.0,0.0,0.08,0.07,1.0,1.0,U24127,768
,0.0,0.0,0.0,0.0,0.0,0.0,0.0,0.0,0.18,0.11,1.0,1.0,U11344,768
,0.0,0.0,0.0,0.0,0.0,0.0,0.0,0.0,0.1,0.08,1.0,1.0,U28070,768
,0.0,0.0,0.0,0.0,0.0,0.0,0.0,0.0,0.24,0.12,1.0,1.0,U11159,768
,0.0,0.0,0.0,0.0,0.0,0.0,0.0,0.0,0.14,0.12,1.0,1.0,U86911,768
,0.0,0.0,0.0,0.0,0.0,0.0,0.0,0.0,0.08,0.05,1.0,1.0,U48,768
,0.0,0.0,0.0,0.0,0.0,0.0,0.0,0.0,0.18,0.1,1.0,1.0,U1240,768
,0.0,0.0,0.0,0.0,0.0,0.0,0.0,0.0,0.18,0.12,1.0,1.0,U87524,768
,0.0,0.0,0.0,0.0,0.0,0.0,0.0,0.0,0.24,0.13,1.0,1.0,U20716,0
,0.0,0.0,0.0,0.0,0.0,0.0,0.0,0.0,0.08,0.06,1.0,1.0,U14462,768
,0.0,0.0,0.0,0.0,0.0,0.0,0.0,0.0,0.08,0.06,1.0,1.0,U43122,768
,0.0,0.0,0.0,0.0,0.0,0.0,0.0,0.0,0.12,0.06,1.0,1.0,U70058,768
,0.0,0.0,0.0,0.0,0.0,0.0,0.0,0.0,0.22,0.13,1.0,1.0,U75003,768
,0.0,0.0,0.0,0.0,0.0,0.0,0.0,0.0,0.22,0.13,1.0,1.0,U3035,768
0.4472361809045226,0.009009009009009009,0.0,0.0,0.0,0.0,0.0,0.0,0.5,0.18,0.11,1.0,1.0,U84805,768
,0.0,0.0,0.0,0.0,0.0,0.0,0.0,0.0,0.18,0.1,1.0,1.0,U84463,768
,0.0,0.0,0.0,0.0,0.0,0.0,0.0,0.0,0.12,0.09,1.0,1.0,U63779,768
,0.0,0.0,0.0,0.0,0.0,0.0,0.0,0.0,0.16,0.1,1.0,1.0,U1897,768
,0.0,0.0,0.0,0.0,0.0,0.0,0.0,0.0,0.12,0.07,1.0,1.0,U89258,768
,0.0,0.0,0.0,0.0,0.0,0.0,0.0,0.0,0.18,0.14,1.0,1.0,U82678,768
,0.0,0.0,0.0,0.0,0.0,0.0,0.0,0.0,0.18,0.12,1.0,1.0,U43034,768
,0.0,0.0,0.0,0.0,0.0,0.0,0.0,0.0,0.04,0.03,1.0,1.0,U93455,768
,0.0,0.0,0.0,0.0,0.0,0.0,0.0,0.0,0.14,0.08,1.0,1.0,U68944,768
,0.0,0.0,0.0,0.0,0.0,0.0,0.0,0.0,0.18,0.12,1.0,1.0,U61723,768
,0.0,0.0,0.0,0.0,0.0,0.0,0.0,0.0,0.16,0.11,1.0,1.0,U63840,768
,0.0,0.0,0.0,0.0,0.0,0.0,0.0,0.0,0.16,0.11,1.0,1.0,U27426,768
,0.0,0.0,0.0,0.0,0.0,0.0,0.0,0.0,0.18,0.11,1.0,1.0,U92661,768
,0.0,0.0,0.0,0.0,0.0,0.0,0.0,0.0,0.18,0.1,1.0,1.0,U7892,768
,0.0,0.0,0.0,0.0,0.0,0.0,0.0,0.0,0.08,0.06,1.0,1.0,U16334,768
,0.0,0.0,0.0,0.0,0.0,0.0,0.0,0.0,0.14,0.1,1.0,1.0,U12282,768
,0.0,0.0,0.0,0.0,0.0,0.0,0.0,0.0,0.14,0.12,1.0,1.0,U81203,768
,0.0,0.0,0.0,0.0,0.0,0.0,0.0,0.0,0.14,0.1,1.0,1.0,U89721,768
,0.0,0.0,0.0,0.0,0.0,0.0,0.0,0.0,0.08,0.07,1.0,1.0,U73685,768
,0.0,0.0,0.0,0.0,0.0,0.0,0.0,0.0,0.06,0.05,1.0,1.0,U36879,768
,0.0,0.0,0.0,0.0,0.0,0.0,0.0,0.0,0.2,0.12,1.0,1.0,U13239,768
,0.0,0.0,0.0,0.0,0.0,0.0,0.0,0.0,0.18,0.1,1.0,1.0,U503,768
,0.0,0.0,0.0,0.0,0.0,0.0,0.0,0.0,0.2,0.12,1.0,1.0,U68429,768
,0.0,0.0,0.0,0.0,0.0,0.0,0.0,0.0,0.16,0.11,1.0,1.0,U51677,768
,0.0,0.0,0.0,0.0,0.0,0.0,0.0,0.0,0.08,0.05,1.0,1.0,U60483,768
,0.0,0.0,0.0,0.0,0.0,0.0,0.0,0.0,0.18,0.09,1.0,1.0,U57351,768
,0.0,0.0,0.0,0.0,0.0,0.0,0.0,0.0,0.14,0.1,1.0,1.0,U45652,768
,0.0,0.0,0.0,0.0,0.0,0.0,0.0,0.0,0.18,0.12,1.0,1.0,U62043,768
,0.0,0.0,0.0,0.0,0.0,0.0,0.0,0.0,0.18,0.1,1.0,1.0,U28557,768
,0.0,0.0,0.0,0.0,0.0,0.0,0.0,0.0,0.16,0.11,1.0,1.0,U58280,768
,0.0,0.0,0.0,0.0,0.0,0.0,0.0,0.0,0.16,0.12,1.0,1.0,U29979,768
,0.0,0.0,0.0,0.0,0.0,0.0,0.0,0.0,0.18,0.09,1.0,1.0,U70434,768
,0.0,0.0,0.0,0.0,0.0,0.0,0.0,0.0,0.18,0.1,1.0,1.0,U51124,768
,0.0,0.0,0.0,0.0,0.0,0.0,0.0,0.0,0.16,0.1,1.0,1.0,U10482,768
,0.0,0.0,0.0,0.0,0.0,0.0,0.0,0.0,0.04,0.05,1.0,1.0,U10703,768
,0.0,0.0,0.0,0.0,0.0,0.0,0.0,0.0,0.04,0.03,1.0,1.0,U14053,768
0.06532663316582915,0.0053475935828877,0.0,0.0,0.0,0.0,0.0,0.0,0.3333333333333333,0.22,0.12,1.0,1.0,U61485,768
,0.0,0.0,0.0,0.0,0.0,0.0,0.0,0.0,0.1,0.07,1.0,1.0,U65003,768
0.5577889447236181,0.011235955056179775,0.0,0.0,0.0,0.0,0.0,0.16666666666666666,0.16666666666666666,0.16,0.11,1.0,1.0,U59620,768
,0.0,0.0,0.0,0.0,0.0,0.0,0.0,0.0,0.2,0.13,1.0,1.0,U48138,768
,0.0,0.0,0.0,0.0,0.0,0.0,0.0,0.0,0.04,0.03,1.0,1.0,U37629,768
,0.0,0.0,0.0,0.0,0.0,0.0,0.0,0.0,0.1,0.08,1.0,1.0,U35865,768
,0.0,0.0,0.0,0.0,0.0,0.0,0.0,0.0,0.18,0.1,1.0,1.0,U73558,768
,0.0,0.0,0.0,0.0,0.0,0.0,0.0,0.0,0.1,0.09,1.0,1.0,U40098,768
,0.0,0.0,0.0,0.0,0.0,0.0,0.0,0.0,0.16,0.11,1.0,1.0,U59679,768
,0.0,0.0,0.0,0.0,0.0,0.0,0.0,0.0,0.18,0.11,1.0,1.0,U66874,768
,0.0,0.0,0.0,0.0,0.0,0.0,0.0,0.0,0.1,0.07,1.0,1.0,U21915,768
,0.0,0.0,0.0,0.0,0.0,0.0,0.0,0.0,0.16,0.11,1.0,1.0,U91233,768
,0.0,0.0,0.0,0.0,0.0,0.0,0.0,0.0,0.14,0.08,1.0,1.0,U54306,768
,0.0,0.0,0.0,0.0,0.0,0.0,0.0,0.0,0.2,0.12,1.0,1.0,U4394,768
,0.0,0.0,0.0,0.0,0.0,0.0,0.0,0.0,0.12,0.09,1.0,1.0,U71988,768
,0.0,0.0,0.0,0.0,0.0,0.0,0.0,0.0,0.12,0.09,1.0,1.0,U49724,768
,0.0,0.0,0.0,0.0,0.0,0.0,0.0,0.0,0.08,0.08,1.0,1.0,U82392,768
,0.0,0.0,0.0,0.0,0.0,0.0,0.0,0.0,0.16,0.12,1.0,1.0,U66027,768
,0.0,0.0,0.0,0.0,0.0,0.0,0.0,0.0,0.12,0.07,1.0,1.0,U15081,768
,0.0,0.0,0.0,0.0,0.0,0.0,0.0,0.0,0.2,0.11,1.0,1.0,U66656,768
,0.0,0.0,0.0,0.0,0.0,0.0,0.0,0.0,0.2,0.11,1.0,1.0,U50380,768
,0.0,0.0,0.0,0.0,0.0,0.0,0.0,0.0,0.2,0.11,1.0,1.0,U33405,768
,0.0,0.0,0.0,0.0,0.0,0.0,0.0,0.0,0.16,0.12,1.0,1.0,U46763,768
,0.0,0.0,0.0,0.0,0.0,0.0,0.0,0.0,0.14,0.09,1.0,1.0,U79131,768
,0.0,0.0,0.0,0.0,0.0,0.0,0.0,0.0,0.02,0.04,1.0,1.0,U73901,768
,0.0,0.0,0.0,0.0,0.0,0.0,0.0,0.0,0.04,0.03,1.0,1.0,U36609,768
,0.0,0.0,0.0,0.0,0.0,0.0,0.0,0.0,0.16,0.1,1.0,1.0,U5041,768
,0.0,0.0,0.0,0.0,0.0,0.0,0.0,0.0,0.12,0.08,1.0,1.0,U36645,768
,0.0,0.0,0.0,0.0,0.0,0.0,0.0,0.0,0.04,0.02,1.0,1.0,U77412,768
,0.0,0.0,0.0,0.0,0.0,0.0,0.0,0.0,0.08,0.07,1.0,1.0,U38170,768
,0.0,0.0,0.0,0.0,0.0,0.0,0.0,0.0,0.2,0.1,1.0,1.0,U40531,768
,0.0,0.0,0.0,0.0,0.0,0.0,0.0,0.0,0.1,0.09,1.0,1.0,U52153,768
,0.0,0.0,0.0,0.0,0.0,0.0,0.0,0.0,0.18,0.11,1.0,1.0,U32431,768
,0.0,0.0,0.0,0.0,0.0,0.0,0.0,0.0,0.04,0.05,1.0,1.0,U49357,768
,0.0,0.0,0.0,0.0,0.0,0.0,0.0,0.0,0.18,0.09,1.0,1.0,U81609,768
,0.0,0.0,0.0,0.0,0.0,0.0,0.0,0.0,0.24,0.12,1.0,1.0,U64022,768
,0.0,0.0,0.0,0.0,0.0,0.0,0.0,0.0,0.18,0.11,1.0,1.0,U30867,768
0.39195979899497485,0.00819672131147541,0.0,0.0,0.0,0.0,0.0,0.0,0.2,0.16,0.12,1.0,1.0,U49323,768
,0.0,0.0,0.0,0.0,0.0,0.0,0.0,0.0,0.14,0.1,1.0,1.0,U60601,768
,0.0,0.0,0.0,0.0,0.0,0.0,0.0,0.0,0.24,0.12,1.0,1.0,U3241,768
,0.0,0.0,0.0,0.0,0.0,0.0,0.0,0.0,0.14,0.1,1.0,1.0,U255,768
,0.0,0.0,0.0,0.0,0.0,0.0,0.0,0.0,0.1,0.09,1.0,1.0,U37759,768
,0.0,0.0,0.0,0.0,0.0,0.0,0.0,0.0,0.14,0.08,1.0,1.0,U66345,768
,0.0,0.0,0.0,0.0,0.0,0.0,0.0,0.0,0.2,0.12,1.0,1.0,U93747,768
,0.0,0.0,0.0,0.0,0.0,0.0,0.0,0.0,0.24,0.14,1.0,1.0,U56277,0
,0.0,0.0,0.0,0.0,0.0,0.0,0.0,0.0,0.14,0.09,1.0,1.0,U23481,768
,0.0,0.0,0.0,0.0,0.0,0.0,0.0,0.0,0.22,0.14,1.0,1.0,U20956,0
0.5226130653266332,0.010416666666666666,0.0,0.0,0.0,0.0,0.0,0.5,0.5,0.18,0.11,1.0,1.0,U19554,768
,0.0,0.0,0.0,0.0,0.0,0.0,0.0,0.0,0.16,0.09,1.0,1.0,U33580,768
,0.0,0.0,0.0,0.0,0.0,0.0,0.0,0.0,0.2,0.12,1.0,1.0,U87872,768
,0.0,0.0,0.0,0.0,0.0,0.0,0.0,0.0,0.14,0.09,1.0,1.0,U65578,768
,0.0,0.0,0.0,0.0,0.0,0.0,0.0,0.0,0.1,0.08,1.0,1.0,U3464,768
,0.0,0.0,0.0,0.0,0.0,0.0,0.0,0.0,0.2,0.11,1.0,1.0,U85471,768
0.6381909547738693,0.0136986301369863,0.0,0.0,0.0,0.0,0.0,1.0,1.0,0.06,0.05,1.0,1.0,U20380,768
,0.0,0.0,0.0,0.0,0.0,0.0,0.0,0.0,0.12,0.11,1.0,1.0,U38074,768
,0.0,0.0,0.0,0.0,0.0,0.0,0.0,0.0,0.18,0.12,1.0,1.0,U12213,0
,0.0,0.0,0.0,0.0,0.0,0.0,0.0,0.0,0.14,0.08,1.0,1.0,U18117,768
,0.0,0.0,0.0,0.0,0.0,0.0,0.0,0.0,0.16,0.09,1.0,1.0,U39791,768
,0.0,0.0,0.0,0.0,0.0,0.0,0.0,0.0,0.2,0.11,1.0,1.0,U88582,768
,0.0,0.0,0.0,0.0,0.0,0.0,0.0,0.0,0.16,0.11,1.0,1.0,U15816,768
,0.0,0.0,0.0,0.0,0.0,0.0,0.0,0.0,0.1,0.06,1.0,1.0,U60785,768
,0.0,0.0,0.0,0.0,0.0,0.0,0.0,0.0,0.16,0.09,1.0,1.0,U89105,768
,0.0,0.0,0.0,0.0,0.0,0.0,0.0,0.0,0.1,0.06,1.0,1.0,U25006,768
,0.0,0.0,0.0,0.0,0.0,0.0,0.0,0.0,0.16,0.09,1.0,1.0,U35872,768
,0.0,0.0,0.0,0.0,0.0,0.0,0.0,0.0,0.1,0.09,1.0,1.0,U65243,768
,0.0,0.0,0.0,0.0,0.0,0.0,0.0,0.0,0.16,0.1,1.0,1.0,U66023,768
,0.0,0.0,0.0,0.0,0.0,0.0,0.0,0.0,0.2,0.11,1.0,1.0,U74322,768
,0.0,0.0,0.0,0.0,0.0,0.0,0.0,0.0,0.04,0.02,1.0,1.0,U21641,768
,0.0,0.0,0.0,0.0,0.0,0.0,0.0,0.0,0.18,0.11,1.0,1.0,U37245,768
,0.0,0.0,0.0,0.0,0.0,0.0,0.0,0.0,0.2,0.11,1.0,1.0,U37047,768
,0.0,0.0,0.0,0.0,0.0,0.0,0.0,0.0,0.2,0.12,1.0,1.0,U80247,768
,0.0,0.0,0.0,0.0,0.0,0.0,0.0,0.0,0.16,0.1,1.0,1.0,U6382,768
,0.0,0.0,0.0,0.0,0.0,0.0,0.0,0.0,0.2,0.12,1.0,1.0,U65426,768
,0.0,0.0,0.0,0.0,0.0,0.0,0.0,0.0,0.1,0.09,1.0,1.0,U3660,768
,0.0,0.0,0.0,0.0,0.0,0.0,0.0,0.0,0.08,0.04,1.0,1.0,U28326,768
,0.0,0.0,0.0,0.0,0.0,0.0,0.0,0.0,0.12,0.09,1.0,1.0,U14962,768
,0.0,0.0,0.0,0.0,0.0,0.0,0.0,0.0,0.12,0.07,1.0,1.0,U29733,768
,0.0,0.0,0.0,0.0,0.0,0.0,0.0,0.0,0.18,0.12,1.0,1.0,U5159,768
,0.0,0.0,0.0,0.0,0.0,0.0,0.0,0.0,0.18,0.13,1.0,1.0,U87681,768
,0.0,0.0,0.0,0.0,0.0,0.0,0.0,0.0,0.04,0.02,1.0,1.0,U45597,768
,0.0,0.0,0.0,0.0,0.0,0.0,0.0,0.0,0.16,0.09,1.0,1.0,U38448,768
,0.0,0.0,0.0,0.0,0.0,0.0,0.0,0.0,0.18,0.12,1.0,1.0,U5725,768
,0.0,0.0,0.0,0.0,0.0,0.0,0.0,0.0,0.16,0.1,1.0,1.0,U61974,768
,0.0,0.0,0.0,0.0,0.0,0.0,0.0,0.0,0.2,0.12,1.0,1.0,U39661,768
,0.0,0.0,0.0,0.0,0.0,0.0,0.0,0.0,0.2,0.11,1.0,1.0,U93575,768
,0.0,0.0,0.0,0.0,0.0,0.0,0.0,0.0,0.04,0.04,1.0,1.0,U41040,768
0.9748743718592965,0.16666666666666666,0.0,0.3562071871080222,0.0,0.25,0.25,0.25,0.25,0.16,0.09,1.0,1.0,U54370,768
,0.0,0.0,0.0,0.0,0.0,0.0,0.0,0.0,0.16,0.11,1.0,1.0,U48626,768
,0.0,0.0,0.0,0.0,0.0,0.0,0.0,0.0,0.16,0.12,1.0,1.0,U1490,768
0.5829145728643216,0.011904761904761904,0.0,0.0,0.0,0.0,0.0,0.0625,0.0625,0.18,0.1,1.0,1.0,U65633,768
,0.0,0.0,0.0,0.0,0.0,0.0,0.0,0.0,0.12,0.06,1.0,1.0,U88067,768
,0.0,0.0,0.0,0.0,0.0,0.0,0.0,0.0,0.14,0.09,1.0,1.0,U48395,768
,0.0,0.0,0.0,0.0,0.0,0.0,0.0,0.0,0.14,0.09,1.0,1.0,U17902,768
0.2562814070351759,0.006711409395973154,0.0,0.0,0.0,0.0,0.0,0.0,1.0,0.2,0.12,1.0,1.0,U7149,768
,0.0,0.0,0.0,0.0,0.0,0.0,0.0,0.0,0.2,0.11,1.0,1.0,U15108,768
,0.0,0.0,0.0,0.0,0.0,0.0,0.0,0.0,0.22,0.11,1.0,1.0,U3365,768
0.8492462311557789,0.03225806451612903,0.0,0.0,0.0,0.0,0.16666666666666666,0.16666666666666666,0.16666666666666666,0.16,0.1,1.0,1.0,U53784,768
,0.0,0.0,0.0,0.0,0.0,0.0,0.0,0.0,0.2,0.13,1.0,1.0,U44018,768
,0.0,0.0,0.0,0.0,0.0,0.0,0.0,0.0,0.2,0.12,1.0,1.0,U48746,768
,0.0,0.0,0.0,0.0,0.0,0.0,0.0,0.0,0.14,0.08,1.0,1.0,U67380,768
,0.0,0.0,0.0,0.0,0.0,0.0,0.0,0.0,0.22,0.12,1.0,1.0,U79876,768
,0.0,0.0,0.0,0.0,0.0,0.0,0.0,0.0,0.16,0.1,1.0,1.0,U14621,768
0.7437185929648241,0.019230769230769232,0.0,0.0,0.0,0.0,0.0,0.25,0.25,0.18,0.09,1.0,1.0,U75305,768
,0.0,0.0,0.0,0.0,0.0,0.0,0.0,0.0,0.06,0.06,1.0,1.0,U85833,768
,0.0,0.0,0.0,0.0,0.0,0.0,0.0,0.0,0.18,0.1,1.0,1.0,U72169,768
,0.0,0.0,0.0,0.0,0.0,0.0,0.0,0.0,0.18,0.11,1.0,1.0,U22342,768
,0.0,0.0,0.0,0.0,0.0,0.0,0.0,0.0,0.06,0.07,1.0,1.0,U56579,768
0.3165829145728643,0.0072992700729927005,0.0,0.0,0.0,0.0,0.0,0.0,0.2,0.18,0.1,1.0,1.0,U24663,768
,0.0,0.0,0.0,0.0,0.0,0.0,0.0,0.0,0.12,0.11,1.0,1.0,U57503,768
,0.0,0.0,0.0,0.0,0.0,0.0,0.0,0.0,0.18,0.11,1.0,1.0,U76489,768
,0.0,0.0,0.0,0.0,0.0,0.0,0.0,0.0,0.1,0.09,1.0,1.0,U5799,768
,0.0,0.0,0.0,0.0,0.0,0.0,0.0,0.0,0.1,0.07,1.0,1.0,U6785,768
,0.0,0.0,0.0,0.0,0.0,0.0,0.0,0.0,0.08,0.04,1.0,1.0,U48933,768
,0.0,0.0,0.0,0.0,0.0,0.0,0.0,0.0,0.12,0.06,1.0,1.0,U2591,768
,0.0,0.0,0.0,0.0,0.0,0.0,0.0,0.0,0.16,0.11,1.0,1.0,U70235,768
,0.0,0.0,0.0,0.0,0.0,0.0,0.0,0.0,0.2,0.14,1.0,1.0,U68384,768
,0.0,0.0,0.0,0.0,0.0,0.0,0.0,0.0,0.16,0.08,1.0,1.0,U28757,768
,0.0,0.0,0.0,0.0,0.0,0.0,0.0,0.0,0.24,0.12,1.0,1.0,U43923,768
,0.0,0.0,0.0,0.0,0.0,0.0,0.0,0.0,0.14,0.12,1.0,1.0,U6102,768
0.4723618090452261,0.009433962264150943,0.0,0.0,0.0,0.0,0.0,0.0,0.14285714285714285,0.12,0.09,1.0,1.0,U9434,768
0.5778894472361809,0.011764705882352941,0.0,0.0,0.0,0.0,0.0,1.0,1.0,0.06,0.03,1.0,1.0,U17916,768
,0.0,0.0,0.0,0.0,0.0,0.0,0.0,0.0,0.02,0.02,1.0,1.0,U25450,768
,0.0,0.0,0.0,0.0,0.0,0.0,0.0,0.0,0.16,0.09,1.0,1.0,U81264,768
,0.0,0.0,0.0,0.0,0.0,0.0,0.0,0.0,0.16,0.11,1.0,1.0,U2153,768
,0.0,0.0,0.0,0.0,0.0,0.0,0.0,0.0,0.18,0.13,1.0,1.0,U17233,768
,0.0,0.0,0.0,0.0,0.0,0.0,0.0,0.0,0.2,0.11,1.0,1.0,U47673,768
,0.0,0.0,0.0,0.0,0.0,0.0,0.0,0.0,0.2,0.13,1.0,1.0,U13638,768
,0.0,0.0,0.0,0.0,0.0,0.0,0.0,0.0,0.12,0.1,1.0,1.0,U12986,768
,0.0,0.0,0.0,0.0,0.0,0.0,0.0,0.0,0.16,0.1,1.0,1.0,U58989,768
,0.0,0.0,0.0,0.0,0.0,0.0,0.0,0.0,0.14,0.1,1.0,1.0,U3138,768
,0.0,0.0,0.0,0.0,0.0,0.0,0.0,0.0,0.14,0.09,1.0,1.0,U7504,768
,0.0,0.0,0.0,0.0,0.0,0.0,0.0,0.0,0.08,0.07,1.0,1.0,U26642,768
,0.0,0.0,0.0,0.0,0.0,0.0,0.0,0.0,0.12,0.07,1.0,1.0,U8131,768
,0.0,0.0,0.0,0.0,0.0,0.0,0.0,0.0,0.16,0.11,1.0,1.0,U32972,768
,0.0,0.0,0.0,0.0,0.0,0.0,0.0,0.0,0.18,0.1,1.0,1.0,U53856,768
0.3316582914572864,0.007462686567164179,0.0,0.0,0.0,0.0,0.0,0.0,0.16666666666666666,0.14,0.12,1.0,1.0,U60646,768
,0.0,0.0,0.0,0.0,0.0,0.0,0.0,0.0,0.14,0.1,1.0,1.0,U41891,768
,0.0,0.0,0.0,0.0,0.0,0.0,0.0,0.0,0.2,0.11,1.0,1.0,U52685,768
0.09547738693467336,0.0055248618784530384,0.0,0.0,0.0,0.0,0.0,0.0,0.5,0.04,0.02,1.0,1.0,U87653,768
,0.0,0.0,0.0,0.0,0.0,0.0,0.0,0.0,0.22,0.13,1.0,1.0,U75711,0
,0.0,0.0,0.0,0.0,0.0,0.0,0.0,0.0,0.1,0.06,1.0,1.0,U59344,768
,0.0,0.0,0.0,0.0,0.0,0.0,0.0,0.0,0.16,0.12,1.0,1.0,U56819,768
,0.0,0.0,0.0,0.0,0.0,0.0,0.0,0.0,0.1,0.07,1.0,1.0,U928,768
0.2613065326633166,0.006756756756756757,0.0,0.0,0.0,0.0,0.0,0.0,0.3333333333333333,0.14,0.08,1.0,1.0,U84511,768
,0.0,0.0,0.0,0.0,0.0,0.0,0.0,0.0,0.16,0.1,1.0,1.0,U65246,768
,0.0,0.0,0.0,0.0,0.0,0.0,0.0,0.0,0.18,0.1,1.0,1.0,U83495,768
,0.0,0.0,0.0,0.0,0.0,0.0,0.0,0.0,0.16,0.1,1.0,1.0,U38318,768
,0.0,0.0,0.0,0.0,0.0,0.0,0.0,0.0,0.14,0.1,1.0,1.0,U90219,768
,0.0,0.0,0.0,0.0,0.0,0.0,0.0,0.0,0.1,0.07,1.0,1.0,U13282,768
,0.0,0.0,0.0,0.0,0.0,0.0,0.0,0.0,0.12,0.11,1.0,1.0,U93315,768
,0.0,0.0,0.0,0.0,0.0,0.0,0.0,0.0,0.1,0.08,1.0,1.0,U77815,768
,0.0,0.0,0.0,0.0,0.0,0.0,0.0,0.0,0.12,0.07,1.0,1.0,U33445,768
,0.0,0.0,0.0,0.0,0.0,0.0,0.0,0.0,0.18,0.1,1.0,1.0,U15849,768
,0.0,0.0,0.0,0.0,0.0,0.0,0.0,0.0,0.12,0.06,1.0,1.0,U36745,768
,0.0,0.0,0.0,0.0,0.0,0.0,0.0,0.0,0.22,0.11,1.0,1.0,U54220,768
,0.0,0.0,0.0,0.0,0.0,0.0,0.0,0.0,0.06,0.07,1.0,1.0,U86546,768
,0.0,0.0,0.0,0.0,0.0,0.0,0.0,0.0,0.1,0.08,1.0,1.0,U10928,768
,0.0,0.0,0.0,0.0,0.0,0.0,0.0,0.0,0.16,0.1,1.0,1.0,U55985,768
,0.0,0.0,0.0,0.0,0.0,0.0,0.0,0.0,0.24,0.12,1.0,1.0,U67629,768
,0.0,0.0,0.0,0.0,0.0,0.0,0.0,0.0,0.1,0.09,1.0,1.0,U14865,768
0.49748743718592964,0.009900990099009901,0.0,0.0,0.0,0.0,0.0,0.0,0.2,0.14,0.12,1.0,1.0,U22697,768
,0.0,0.0,0.0,0.0,0.0,0.0,0.0,0.0,0.08,0.05,1.0,1.0,U74915,768
,0.0,0.0,0.0,0.0,0.0,0.0,0.0,0.0,0.22,0.11,1.0,1.0,U31908,768
,0.0,0.0,0.0,0.0,0.0,0.0,0.0,0.0,0.08,0.07,1.0,1.0,U37662,768
,0.0,0.0,0.0,0.0,0.0,0.0,0.0,0.0,0.2,0.1,1.0,1.0,U82271,768
,0.0,0.0,0.0,0.0,0.0,0.0,0.0,0.0,0.08,0.06,1.0,1.0,U88010,768
,0.0,0.0,0.0,0.0,0.0,0.0,0.0,0.0,0.18,0.1,1.0,1.0,U32649,768
,0.0,0.0,0.0,0.0,0.0,0.0,0.0,0.0,0.04,0.05,1.0,1.0,U64564,768
,0.0,0.0,0.0,0.0,0.0,0.0,0.0,0.0,0.16,0.08,1.0,1.0,U42426,768
,0.0,0.0,0.0,0.0,0.0,0.0,0.0,0.0,0.24,0.13,1.0,1.0,U14448,768
,0.0,0.0,0.0,0.0,0.0,0.0,0.0,0.0,0.2,0.11,1.0,1.0,U85049,768
,0.0,0.0,0.0,0.0,0.0,0.0,0.0,0.0,0.18,0.1,1.0,1.0,U26328,768
,0.0,0.0,0.0,0.0,0.0,0.0,0.0,0.0,0.18,0.13,1.0,1.0,U21010,768
,0.0,0.0,0.0,0.0,0.0,0.0,0.0,0.0,0.08,0.04,1.0,1.0,U11792,768
,0.0,0.0,0.0,0.0,0.0,0.0,0.0,0.0,0.14,0.08,1.0,1.0,U64834,768
,0.0,0.0,0.0,0.0,0.0,0.0,0.0,0.0,0.18,0.1,1.0,1.0,U551,768
,0.0,0.0,0.0,0.0,0.0,0.0,0.0,0.0,0.14,0.07,1.0,1.0,U40895,768
,0.0,0.0,0.0,0.0,0.0,0.0,0.0,0.0,0.18,0.1,1.0,1.0,U26351,768
,0.0,0.0,0.0,0.0,0.0,0.0,0.0,0.0,0.1,0.06,1.0,1.0,U67466,768
,0.0,0.0,0.0,0.0,0.0,0.0,0.0,0.0,0.22,0.12,1.0,1.0,U32737,768
,0.0,0.0,0.0,0.0,0.0,0.0,0.0,0.0,0.06,0.03,1.0,1.0,U5553,768
,0.0,0.0,0.0,0.0,0.0,0.0,0.0,0.0,0.24,0.12,1.0,1.0,U90969,768
,0.0,0.0,0.0,0.0,0.0,0.0,0.0,0.0,0.14,0.09,1.0,1.0,U18364,768
,0.0,0.0,0.0,0.0,0.0,0.0,0.0,0.0,0.16,0.11,1.0,1.0,U56199,768
,0.0,0.0,0.0,0.0,0.0,0.0,0.0,0.0,0.14,0.08,1.0,1.0,U41433,768
,0.0,0.0,0.0,0.0,0.0,0.0,0.0,0.0,0.1,0.06,1.0,1.0,U27371,768
,0.0,0.0,0.0,0.0,0.0,0.0,0.0,0.0,0.04,0.04,1.0,1.0,U14929,768
,0.0,0.0,0.0,0.0,0.0,0.0,0.0,0.0,0.16,0.12,1.0,1.0,U23282,768
,0.0,0.0,0.0,0.0,0.0,0.0,0.0,0.0,0.12,0.1,1.0,1.0,U71426,768
,0.0,0.0,0.0,0.0,0.0,0.0,0.0,0.0,0.2,0.11,1.0,1.0,U67670,768
,0.0,0.0,0.0,0.0,0.0,0.0,0.0,0.0,0.2,0.11,1.0,1.0,U59343,768
,0.0,0.0,0.0,0.0,0.0,0.0,0.0,0.0,0.16,0.12,1.0,1.0,U38827,768
,0.0,0.0,0.0,0.0,0.0,0.0,0.0,0.0,0.24,0.12,1.0,1.0,U7160,768
0.7487437185929648,0.0196078431372549,0.0,0.0,0.0,0.0,0.0,0.09090909090909091,0.09090909090909091,0.2,0.11,1.0,1.0,U75436,768
,0.0,0.0,0.0,0.0,0.0,0.0,0.0,0.0,0.06,0.03,1.0,1.0,U69178,768
,0.0,0.0,0.0,0.0,0.0,0.0,0.0,0.0,0.18,0.12,1.0,1.0,U9929,768
,0.0,0.0,0.0,0.0,0.0,0.0,0.0,0.0,0.12,0.09,1.0,1.0,U67611,768
,0.0,0.0,0.0,0.0,0.0,0.0,0.0,0.0,0.04,0.05,1.0,1.0,U86612,768
,0.0,0.0,0.0,0.0,0.0,0.0,0.0,0.0,0.2,0.11,1.0,1.0,U81897,768
,0.0,0.0,0.0,0.0,0.0,0.0,0.0,0.0,0.16,0.12,1.0,1.0,U27159,768
,0.0,0.0,0.0,0.0,0.0,0.0,0.0,0.0,0.14,0.12,1.0,1.0,U90798,768
,0.0,0.0,0.0,0.0,0.0,0.0,0.0,0.0,0.12,0.09,1.0,1.0,U37013,768
,0.0,0.0,0.0,0.0,0.0,0.0,0.0,0.0,0.12,0.08,1.0,1.0,U42943,768
,0.0,0.0,0.0,0.0,0.0,0.0,0.0,0.0,0.18,0.11,1.0,1.0,U56261,768
,0.0,0.0,0.0,0.0,0.0,0.0,0.0,0.0,0.16,0.08,1.0,1.0,U57820,768
,0.0,0.0,0.0,0.0,0.0,0.0,0.0,0.0,0.02,0.02,1.0,1.0,U40738,768
,0.0,0.0,0.0,0.0,0.0,0.0,0.0,0.0,0.18,0.13,1.0,1.0,U70751,768
,0.0,0.0,0.0,0.0,0.0,0.0,0.0,0.0,0.2,0.12,1.0,1.0,U56912,768
,0.0,0.0,0.0,0.0,0.0,0.0,0.0,0.0,0.18,0.11,1.0,1.0,U80096,768
,0.0,0.0,0.0,0.0,0.0,0.0,0.0,0.0,0.12,0.07,1.0,1.0,U87673,768
,0.0,0.0,0.0,0.0,0.0,0.0,0.0,0.0,0.16,0.12,1.0,1.0,U22016,768
,0.0,0.0,0.0,0.0,0.0,0.0,0.0,0.0,0.12,0.08,1.0,1.0,U30074,768
,0.0,0.0,0.0,0.0,0.0,0.0,0.0,0.0,0.18,0.1,1.0,1.0,U19174,768
,0.0,0.0,0.0,0.0,0.0,0.0,0.0,0.0,0.16,0.1,1.0,1.0,U89223,768
,0.0,0.0,0.0,0.0,0.0,0.0,0.0,0.0,0.26,0.14,1.0,1.0,U8168,768
,0.0,0.0,0.0,0.0,0.0,0.0,0.0,0.0,0.12,0.09,1.0,1.0,U56731,768
,0.0,0.0,0.0,0.0,0.0,0.0,0.0,0.0,0.2,0.11,1.0,1.0,U15483,768
,0.0,0.0,0.0,0.0,0.0,0.0,0.0,0.0,0.12,0.07,1.0,1.0,U31462,768
,0.0,0.0,0.0,0.0,0.0,0.0,0.0,0.0,0.2,0.12,1.0,1.0,U37829,768
,0.0,0.0,0.0,0.0,0.0,0.0,0.0,0.0,0.14,0.1,1.0,1.0,U28898,768
,0.0,0.0,0.0,0.0,0.0,0.0,0.0,0.0,0.18,0.11,1.0,1.0,U11556,768
0.08542713567839195,0.00546448087431694,0.0,0.0,0.0,0.0,0.0,0.0,0.3333333333333333,0.12,0.08,1.0,1.0,U14344,768
,0.0,0.0,0.0,0.0,0.0,0.0,0.0,0.0,0.2,0.13,1.0,1.0,U76820,768
0.5276381909547738,0.010526315789473684,0.0,0.0,0.0,0.0,0.0,0.5,0.5,0.22,0.12,1.0,1.0,U51709,768
,0.0,0.0,0.0,0.0,0.0,0.0,0.0,0.0,0.22,0.14,1.0,1.0,U41595,0
,0.0,0.0,0.0,0.0,0.0,0.0,0.0,0.0,0.04,0.02,1.0,1.0,U23175,768
,0.0,0.0,0.0,0.0,0.0,0.0,0.0,0.0,0.12,0.07,1.0,1.0,U38350,768
0.6381909547738693,0.0136986301369863,0.0,0.0,0.0,0.0,0.0,0.5,0.5,0.16,0.1,1.0,1.0,U62744,768
,0.0,0.0,0.0,0.0,0.0,0.0,0.0,0.0,0.16,0.09,1.0,1.0,U26543,768
,0.0,0.0,0.0,0.0,0.0,0.0,0.0,0.0,0.22,0.11,1.0,1.0,U36065,768
,0.0,0.0,0.0,0.0,0.0,0.0,0.0,0.0,0.18,0.11,1.0,1.0,U37228,768
,0.0,0.0,0.0,0.0,0.0,0.0,0.0,0.0,0.1,0.08,1.0,1.0,U16382,768
,0.0,0.0,0.0,0.0,0.0,0.0,0.0,0.0,0.18,0.1,1.0,1.0,U17295,768
,0.0,0.0,0.0,0.0,0.0,0.0,0.0,0.0,0.2,0.12,1.0,1.0,U35605,768
,0.0,0.0,0.0,0.0,0.0,0.0,0.0,0.0,0.16,0.1,1.0,1.0,U30125,768
,0.0,0.0,0.0,0.0,0.0,0.0,0.0,0.0,0.06,0.04,1.0,1.0,U93847,768
,0.0,0.0,0.0,0.0,0.0,0.0,0.0,0.0,0.06,0.04,1.0,1.0,U54979,768
,0.0,0.0,0.0,0.0,0.0,0.0,0.0,0.0,0.1,0.05,1.0,1.0,U93041,768
,0.0,0.0,0.0,0.0,0.0,0.0,0.0,0.0,0.18,0.12,1.0,1.0,U1595,768
,0.0,0.0,0.0,0.0,0.0,0.0,0.0,0.0,0.04,0.04,1.0,1.0,U93213,768
,0.0,0.0,0.0,0.0,0.0,0.0,0.0,0.0,0.1,0.08,1.0,1.0,U137,768
,0.0,0.0,0.0,0.0,0.0,0.0,0.0,0.0,0.18,0.1,1.0,1.0,U54017,768
,0.0,0.0,0.0,0.0,0.0,0.0,0.0,0.0,0.14,0.11,1.0,1.0,U24314,768
,0.0,0.0,0.0,0.0,0.0,0.0,0.0,0.0,0.2,0.13,1.0,1.0,U20580,768
,0.0,0.0,0.0,0.0,0.0,0.0,0.0,0.0,0.14,0.08,1.0,1.0,U44236,768
,0.0,0.0,0.0,0.0,0.0,0.0,0.0,0.0,0.16,0.1,1.0,1.0,U19657,768
,0.0,0.0,0.0,0.0,0.0,0.0,0.0,0.0,0.24,0.13,1.0,1.0,U22848,768
,0.0,0.0,0.0,0.0,0.0,0.0,0.0,0.0,0.2,0.12,1.0,1.0,U89486,768
,0.0,0.0,0.0,0.0,0.0,0.0,0.0,0.0,0.14,0.07,1.0,1.0,U73177,768
,0.0,0.0,0.0,0.0,0.0,0.0,0.0,0.0,0.08,0.05,1.0,1.0,U46885,768
,0.0,0.0,0.0,0.0,0.0,0.0,0.0,0.0,0.2,0.12,1.0,1.0,U24474,768
,0.0,0.0,0.0,0.0,0.0,0.0,0.0,0.0,0.2,0.12,1.0,1.0,U8459,768
,0.0,0.0,0.0,0.0,0.0,0.0,0.0,0.0,0.16,0.11,1.0,1.0,U40367,768
,0.0,0.0,0.0,0.0,0.0,0.0,0.0,0.0,0.18,0.1,1.0,1.0,U14814,768
,0.0,0.0,0.0,0.0,0.0,0.0,0.0,0.0,0.08,0.06,1.0,1.0,U12412,768
,0.0,0.0,0.0,0.0,0.0,0.0,0.0,0.0,0.12,0.09,1.0,1.0,U88615,768
,0.0,0.0,0.0,0.0,0.0,0.0,0.0,0.0,0.14,0.1,1.0,1.0,U17033,768
,0.0,0.0,0.0,0.0,0.0,0.0,0.0,0.0,0.16,0.09,1.0,1.0,U5068,768
,0.0,0.0,0.0,0.0,0.0,0.0,0.0,0.0,0.18,0.11,1.0,1.0,U35069,768
,0.0,0.0,0.0,0.0,0.0,0.0,0.0,0.0,0.08,0.05,1.0,1.0,U39194,768
0.5979899497487438,0.012345679012345678,0.0,0.0,0.0,0.0,0.0,0.5,0.5,0.1,0.06,1.0,1.0,U41966,768
,0.0,0.0,0.0,0.0,0.0,0.0,0.0,0.0,0.1,0.07,1.0,1.0,U67564,768
,0.0,0.0,0.0,0.0,0.0,0.0,0.0,0.0,0.2,0.12,1.0,1.0,U10103,768
,0.0,0.0,0.0,0.0,0.0,0.0,0.0,0.0,0.08,0.05,1.0,1.0,U72017,768
,0.0,0.0,0.0,0.0,0.0,0.0,0.0,0.0,0.14,0.09,1.0,1.0,U3666,768
,0.0,0.0,0.0,0.0,0.0,0.0,0.0,0.0,0.16,0.13,1.0,1.0,U17005,768
,0.0,0.0,0.0,0.0,0.0,0.0,0.0,0.0,0.12,0.12,1.0,1.0,U25647,768
,0.0,0.0,0.0,0.0,0.0,0.0,0.0,0.0,0.14,0.08,1.0,1.0,U62189,768
,0.0,0.0,0.0,0.0,0.0,0.0,0.0,0.0,0.12,0.08,1.0,1.0,U92185,768
,0.0,0.0,0.0,0.0,0.0,0.0,0.0,0.0,0.2,0.11,1.0,1.0,U23960,768
,0.0,0.0,0.0,0.0,0.0,0.0,0.0,0.0,0.14,0.08,1.0,1.0,U60594,768
,0.0,0.0,0.0,0.0,0.0,0.0,0.0,0.0,0.12,0.08,1.0,1.0,U37161,768
,0.0,0.0,0.0,0.0,0.0,0.0,0.0,0.0,0.08,0.06,1.0,1.0,U29397,768
,0.0,0.0,0.0,0.0,0.0,0.0,0.0,0.0,0.2,0.13,1.0,1.0,U51581,768
,0.0,0.0,0.0,0.0,0.0,0.0,0.0,0.0,0.1,0.05,1.0,1.0,U73297,768
,0.0,0.0,0.0,0.0,0.0,0.0,0.0,0.0,0.2,0.11,1.0,1.0,U27966,768
0.6432160804020101,0.013888888888888888,0.0,0.0,0.0,0.0,0.0,0.08333333333333333,0.08333333333333333,0.14,0.12,1.0,1.0,U84983,768
,0.0,0.0,0.0,0.0,0.0,0.0,0.0,0.0,0.08,0.06,1.0,1.0,U20588,768
,0.0,0.0,0.0,0.0,0.0,0.0,0.0,0.0,0.06,0.07,1.0,1.0,U31180,768
,0.0,0.0,0.0,0.0,0.0,0.0,0.0,0.0,0.14,0.1,1.0,1.0,U46764,768
,0.0,0.0,0.0,0.0,0.0,0.0,0.0,0.0,0.16,0.1,1.0,1.0,U33653,768
,0.0,0.0,0.0,0.0,0.0,0.0,0.0,0.0,0.04,0.03,1.0,1.0,U38072,768
,0.0,0.0,0.0,0.0,0.0,0.0,0.0,0.0,0.06,0.05,1.0,1.0,U69320,768
,0.0,0.0,0.0,0.0,0.0,0.0,0.0,0.0,0.14,0.09,1.0,1.0,U36210,768
,0.0,0.0,0.0,0.0,0.0,0.0,0.0,0.0,0.16,0.09,1.0,1.0,U41069,768
,0.0,0.0,0.0,0.0,0.0,0.0,0.0,0.0,0.2,0.12,1.0,1.0,U85824,768
,0.0,0.0,0.0,0.0,0.0,0.0,0.0,0.0,0.02,0.02,1.0,1.0,U87144,768
,0.0,0.0,0.0,0.0,0.0,0.0,0.0,0.0,0.12,0.09,1.0,1.0,U77996,768
,0.0,0.0,0.0,0.0,0.0,0.0,0.0,0.0,0.1,0.07,1.0,1.0,U68505,768
0.04020100502512563,0.005208333333333333,0.0,0.0,0.0,0.0,0.0,0.0,0.3333333333333333,0.18,0.11,1.0,1.0,U13853,768
,0.0,0.0,0.0,0.0,0.0,0.0,0.0,0.0,0.18,0.1,1.0,1.0,U92559,768
,0.0,0.0,0.0,0.0,0.0,0.0,0.0,0.0,0.14,0.09,1.0,1.0,U79961,768
,0.0,0.0,0.0,0.0,0.0,0.0,0.0,0.0,0.2,0.12,1.0,1.0,U9098,0
,0.0,0.0,0.0,0.0,0.0,0.0,0.0,0.0,0.14,0.1,1.0,1.0,U6774,768
,0.0,0.0,0.0,0.0,0.0,0.0,0.0,0.0,0.2,0.11,1.0,1.0,U3459,768
,0.0,0.0,0.0,0.0,0.0,0.0,0.0,0.0,0.16,0.12,1.0,1.0,U26701,768
,0.0,0.0,0.0,0.0,0.0,0.0,0.0,0.0,0.18,0.1,1.0,1.0,U25000,768
,0.0,0.0,0.0,0.0,0.0,0.0,0.0,0.0,0.12,0.07,1.0,1.0,U39009,768
,0.0,0.0,0.0,0.0,0.0,0.0,0.0,0.0,0.18,0.1,1.0,1.0,U43831,768
,0.0,0.0,0.0,0.0,0.0,0.0,0.0,0.0,0.06,0.06,1.0,1.0,U65422,768
,0.0,0.0,0.0,0.0,0.0,0.0,0.0,0.0,0.04,0.02,1.0,1.0,U18291,768
,0.0,0.0,0.0,0.0,0.0,0.0,0.0,0.0,0.14,0.1,1.0,1.0,U2944,768
,0.0,0.0,0.0,0.0,0.0,0.0,0.0,0.0,0.02,0.03,1.0,1.0,U14269,768
0.03015075376884422,0.005154639175257732,0.0,0.0,0.0,0.0,0.0,0.0,0.5,0.14,0.08,1.0,1.0,U22047,768
,0.0,0.0,0.0,0.0,0.0,0.0,0.0,0.0,0.18,0.1,1.0,1.0,U46,768
,0.0,0.0,0.0,0.0,0.0,0.0,0.0,0.0,0.14,0.09,1.0,1.0,U57880,768
,0.0,0.0,0.0,0.0,0.0,0.0,0.0,0.0,0.04,0.03,1.0,1.0,U40751,768
,0.0,0.0,0.0,0.0,0.0,0.0,0.0,0.0,0.1,0.09,1.0,1.0,U57354,768
,0.0,0.0,0.0,0.0,0.0,0.0,0.0,0.0,0.2,0.12,1.0,1.0,U86870,768
,0.0,0.0,0.0,0.0,0.0,0.0,0.0,0.0,0.12,0.09,1.0,1.0,U65977,768
,0.0,0.0,0.0,0.0,0.0,0.0,0.0,0.0,0.16,0.11,1.0,1.0,U93865,768
,0.0,0.0,0.0,0.0,0.0,0.0,0.0,0.0,0.18,0.11,1.0,1.0,U5141,768
,0.0,0.0,0.0,0.0,0.0,0.0,0.0,0.0,0.18,0.1,1.0,1.0,U49364,768
,0.0,0.0,0.0,0.0,0.0,0.0,0.0,0.0,0.16,0.13,1.0,1.0,U4714,768
,0.0,0.0,0.0,0.0,0.0,0.0,0.0,0.0,0.2,0.11,1.0,1.0,U5848,768
,0.0,0.0,0.0,0.0,0.0,0.0,0.0,0.0,0.18,0.11,1.0,1.0,U3569,768
,0.0,0.0,0.0,0.0,0.0,0.0,0.0,0.0,0.2,0.11,1.0,1.0,U20030,768
,0.0,0.0,0.0,0.0,0.0,0.0,0.0,0.0,0.1,0.11,1.0,1.0,U76528,768
,0.0,0.0,0.0,0.0,0.0,0.0,0.0,0.0,0.08,0.05,1.0,1.0,U31677,768
,0.0,0.0,0.0,0.0,0.0,0.0,0.0,0.0,0.06,0.05,1.0,1.0,U20495,768
0.49246231155778897,0.00980392156862745,0.0,0.0,0.0,0.0,0.0,0.0,1.0,0.18,0.13,1.0,1.0,U51123,768
,0.0,0.0,0.0,0.0,0.0,0.0,0.0,0.0,0.14,0.08,1.0,1.0,U3283,768
,0.0,0.0,0.0,0.0,0.0,0.0,0.0,0.0,0.12,0.09,1.0,1.0,U7760,768
,0.0,0.0,0.0,0.0,0.0,0.0,0.0,0.0,0.16,0.1,1.0,1.0,U35763,768
,0.0,0.0,0.0,0.0,0.0,0.0,0.0,0.0,0.18,0.12,1.0,1.0,U8781,768
,0.0,0.0,0.0,0.0,0.0,0.0,0.0,0.0,0.2,0.11,1.0,1.0,U9386,768
,0.0,0.0,0.0,0.0,0.0,0.0,0.0,0.0,0.12,0.08,1.0,1.0,U11610,768
0.6482412060301508,0.014084507042253521,0.0,0.0,0.0,0.0,0.0,0.3333333333333333,0.3333333333333333,0.16,0.1,1.0,1.0,U56750,768
,0.0,0.0,0.0,0.0,0.0,0.0,0.0,0.0,0.04,0.02,1.0,1.0,U56107,768
,0.0,0.0,0.0,0.0,0.0,0.0,0.0,0.0,0.14,0.11,1.0,1.0,U38200,768
,0.0,0.0,0.0,0.0,0.0,0.0,0.0,0.0,0.04,0.02,1.0,1.0,U55876,768
,0.0,0.0,0.0,0.0,0.0,0.0,0.0,0.0,0.16,0.11,1.0,1.0,U25061,768
0.44221105527638194,0.008928571428571428,0.0,0.0,0.0,0.0,0.0,0.0,0.14285714285714285,0.12,0.07,1.0,1.0,U29681,768
,0.0,0.0,0.0,0.0,0.0,0.0,0.0,0.0,0.06,0.05,1.0,1.0,U80332,768
,0.0,0.0,0.0,0.0,0.0,0.0,0.0,0.0,0.06,0.06,1.0,1.0,U48533,768
,0.0,0.0,0.0,0.0,0.0,0.0,0.0,0.0,0.06,0.07,1.0,1.0,U90995,768
,0.0,0.0,0.0,0.0,0.0,0.0,0.0,0.0,0.08,0.04,1.0,1.0,U64687,768
,0.0,0.0,0.0,0.0,0.0,0.0,0.0,0.0,0.16,0.08,1.0,1.0,U64947,768
,0.0,0.0,0.0,0.0,0.0,0.0,0.0,0.0,0.12,0.08,1.0,1.0,U82690,768
,0.0,0.0,0.0,0.0,0.0,0.0,0.0,0.0,0.16,0.1,1.0,1.0,U81384,768
,0.0,0.0,0.0,0.0,0.0,0.0,0.0,0.0,0.12,0.09,1.0,1.0,U89408,768
,0.0,0.0,0.0,0.0,0.0,0.0,0.0,0.0,0.18,0.1,1.0,1.0,U79264,768
,0.0,0.0,0.0,0.0,0.0,0.0,0.0,0.0,0.14,0.1,1.0,1.0,U78337,768
,0.0,0.0,0.0,0.0,0.0,0.0,0.0,0.0,0.16,0.09,1.0,1.0,U13016,768
,0.0,0.0,0.0,0.0,0.0,0.0,0.0,0.0,0.16,0.11,1.0,1.0,U11007,768
,0.0,0.0,0.0,0.0,0.0,0.0,0.0,0.0,0.02,0.04,1.0,1.0,U88083,768
,0.0,0.0,0.0,0.0,0.0,0.0,0.0,0.0,0.14,0.13,1.0,1.0,U37091,768
,0.0,0.0,0.0,0.0,0.0,0.0,0.0,0.0,0.16,0.11,1.0,1.0,U71611,768
,0.0,0.0,0.0,0.0,0.0,0.0,0.0,0.0,0.08,0.07,1.0,1.0,U61968,768
,0.0,0.0,0.0,0.0,0.0,0.0,0.0,0.0,0.16,0.13,1.0,1.0,U52175,768
0.542713567839196,0.010869565217391304,0.0,0.0,0.0,0.0,0.0,0.1,0.1,0.14,0.11,1.0,1.0,U17299,768
,0.0,0.0,0.0,0.0,0.0,0.0,0.0,0.0,0.04,0.02,1.0,1.0,U72175,768
,0.0,0.0,0.0,0.0,0.0,0.0,0.0,0.0,0.08,0.04,1.0,1.0,U12027,768
,0.0,0.0,0.0,0.0,0.0,0.0,0.0,0.0,0.06,0.03,1.0,1.0,U11828,768
,0.0,0.0,0.0,0.0,0.0,0.0,0.0,0.0,0.24,0.12,1.0,1.0,U86254,0
,0.0,0.0,0.0,0.0,0.0,0.0,0.0,0.0,0.18,0.12,1.0,1.0,U41347,768
,0.0,0.0,0.0,0.0,0.0,0.0,0.0,0.0,0.08,0.05,1.0,1.0,U57307,768
,0.0,0.0,0.0,0.0,0.0,0.0,0.0,0.0,0.06,0.04,1.0,1.0,U22140,768
,0.0,0.0,0.0,0.0,0.0,0.0,0.0,0.0,0.1,0.07,1.0,1.0,U73683,768
,0.0,0.0,0.0,0.0,0.0,0.0,0.0,0.0,0.16,0.1,1.0,1.0,U30312,768
,0.0,0.0,0.0,0.0,0.0,0.0,0.0,0.0,0.04,0.03,1.0,1.0,U91331,768
,0.0,0.0,0.0,0.0,0.0,0.0,0.0,0.0,0.18,0.11,1.0,1.0,U21970,768
,0.0,0.0,0.0,0.0,0.0,0.0,0.0,0.0,0.02,0.02,1.0,1.0,U49422,768
,0.0,0.0,0.0,0.0,0.0,0.0,0.0,0.0,0.22,0.11,1.0,1.0,U84517,768
,0.0,0.0,0.0,0.0,0.0,0.0,0.0,0.0,0.04,0.03,1.0,1.0,U51618,768
,0.0,0.0,0.0,0.0,0.0,0.0,0.0,0.0,0.22,0.12,1.0,1.0,U28704,768
,0.0,0.0,0.0,0.0,0.0,0.0,0.0,0.0,0.2,0.1,1.0,1.0,U72182,768
,0.0,0.0,0.0,0.0,0.0,0.0,0.0,0.0,0.16,0.08,1.0,1.0,U25609,768
,0.0,0.0,0.0,0.0,0.0,0.0,0.0,0.0,0.16,0.1,1.0,1.0,U72350,768
,0.0,0.0,0.0,0.0,0.0,0.0,0.0,0.0,0.16,0.1,1.0,1.0,U8138,768
,0.0,0.0,0.0,0.0,0.0,0.0,0.0,0.0,0.14,0.08,1.0,1.0,U67823,768
,0.0,0.0,0.0,0.0,0.0,0.0,0.0,0.0,0.12,0.09,1.0,1.0,U2063,768
,0.0,0.0,0.0,0.0,0.0,0.0,0.0,0.0,0.14,0.08,1.0,1.0,U22356,768
,0.0,0.0,0.0,0.0,0.0,0.0,0.0,0.0,0.14,0.1,1.0,1.0,U17949,768
,0.0,0.0,0.0,0.0,0.0,0.0,0.0,0.0,0.2,0.11,1.0,1.0,U61730,768
,0.0,0.0,0.0,0.0,0.0,0.0,0.0,0.0,0.04,0.04,1.0,1.0,U74668,768
,0.0,0.0,0.0,0.0,0.0,0.0,0.0,0.0,0.2,0.12,1.0,1.0,U9132,768
,0.0,0.0,0.0,0.0,0.0,0.0,0.0,0.0,0.24,0.12,1.0,1.0,U83246,768
,0.0,0.0,0.0,0.0,0.0,0.0,0.0,0.0,0.16,0.12,1.0,1.0,U24514,768
,0.0,0.0,0.0,0.0,0.0,0.0,0.0,0.0,0.18,0.11,1.0,1.0,U49011,768
,0.0,0.0,0.0,0.0,0.0,0.0,0.0,0.0,0.24,0.12,1.0,1.0,U36377,768
,0.0,0.0,0.0,0.0,0.0,0.0,0.0,0.0,0.16,0.08,1.0,1.0,U32733,768
,0.0,0.0,0.0,0.0,0.0,0.0,0.0,0.0,0.14,0.11,1.0,1.0,U63333,768
,0.0,0.0,0.0,0.0,0.0,0.0,0.0,0.0,0.22,0.12,1.0,1.0,U38437,768
,0.0,0.0,0.0,0.0,0.0,0.0,0.0,0.0,0.22,0.14,1.0,1.0,U29043,768
,0.0,0.0,0.0,0.0,0.0,0.0,0.0,0.0,0.18,0.11,1.0,1.0,U69116,768
,0.0,0.0,0.0,0.0,0.0,0.0,0.0,0.0,0.08,0.07,1.0,1.0,U75950,768
,0.0,0.0,0.0,0.0,0.0,0.0,0.0,0.0,0.06,0.03,1.0,1.0,U12345,768
,0.0,0.0,0.0,0.0,0.0,0.0,0.0,0.0,0.08,0.1,1.0,1.0,U60605,768
,0.0,0.0,0.0,0.0,0.0,0.0,0.0,0.0,0.14,0.11,1.0,1.0,U4532,768
,0.0,0.0,0.0,0.0,0.0,0.0,0.0,0.0,0.12,0.08,1.0,1.0,U72916,768
,0.0,0.0,0.0,0.0,0.0,0.0,0.0,0.0,0.12,0.09,1.0,1.0,U63072,768
,0.0,0.0,0.0,0.0,0.0,0.0,0.0,0.0,0.16,0.12,1.0,1.0,U5154,768
,0.0,0.0,0.0,0.0,0.0,0.0,0.0,0.0,0.04,0.04,1.0,1.0,U77734,768
,0.0,0.0,0.0,0.0,0.0,0.0,0.0,0.0,0.16,0.11,1.0,1.0,U50799,768
,0.0,0.0,0.0,0.0,0.0,0.0,0.0,0.0,0.16,0.11,1.0,1.0,U22482,768
,0.0,0.0,0.0,0.0,0.0,0.0,0.0,0.0,0.04,0.03,1.0,1.0,U85074,768
,0.0,0.0,0.0,0.0,0.0,0.0,0.0,0.0,0.16,0.12,1.0,1.0,U70122,768
,0.0,0.0,0.0,0.0,0.0,0.0,0.0,0.0,0.06,0.05,1.0,1.0,U1962,768
,0.0,0.0,0.0,0.0,0.0,0.0,0.0,0.0,0.14,0.09,1.0,1.0,U90815,768
0.5678391959798995,0.011494252873563218,0.0,0.0,0.0,0.0,0.0,1.0,1.0,0.08,0.08,1.0,1.0,U54737,768
,0.0,0.0,0.0,0.0,0.0,0.0,0.0,0.0,0.18,0.1,1.0,1.0,U28160,768
,0.0,0.0,0.0,0.0,0.0,0.0,0.0,0.0,0.18,0.1,1.0,1.0,U46345,768
,0.0,0.0,0.0,0.0,0.0,0.0,0.0,0.0,0.12,0.08,1.0,1.0,U49587,768
,0.0,0.0,0.0,0.0,0.0,0.0,0.0,0.0,0.06,0.04,1.0,1.0,U10906,768
,0.0,0.0,0.0,0.0,0.0,0.0,0.0,0.0,0.22,0.12,1.0,1.0,U75176,768
,0.0,0.0,0.0,0.0,0.0,0.0,0.0,0.0,0.16,0.09,1.0,1.0,U75630,768
,0.0,0.0,0.0,0.0,0.0,0.0,0.0,0.0,0.14,0.08,1.0,1.0,U40435,768
,0.0,0.0,0.0,0.0,0.0,0.0,0.0,0.0,0.18,0.11,1.0,1.0,U36544,768
,0.0,0.0,0.0,0.0,0.0,0.0,0.0,0.0,0.04,0.03,1.0,1.0,U44055,768
,0.0,0.0,0.0,0.0,0.0,0.0,0.0,0.0,0.1,0.08,1.0,1.0,U73699,768
,0.0,0.0,0.0,0.0,0.0,0.0,0.0,0.0,0.14,0.1,1.0,1.0,U87420,768
,0.0,0.0,0.0,0.0,0.0,0.0,0.0,0.0,0.08,0.05,1.0,1.0,U36204,768
0.6633165829145728,0.014705882352941176,0.0,0.0,0.0,0.0,0.0,0.125,0.125,0.2,0.13,1.0,1.0,U48194,768
,0.0,0.0,0.0,0.0,0.0,0.0,0.0,0.0,0.12,0.08,1.0,1.0,U55334,768
,0.0,0.0,0.0,0.0,0.0,0.0,0.0,0.0,0.12,0.08,1.0,1.0,U42807,768
,0.0,0.0,0.0,0.0,0.0,0.0,0.0,0.0,0.12,0.09,1.0,1.0,U84688,768
,0.0,0.0,0.0,0.0,0.0,0.0,0.0,0.0,0.06,0.04,1.0,1.0,U81666,768
,0.0,0.0,0.0,0.0,0.0,0.0,0.0,0.0,0.2,0.12,1.0,1.0,U11489,768
,0.0,0.0,0.0,0.0,0.0,0.0,0.0,0.0,0.2,0.11,1.0,1.0,U74772,768
,0.0,0.0,0.0,0.0,0.0,0.0,0.0,0.0,0.24,0.12,1.0,1.0,U53969,768
,0.0,0.0,0.0,0.0,0.0,0.0,0.0,0.0,0.14,0.09,1.0,1.0,U71137,768
,0.0,0.0,0.0,0.0,0.0,0.0,0.0,0.0,0.14,0.1,1.0,1.0,U84640,768
,0.0,0.0,0.0,0.0,0.0,0.0,0.0,0.0,0.08,0.07,1.0,1.0,U21830,768
,0.0,0.0,0.0,0.0,0.0,0.0,0.0,0.0,0.16,0.12,1.0,1.0,U90422,768
,0.0,0.0,0.0,0.0,0.0,0.0,0.0,0.0,0.18,0.1,1.0,1.0,U24559,768
,0.0,0.0,0.0,0.0,0.0,0.0,0.0,0.0,0.22,0.12,1.0,1.0,U85300,768
,0.0,0.0,0.0,0.0,0.0,0.0,0.0,0.0,0.12,0.08,1.0,1.0,U68990,768
,0.0,0.0,0.0,0.0,0.0,0.0,0.0,0.0,0.18,0.11,1.0,1.0,U40539,768
,0.0,0.0,0.0,0.0,0.0,0.0,0.0,0.0,0.22,0.12,1.0,1.0,U71024,768
,0.0,0.0,0.0,0.0,0.0,0.0,0.0,0.0,0.16,0.09,1.0,1.0,U76406,768
,0.0,0.0,0.0,0.0,0.0,0.0,0.0,0.0,0.2,0.11,1.0,1.0,U32810,768
,0.0,0.0,0.0,0.0,0.0,0.0,0.0,0.0,0.22,0.12,1.0,1.0,U84185,768
,0.0,0.0,0.0,0.0,0.0,0.0,0.0,0.0,0.16,0.1,1.0,1.0,U68058,768
,0.0,0.0,0.0,0.0,0.0,0.0,0.0,0.0,0.12,0.09,1.0,1.0,U49873,768
,0.0,0.0,0.0,0.0,0.0,0.0,0.0,0.0,0.04,0.02,1.0,1.0,U23520,768
,0.0,0.0,0.0,0.0,0.0,0.0,0.0,0.0,0.12,0.06,1.0,1.0,U47334,768
,0.0,0.0,0.0,0.0,0.0,0.0,0.0,0.0,0.12,0.09,1.0,1.0,U12992,768
,0.0,0.0,0.0,0.0,0.0,0.0,0.0,0.0,0.14,0.09,1.0,1.0,U80929,768
,0.0,0.0,0.0,0.0,0.0,0.0,0.0,0.0,0.14,0.08,1.0,1.0,U90535,768
,0.0,0.0,0.0,0.0,0.0,0.0,0.0,0.0,0.2,0.12,1.0,1.0,U15432,768
0.9547738693467337,0.1,0.0,0.2890648263178879,0.0,0.3333333333333333,0.3333333333333333,0.3333333333333333,0.3333333333333333,0.08,0.05,1.0,1.0,U18392,768
,0.0,0.0,0.0,0.0,0.0,0.0,0.0,0.0,0.14,0.11,1.0,1.0,U16603,768
,0.0,0.0,0.0,0.0,0.0,0.0,0.0,0.0,0.08,0.08,1.0,1.0,U17110,768
,0.0,0.0,0.0,0.0,0.0,0.0,0.0,0.0,0.14,0.1,1.0,1.0,U36457,768
,0.0,0.0,0.0,0.0,0.0,0.0,0.0,0.0,0.08,0.07,1.0,1.0,U3061,768
,0.0,0.0,0.0,0.0,0.0,0.0,0.0,0.0,0.12,0.07,1.0,1.0,U67815,768
0.3106060606060606,0.009009009009009009,0.0,0.0,0.0,0.0,0.0,0.0,0.2,0.22,0.12,1.0,1.0,U73466,768
,0.0,0.0,0.0,0.0,0.0,0.0,0.0,0.0,0.2,0.1,1.0,1.0,U5166,768
,0.0,0.0,0.0,0.0,0.0,0.0,0.0,0.0,0.12,0.07,1.0,1.0,U52543,768
,0.0,0.0,0.0,0.0,0.0,0.0,0.0,0.0,0.14,0.08,1.0,1.0,U9626,768
,0.0,0.0,0.0,0.0,0.0,0.0,0.0,0.0,0.16,0.11,1.0,1.0,U3337,768
,0.0,0.0,0.0,0.0,0.0,0.0,0.0,0.0,0.12,0.09,1.0,1.0,U90855,768
,0.0,0.0,0.0,0.0,0.0,0.0,0.0,0.0,0.04,0.02,1.0,1.0,U22326,768
0.22110552763819097,0.00641025641025641,0.0,0.0,0.0,0.0,0.0,0.0,0.125,0.2,0.11,1.0,1.0,U4992,768
,0.0,0.0,0.0,0.0,0.0,0.0,0.0,0.0,0.08,0.08,1.0,1.0,U21463,768
,0.0,0.0,0.0,0.0,0.0,0.0,0.0,0.0,0.04,0.02,1.0,1.0,U46367,768
,0.0,0.0,0.0,0.0,0.0,0.0,0.0,0.0,0.18,0.1,1.0,1.0,U2861,768
,0.0,0.0,0.0,0.0,0.0,0.0,0.0,0.0,0.16,0.09,1.0,1.0,U46548,768
,0.0,0.0,0.0,0.0,0.0,0.0,0.0,0.0,0.2,0.12,1.0,1.0,U28442,768
,0.0,0.0,0.0,0.0,0.0,0.0,0.0,0.0,0.1,0.06,1.0,1.0,U30232,768
,0.0,0.0,0.0,0.0,0.0,0.0,0.0,0.0,0.14,0.1,1.0,1.0,U76799,768
0.9246231155778895,0.0625,0.0,0.0,0.0,0.0,1.0,1.0,1.0,0.18,0.12,1.0,1.0,U48399,768
,0.0,0.0,0.0,0.0,0.0,0.0,0.0,0.0,0.04,0.02,1.0,1.0,U35190,768
,0.0,0.0,0.0,0.0,0.0,0.0,0.0,0.0,0.06,0.04,1.0,1.0,U53360,768
,0.0,0.0,0.0,0.0,0.0,0.0,0.0,0.0,0.06,0.04,1.0,1.0,U49296,768
,0.0,0.0,0.0,0.0,0.0,0.0,0.0,0.0,0.16,0.1,1.0,1.0,U77481,768
,0.0,0.0,0.0,0.0,0.0,0.0,0.0,0.0,0.06,0.03,1.0,1.0,U10910,768
,0.0,0.0,0.0,0.0,0.0,0.0,0.0,0.0,0.24,0.12,1.0,1.0,U44070,0
,0.0,0.0,0.0,0.0,0.0,0.0,0.0,0.0,0.18,0.11,1.0,1.0,U17207,768
,0.0,0.0,0.0,0.0,0.0,0.0,0.0,0.0,0.04,0.04,1.0,1.0,U8315,768
,0.0,0.0,0.0,0.0,0.0,0.0,0.0,0.0,0.08,0.05,1.0,1.0,U92283,768
,0.0,0.0,0.0,0.0,0.0,0.0,0.0,0.0,0.14,0.1,1.0,1.0,U86291,768
,0.0,0.0,0.0,0.0,0.0,0.0,0.0,0.0,0.18,0.1,1.0,1.0,U44700,768
,0.0,0.0,0.0,0.0,0.0,0.0,0.0,0.0,0.14,0.09,1.0,1.0,U14100,768
,0.0,0.0,0.0,0.0,0.0,0.0,0.0,0.0,0.08,0.04,1.0,1.0,U55067,768
,0.0,0.0,0.0,0.0,0.0,0.0,0.0,0.0,0.04,0.03,1.0,1.0,U85174,768
,0.0,0.0,0.0,0.0,0.0,0.0,0.0,0.0,0.16,0.09,1.0,1.0,U70493,768
,0.0,0.0,0.0,0.0,0.0,0.0,0.0,0.0,0.18,0.11,1.0,1.0,U80818,768
,0.0,0.0,0.0,0.0,0.0,0.0,0.0,0.0,0.1,0.06,1.0,1.0,U24438,768
,0.0,0.0,0.0,0.0,0.0,0.0,0.0,0.0,0.16,0.1,1.0,1.0,U9972,768
,0.0,0.0,0.0,0.0,0.0,0.0,0.0,0.0,0.12,0.09,1.0,1.0,U82267,768
0.5,0.01,0.0,0.0,0.0,0.0,0.0,0.5,0.5,0.24,0.13,1.0,1.0,U60279,0
,0.0,0.0,0.0,0.0,0.0,0.0,0.0,0.0,0.14,0.08,1.0,1.0,U58703,768
,0.0,0.0,0.0,0.0,0.0,0.0,0.0,0.0,0.1,0.08,1.0,1.0,U35273,768
,0.0,0.0,0.0,0.0,0.0,0.0,0.0,0.0,0.22,0.12,1.0,1.0,U81747,768
,0.0,0.0,0.0,0.0,0.0,0.0,0.0,0.0,0.14,0.1,1.0,1.0,U30262,768
,0.0,0.0,0.0,0.0,0.0,0.0,0.0,0.0,0.18,0.1,1.0,1.0,U88034,768
,0.0,0.0,0.0,0.0,0.0,0.0,0.0,0.0,0.2,0.12,1.0,1.0,U48607,768
,0.0,0.0,0.0,0.0,0.0,0.0,0.0,0.0,0.16,0.09,1.0,1.0,U7705,768
,0.0,0.0,0.0,0.0,0.0,0.0,0.0,0.0,0.22,0.14,1.0,1.0,U38201,768
,0.0,0.0,0.0,0.0,0.0,0.0,0.0,0.0,0.18,0.11,1.0,1.0,U91429,768
,0.0,0.0,0.0,0.0,0.0,0.0,0.0,0.0,0.06,0.06,1.0,1.0,U46252,768
0.9246231155778895,0.0625,0.0,0.0,0.0,0.0,0.16666666666666666,0.16666666666666666,0.16666666666666666,0.16,0.11,1.0,1.0,U82166,768
,0.0,0.0,0.0,0.0,0.0,0.0,0.0,0.0,0.14,0.08,1.0,1.0,U44351,768
,0.0,0.0,0.0,0.0,0.0,0.0,0.0,0.0,0.12,0.06,1.0,1.0,U52832,768
,0.0,0.0,0.0,0.0,0.0,0.0,0.0,0.0,0.22,0.12,1.0,1.0,U45494,768
,0.0,0.0,0.0,0.0,0.0,0.0,0.0,0.0,0.12,0.1,1.0,1.0,U80480,768
,0.0,0.0,0.0,0.0,0.0,0.0,0.0,0.0,0.12,0.08,1.0,1.0,U23281,768
,0.0,0.0,0.0,0.0,0.0,0.0,0.0,0.0,0.12,0.1,1.0,1.0,U72201,768
,0.0,0.0,0.0,0.0,0.0,0.0,0.0,0.0,0.14,0.07,1.0,1.0,U56365,768
,0.0,0.0,0.0,0.0,0.0,0.0,0.0,0.0,0.16,0.11,1.0,1.0,U80896,768
,0.0,0.0,0.0,0.0,0.0,0.0,0.0,0.0,0.1,0.06,1.0,1.0,U4792,768
,0.0,0.0,0.0,0.0,0.0,0.0,0.0,0.0,0.06,0.03,1.0,1.0,U90875,768
,0.0,0.0,0.0,0.0,0.0,0.0,0.0,0.0,0.22,0.12,1.0,1.0,U89930,768
,0.0,0.0,0.0,0.0,0.0,0.0,0.0,0.0,0.12,0.12,1.0,1.0,U22580,768
,0.0,0.0,0.0,0.0,0.0,0.0,0.0,0.0,0.04,0.02,1.0,1.0,U90929,768
,0.0,0.0,0.0,0.0,0.0,0.0,0.0,0.0,0.2,0.12,1.0,1.0,U64464,768
,0.0,0.0,0.0,0.0,0.0,0.0,0.0,0.0,0.1,0.05,1.0,1.0,U55834,768
,0.0,0.0,0.0,0.0,0.0,0.0,0.0,0.0,0.2,0.13,1.0,1.0,U67137,768
,0.0,0.0,0.0,0.0,0.0,0.0,0.0,0.0,0.1,0.06,1.0,1.0,U35021,768
,0.0,0.0,0.0,0.0,0.0,0.0,0.0,0.0,0.1,0.08,1.0,1.0,U68317,768
,0.0,0.0,0.0,0.0,0.0,0.0,0.0,0.0,0.2,0.12,1.0,1.0,U4757,768
,0.0,0.0,0.0,0.0,0.0,0.0,0.0,0.0,0.2,0.12,1.0,1.0,U56010,0
0.43686868686868685,0.012345679012345678,0.0,0.0,0.0,0.0,0.0,0.08333333333333333,0.16666666666666666,0.22,0.12,1.0,1.0,U64317,768
,0.0,0.0,0.0,0.0,0.0,0.0,0.0,0.0,0.18,0.09,1.0,1.0,U65209,768
,0.0,0.0,0.0,0.0,0.0,0.0,0.0,0.0,0.12,0.09,1.0,1.0,U4566,768
,0.0,0.0,0.0,0.0,0.0,0.0,0.0,0.0,0.12,0.06,1.0,1.0,U30422,768
,0.0,0.0,0.0,0.0,0.0,0.0,0.0,0.0,0.04,0.04,1.0,1.0,U9897,768
,0.0,0.0,0.0,0.0,0.0,0.0,0.0,0.0,0.1,0.07,1.0,1.0,U91182,768
,0.0,0.0,0.0,0.0,0.0,0.0,0.0,0.0,0.12,0.08,1.0,1.0,U43257,768
,0.0,0.0,0.0,0.0,0.0,0.0,0.0,0.0,0.14,0.1,1.0,1.0,U30641,768
,0.0,0.0,0.0,0.0,0.0,0.0,0.0,0.0,0.16,0.12,1.0,1.0,U88817,768
,0.0,0.0,0.0,0.0,0.0,0.0,0.0,0.0,0.14,0.11,1.0,1.0,U57770,768
,0.0,0.0,0.0,0.0,0.0,0.0,0.0,0.0,0.08,0.07,1.0,1.0,U7770,768
,0.0,0.0,0.0,0.0,0.0,0.0,0.0,0.0,0.12,0.09,1.0,1.0,U49191,768
,0.0,0.0,0.0,0.0,0.0,0.0,0.0,0.0,0.16,0.1,1.0,1.0,U86310,768
,0.0,0.0,0.0,0.0,0.0,0.0,0.0,0.0,0.16,0.1,1.0,1.0,U18615,768
,0.0,0.0,0.0,0.0,0.0,0.0,0.0,0.0,0.16,0.1,1.0,1.0,U54548,768
,0.0,0.0,0.0,0.0,0.0,0.0,0.0,0.0,0.2,0.1,1.0,1.0,U27303,768
,0.0,0.0,0.0,0.0,0.0,0.0,0.0,0.0,0.12,0.1,1.0,1.0,U37230,768
,0.0,0.0,0.0,0.0,0.0,0.0,0.0,0.0,0.14,0.09,1.0,1.0,U77889,768
,0.0,0.0,0.0,0.0,0.0,0.0,0.0,0.0,0.02,0.01,1.0,1.0,U80870,768
,0.0,0.0,0.0,0.0,0.0,0.0,0.0,0.0,0.18,0.1,1.0,1.0,U88105,768
,0.0,0.0,0.0,0.0,0.0,0.0,0.0,0.0,0.18,0.12,1.0,1.0,U69546,768
,0.0,0.0,0.0,0.0,0.0,0.0,0.0,0.0,0.22,0.12,1.0,1.0,U11454,768
,0.0,0.0,0.0,0.0,0.0,0.0,0.0,0.0,0.14,0.11,1.0,1.0,U18312,768
,0.0,0.0,0.0,0.0,0.0,0.0,0.0,0.0,0.02,0.02,1.0,1.0,U43479,768
,0.0,0.0,0.0,0.0,0.0,0.0,0.0,0.0,0.16,0.1,1.0,1.0,U68902,768
,0.0,0.0,0.0,0.0,0.0,0.0,0.0,0.0,0.1,0.06,1.0,1.0,U59607,768
,0.0,0.0,0.0,0.0,0.0,0.0,0.0,0.0,0.22,0.12,1.0,1.0,U44481,768
,0.0,0.0,0.0,0.0,0.0,0.0,0.0,0.0,0.04,0.02,1.0,1.0,U55982,768
,0.0,0.0,0.0,0.0,0.0,0.0,0.0,0.0,0.14,0.08,1.0,1.0,U70987,768
,0.0,0.0,0.0,0.0,0.0,0.0,0.0,0.0,0.16,0.1,1.0,1.0,U69675,768
,0.0,0.0,0.0,0.0,0.0,0.0,0.0,0.0,0.12,0.06,1.0,1.0,U47441,768
,0.0,0.0,0.0,0.0,0.0,0.0,0.0,0.0,0.16,0.11,1.0,1.0,U46935,768
,0.0,0.0,0.0,0.0,0.0,0.0,0.0,0.0,0.16,0.09,1.0,1.0,U87515,768
,0.0,0.0,0.0,0.0,0.0,0.0,0.0,0.0,0.18,0.13,1.0,1.0,U50549,768
,0.0,0.0,0.0,0.0,0.0,0.0,0.0,0.0,0.2,0.13,1.0,1.0,U92298,768
,0.0,0.0,0.0,0.0,0.0,0.0,0.0,0.0,0.04,0.04,1.0,1.0,U21813,768
,0.0,0.0,0.0,0.0,0.0,0.0,0.0,0.0,0.1,0.05,1.0,1.0,U84639,768
,0.0,0.0,0.0,0.0,0.0,0.0,0.0,0.0,0.2,0.13,1.0,1.0,U5690,768
,0.0,0.0,0.0,0.0,0.0,0.0,0.0,0.0,0.22,0.11,1.0,1.0,U62624,768
,0.0,0.0,0.0,0.0,0.0,0.0,0.0,0.0,0.02,0.02,1.0,1.0,U2285,768
,0.0,0.0,0.0,0.0,0.0,0.0,0.0,0.0,0.18,0.12,1.0,1.0,U54921,768
,0.0,0.0,0.0,0.0,0.0,0.0,0.0,0.0,0.18,0.11,1.0,1.0,U61239,768
,0.0,0.0,0.0,0.0,0.0,0.0,0.0,0.0,0.04,0.02,1.0,1.0,U5981,768
,0.0,0.0,0.0,0.0,0.0,0.0,0.0,0.0,0.1,0.07,1.0,1.0,U3364,768
,0.0,0.0,0.0,0.0,0.0,0.0,0.0,0.0,0.2,0.13,1.0,1.0,U58953,768
,0.0,0.0,0.0,0.0,0.0,0.0,0.0,0.0,0.16,0.09,1.0,1.0,U57280,768
,0.0,0.0,0.0,0.0,0.0,0.0,0.0,0.0,0.2,0.11,1.0,1.0,U57279,768
,0.0,0.0,0.0,0.0,0.0,0.0,0.0,0.0,0.14,0.12,1.0,1.0,U339,768
,0.0,0.0,0.0,0.0,0.0,0.0,0.0,0.0,0.16,0.09,1.0,1.0,U65344,768
,0.0,0.0,0.0,0.0,0.0,0.0,0.0,0.0,0.22,0.12,1.0,1.0,U41989,768
,0.0,0.0,0.0,0.0,0.0,0.0,0.0,0.0,0.14,0.09,1.0,1.0,U36418,768
,0.0,0.0,0.0,0.0,0.0,0.0,0.0,0.0,0.04,0.02,1.0,1.0,U8489,768
,0.0,0.0,0.0,0.0,0.0,0.0,0.0,0.0,0.2,0.12,1.0,1.0,U48213,768
,0.0,0.0,0.0,0.0,0.0,0.0,0.0,0.0,0.1,0.07,1.0,1.0,U64679,768
0.5,0.01,0.0,0.0,0.0,0.0,0.0,1.0,1.0,0.16,0.13,1.0,1.0,U58729,0
,0.0,0.0,0.0,0.0,0.0,0.0,0.0,0.0,0.22,0.12,1.0,1.0,U79822,768
,0.0,0.0,0.0,0.0,0.0,0.0,0.0,0.0,0.2,0.13,1.0,1.0,U52664,0
,0.0,0.0,0.0,0.0,0.0,0.0,0.0,0.0,0.22,0.13,1.0,1.0,U49809,768
,0.0,0.0,0.0,0.0,0.0,0.0,0.0,0.0,0.18,0.1,1.0,1.0,U32663,768
,0.0,0.0,0.0,0.0,0.0,0.0,0.0,0.0,0.16,0.1,1.0,1.0,U19633,768
,0.0,0.0,0.0,0.0,0.0,0.0,0.0,0.0,0.06,0.05,1.0,1.0,U43232,768
,0.0,0.0,0.0,0.0,0.0,0.0,0.0,0.0,0.06,0.03,1.0,1.0,U91111,768
,0.0,0.0,0.0,0.0,0.0,0.0,0.0,0.0,0.22,0.11,1.0,1.0,U40306,768
,0.0,0.0,0.0,0.0,0.0,0.0,0.0,0.0,0.04,0.05,1.0,1.0,U46524,768
,0.0,0.0,0.0,0.0,0.0,0.0,0.0,0.0,0.14,0.11,1.0,1.0,U62118,768
,0.0,0.0,0.0,0.0,0.0,0.0,0.0,0.0,0.02,0.02,1.0,1.0,U22361,768
,0.0,0.0,0.0,0.0,0.0,0.0,0.0,0.0,0.04,0.02,1.0,1.0,U46644,768
,0.0,0.0,0.0,0.0,0.0,0.0,0.0,0.0,0.18,0.11,1.0,1.0,U28804,768
,0.0,0.0,0.0,0.0,0.0,0.0,0.0,0.0,0.18,0.11,1.0,1.0,U71473,768
,0.0,0.0,0.0,0.0,0.0,0.0,0.0,0.0,0.14,0.12,1.0,1.0,U51873,768
,0.0,0.0,0.0,0.0,0.0,0.0,0.0,0.0,0.18,0.1,1.0,1.0,U1045,768
,0.0,0.0,0.0,0.0,0.0,0.0,0.0,0.0,0.02,0.02,1.0,1.0,U270,768
,0.0,0.0,0.0,0.0,0.0,0.0,0.0,0.0,0.06,0.04,1.0,1.0,U6867,768
,0.0,0.0,0.0,0.0,0.0,0.0,0.0,0.0,0.12,0.11,1.0,1.0,U46989,768
,0.0,0.0,0.0,0.0,0.0,0.0,0.0,0.0,0.1,0.07,1.0,1.0,U61469,768
,0.0,0.0,0.0,0.0,0.0,0.0,0.0,0.0,0.16,0.12,1.0,1.0,U38376,768
,0.0,0.0,0.0,0.0,0.0,0.0,0.0,0.0,0.14,0.1,1.0,1.0,U1751,768
,0.0,0.0,0.0,0.0,0.0,0.0,0.0,0.0,0.02,0.01,1.0,1.0,U22485,768
0.8693467336683417,0.037037037037037035,0.0,0.0,0.0,0.0,0.14285714285714285,0.14285714285714285,0.14285714285714285,0.16,0.1,1.0,1.0,U33382,768
,0.0,0.0,0.0,0.0,0.0,0.0,0.0,0.0,0.22,0.14,1.0,1.0,U6384,0
,0.0,0.0,0.0,0.0,0.0,0.0,0.0,0.0,0.1,0.07,1.0,1.0,U41941,768
,0.0,0.0,0.0,0.0,0.0,0.0,0.0,0.0,0.22,0.13,1.0,1.0,U62522,0
,0.0,0.0,0.0,0.0,0.0,0.0,0.0,0.0,0.18,0.12,1.0,1.0,U74193,768
,0.0,0.0,0.0,0.0,0.0,0.0,0.0,0.0,0.06,0.03,1.0,1.0,U16887,768
,0.0,0.0,0.0,0.0,0.0,0.0,0.0,0.0,0.22,0.11,1.0,1.0,U32324,768
,0.0,0.0,0.0,0.0,0.0,0.0,0.0,0.0,0.18,0.12,1.0,1.0,U4424,768
,0.0,0.0,0.0,0.0,0.0,0.0,0.0,0.0,0.14,0.1,1.0,1.0,U70971,768
,0.0,0.0,0.0,0.0,0.0,0.0,0.0,0.0,0.2,0.11,1.0,1.0,U1426,768
,0.0,0.0,0.0,0.0,0.0,0.0,0.0,0.0,0.1,0.07,1.0,1.0,U60234,768
,0.0,0.0,0.0,0.0,0.0,0.0,0.0,0.0,0.16,0.11,1.0,1.0,U42766,768
,0.0,0.0,0.0,0.0,0.0,0.0,0.0,0.0,0.2,0.13,1.0,1.0,U63917,768
,0.0,0.0,0.0,0.0,0.0,0.0,0.0,0.0,0.02,0.03,1.0,1.0,U76179,768
,0.0,0.0,0.0,0.0,0.0,0.0,0.0,0.0,0.22,0.13,1.0,1.0,U5062,768
,0.0,0.0,0.0,0.0,0.0,0.0,0.0,0.0,0.14,0.09,1.0,1.0,U2319,768
,0.0,0.0,0.0,0.0,0.0,0.0,0.0,0.0,0.16,0.1,1.0,1.0,U92060,768
,0.0,0.0,0.0,0.0,0.0,0.0,0.0,0.0,0.16,0.09,1.0,1.0,U53506,768
,0.0,0.0,0.0,0.0,0.0,0.0,0.0,0.0,0.12,0.08,1.0,1.0,U77496,768
,0.0,0.0,0.0,0.0,0.0,0.0,0.0,0.0,0.14,0.09,1.0,1.0,U58949,768
,0.0,0.0,0.0,0.0,0.0,0.0,0.0,0.0,0.16,0.09,1.0,1.0,U55483,768
,0.0,0.0,0.0,0.0,0.0,0.0,0.0,0.0,0.08,0.06,1.0,1.0,U75917,768
,0.0,0.0,0.0,0.0,0.0,0.0,0.0,0.0,0.16,0.1,1.0,1.0,U30637,768
,0.0,0.0,0.0,0.0,0.0,0.0,0.0,0.0,0.16,0.1,1.0,1.0,U41682,768
,0.0,0.0,0.0,0.0,0.0,0.0,0.0,0.0,0.22,0.12,1.0,1.0,U12460,768
,0.0,0.0,0.0,0.0,0.0,0.0,0.0,0.0,0.04,0.04,1.0,1.0,U21032,768
,0.0,0.0,0.0,0.0,0.0,0.0,0.0,0.0,0.16,0.09,1.0,1.0,U7312,768
,0.0,0.0,0.0,0.0,0.0,0.0,0.0,0.0,0.14,0.08,1.0,1.0,U40254,768
,0.0,0.0,0.0,0.0,0.0,0.0,0.0,0.0,0.18,0.13,1.0,1.0,U5116,768
,0.0,0.0,0.0,0.0,0.0,0.0,0.0,0.0,0.16,0.12,1.0,1.0,U46665,768
,0.0,0.0,0.0,0.0,0.0,0.0,0.0,0.0,0.16,0.12,1.0,1.0,U27554,768
,0.0,0.0,0.0,0.0,0.0,0.0,0.0,0.0,0.1,0.09,1.0,1.0,U85549,768
,0.0,0.0,0.0,0.0,0.0,0.0,0.0,0.0,0.14,0.09,1.0,1.0,U74323,768
,0.0,0.0,0.0,0.0,0.0,0.0,0.0,0.0,0.1,0.06,1.0,1.0,U31997,768
,0.0,0.0,0.0,0.0,0.0,0.0,0.0,0.0,0.12,0.08,1.0,1.0,U82928,768
,0.0,0.0,0.0,0.0,0.0,0.0,0.0,0.0,0.2,0.11,1.0,1.0,U65542,768
,0.0,0.0,0.0,0.0,0.0,0.0,0.0,0.0,0.14,0.12,1.0,1.0,U63754,768
,0.0,0.0,0.0,0.0,0.0,0.0,0.0,0.0,0.16,0.1,1.0,1.0,U86132,768
,0.0,0.0,0.0,0.0,0.0,0.0,0.0,0.0,0.12,0.07,1.0,1.0,U72914,768
,0.0,0.0,0.0,0.0,0.0,0.0,0.0,0.0,0.08,0.05,1.0,1.0,U39211,768
,0.0,0.0,0.0,0.0,0.0,0.0,0.0,0.0,0.18,0.1,1.0,1.0,U39123,768
,0.0,0.0,0.0,0.0,0.0,0.0,0.0,0.0,0.18,0.12,1.0,1.0,U49682,768
,0.0,0.0,0.0,0.0,0.0,0.0,0.0,0.0,0.16,0.11,1.0,1.0,U12671,768
,0.0,0.0,0.0,0.0,0.0,0.0,0.0,0.0,0.18,0.11,1.0,1.0,U24139,768
,0.0,0.0,0.0,0.0,0.0,0.0,0.0,0.0,0.18,0.12,1.0,1.0,U45964,768
,0.0,0.0,0.0,0.0,0.0,0.0,0.0,0.0,0.18,0.11,1.0,1.0,U9093,768
,0.0,0.0,0.0,0.0,0.0,0.0,0.0,0.0,0.2,0.12,1.0,1.0,U15094,768
,0.0,0.0,0.0,0.0,0.0,0.0,0.0,0.0,0.08,0.08,1.0,1.0,U70449,768
,0.0,0.0,0.0,0.0,0.0,0.0,0.0,0.0,0.22,0.12,1.0,1.0,U71156,768
,0.0,0.0,0.0,0.0,0.0,0.0,0.0,0.0,0.14,0.09,1.0,1.0,U10866,768
,0.0,0.0,0.0,0.0,0.0,0.0,0.0,0.0,0.16,0.1,1.0,1.0,U6083,768
0.9698492462311558,0.14285714285714285,0.0,0.3333333333333333,0.0,0.125,0.125,0.125,0.125,0.18,0.12,1.0,1.0,U60520,768
,0.0,0.0,0.0,0.0,0.0,0.0,0.0,0.0,0.1,0.07,1.0,1.0,U83752,768
,0.0,0.0,0.0,0.0,0.0,0.0,0.0,0.0,0.16,0.11,1.0,1.0,U70262,768
,0.0,0.0,0.0,0.0,0.0,0.0,0.0,0.0,0.22,0.12,1.0,1.0,U22871,768
,0.0,0.0,0.0,0.0,0.0,0.0,0.0,0.0,0.2,0.12,1.0,1.0,U4071,768
,0.0,0.0,0.0,0.0,0.0,0.0,0.0,0.0,0.06,0.05,1.0,1.0,U87543,768
,0.0,0.0,0.0,0.0,0.0,0.0,0.0,0.0,0.16,0.1,1.0,1.0,U90387,768
,0.0,0.0,0.0,0.0,0.0,0.0,0.0,0.0,0.06,0.04,1.0,1.0,U7467,768
,0.0,0.0,0.0,0.0,0.0,0.0,0.0,0.0,0.18,0.11,1.0,1.0,U76635,768
,0.0,0.0,0.0,0.0,0.0,0.0,0.0,0.0,0.12,0.1,1.0,1.0,U71943,768
,0.0,0.0,0.0,0.0,0.0,0.0,0.0,0.0,0.08,0.04,1.0,1.0,U42384,768
,0.0,0.0,0.0,0.0,0.0,0.0,0.0,0.0,0.04,0.02,1.0,1.0,U80655,768
0.9346733668341709,0.07142857142857142,0.0,0.0,0.0,0.0,0.5,0.5,0.5,0.16,0.09,1.0,1.0,U201,768
,0.0,0.0,0.0,0.0,0.0,0.0,0.0,0.0,0.2,0.1,1.0,1.0,U14235,768
,0.0,0.0,0.0,0.0,0.0,0.0,0.0,0.0,0.08,0.05,1.0,1.0,U50867,768
,0.0,0.0,0.0,0.0,0.0,0.0,0.0,0.0,0.14,0.08,1.0,1.0,U87040,768
,0.0,0.0,0.0,0.0,0.0,0.0,0.0,0.0,0.2,0.13,1.0,1.0,U3319,0
,0.0,0.0,0.0,0.0,0.0,0.0,0.0,0.0,0.2,0.14,1.0,1.0,U58900,768
,0.0,0.0,0.0,0.0,0.0,0.0,0.0,0.0,0.2,0.11,1.0,1.0,U14447,768
0.8341708542713567,0.029411764705882353,0.0,0.0,0.0,0.0,0.25,0.25,0.25,0.14,0.1,1.0,1.0,U57,768
,0.0,0.0,0.0,0.0,0.0,0.0,0.0,0.0,0.18,0.11,1.0,1.0,U55294,768
,0.0,0.0,0.0,0.0,0.0,0.0,0.0,0.0,0.12,0.13,1.0,1.0,U47482,768
,0.0,0.0,0.0,0.0,0.0,0.0,0.0,0.0,0.06,0.04,1.0,1.0,U19740,768
,0.0,0.0,0.0,0.0,0.0,0.0,0.0,0.0,0.06,0.03,1.0,1.0,U24600,768
,0.0,0.0,0.0,0.0,0.0,0.0,0.0,0.0,0.16,0.1,1.0,1.0,U67395,768
,0.0,0.0,0.0,0.0,0.0,0.0,0.0,0.0,0.08,0.04,1.0,1.0,U68754,768
0.7297979797979798,0.06666666666666667,0.0,0.0,0.0,0.0,0.14285714285714285,0.2857142857142857,0.2857142857142857,0.16,0.11,1.0,1.0,U31849,768
,0.0,0.0,0.0,0.0,0.0,0.0,0.0,0.0,0.2,0.1,1.0,1.0,U43378,768
,0.0,0.0,0.0,0.0,0.0,0.0,0.0,0.0,0.2,0.12,1.0,1.0,U77833,768
,0.0,0.0,0.0,0.0,0.0,0.0,0.0,0.0,0.16,0.11,1.0,1.0,U50203,768
,0.0,0.0,0.0,0.0,0.0,0.0,0.0,0.0,0.12,0.1,1.0,1.0,U29650,768
,0.0,0.0,0.0,0.0,0.0,0.0,0.0,0.0,0.2,0.12,1.0,1.0,U13958,0
,0.0,0.0,0.0,0.0,0.0,0.0,0.0,0.0,0.18,0.1,1.0,1.0,U4039,768
,0.0,0.0,0.0,0.0,0.0,0.0,0.0,0.0,0.1,0.08,1.0,1.0,U46271,768
0.41708542713567837,0.008547008547008548,0.0,0.0,0.0,0.0,0.0,0.0,0.25,0.08,0.06,1.0,1.0,U43761,768
,0.0,0.0,0.0,0.0,0.0,0.0,0.0,0.0,0.18,0.12,1.0,1.0,U52286,768
,0.0,0.0,0.0,0.0,0.0,0.0,0.0,0.0,0.18,0.11,1.0,1.0,U51669,768
,0.0,0.0,0.0,0.0,0.0,0.0,0.0,0.0,0.16,0.11,1.0,1.0,U16610,768
,0.0,0.0,0.0,0.0,0.0,0.0,0.0,0.0,0.16,0.12,1.0,1.0,U36144,768
,0.0,0.0,0.0,0.0,0.0,0.0,0.0,0.0,0.22,0.12,1.0,1.0,U554,768
,0.0,0.0,0.0,0.0,0.0,0.0,0.0,0.0,0.12,0.1,1.0,1.0,U43389,768
,0.0,0.0,0.0,0.0,0.0,0.0,0.0,0.0,0.22,0.11,1.0,1.0,U26937,768
,0.0,0.0,0.0,0.0,0.0,0.0,0.0,0.0,0.16,0.11,1.0,1.0,U26523,768
,0.0,0.0,0.0,0.0,0.0,0.0,0.0,0.0,0.16,0.12,1.0,1.0,U79306,768
,0.0,0.0,0.0,0.0,0.0,0.0,0.0,0.0,0.14,0.09,1.0,1.0,U50629,768
,0.0,0.0,0.0,0.0,0.0,0.0,0.0,0.0,0.04,0.02,1.0,1.0,U80371,768
,0.0,0.0,0.0,0.0,0.0,0.0,0.0,0.0,0.18,0.11,1.0,1.0,U36296,768
,0.0,0.0,0.0,0.0,0.0,0.0,0.0,0.0,0.18,0.1,1.0,1.0,U67807,768
,0.0,0.0,0.0,0.0,0.0,0.0,0.0,0.0,0.12,0.08,1.0,1.0,U26685,768
,0.0,0.0,0.0,0.0,0.0,0.0,0.0,0.0,0.2,0.1,1.0,1.0,U39980,768
,0.0,0.0,0.0,0.0,0.0,0.0,0.0,0.0,0.22,0.12,1.0,1.0,U76007,768
,0.0,0.0,0.0,0.0,0.0,0.0,0.0,0.0,0.1,0.06,1.0,1.0,U67055,768
,0.0,0.0,0.0,0.0,0.0,0.0,0.0,0.0,0.22,0.15,1.0,1.0,U12556,768
,0.0,0.0,0.0,0.0,0.0,0.0,0.0,0.0,0.16,0.09,1.0,1.0,U9102,768
,0.0,0.0,0.0,0.0,0.0,0.0,0.0,0.0,0.22,0.12,1.0,1.0,U60429,768
,0.0,0.0,0.0,0.0,0.0,0.0,0.0,0.0,0.16,0.1,1.0,1.0,U36431,768
,0.0,0.0,0.0,0.0,0.0,0.0,0.0,0.0,0.14,0.08,1.0,1.0,U48238,768
,0.0,0.0,0.0,0.0,0.0,0.0,0.0,0.0,0.14,0.08,1.0,1.0,U3378,768
,0.0,0.0,0.0,0.0,0.0,0.0,0.0,0.0,0.18,0.11,1.0,1.0,U63851,768
0.628140703517588,0.013333333333333334,0.0,0.0,0.0,0.0,0.0,0.14285714285714285,0.14285714285714285,0.22,0.12,1.0,1.0,U63075,768
,0.0,0.0,0.0,0.0,0.0,0.0,0.0,0.0,0.06,0.03,1.0,1.0,U77581,768
,0.0,0.0,0.0,0.0,0.0,0.0,0.0,0.0,0.14,0.1,1.0,1.0,U93808,768
,0.0,0.0,0.0,0.0,0.0,0.0,0.0,0.0,0.16,0.1,1.0,1.0,U80821,768
0.6080402010050251,0.012658227848101266,0.0,0.0,0.0,0.0,0.0,0.3333333333333333,0.3333333333333333,0.14,0.1,1.0,1.0,U22313,768
,0.0,0.0,0.0,0.0,0.0,0.0,0.0,0.0,0.2,0.13,1.0,1.0,U7478,768
,0.0,0.0,0.0,0.0,0.0,0.0,0.0,0.0,0.2,0.11,1.0,1.0,U200,768
,0.0,0.0,0.0,0.0,0.0,0.0,0.0,0.0,0.16,0.1,1.0,1.0,U90056,768
,0.0,0.0,0.0,0.0,0.0,0.0,0.0,0.0,0.14,0.1,1.0,1.0,U67761,768
,0.0,0.0,0.0,0.0,0.0,0.0,0.0,0.0,0.2,0.11,1.0,1.0,U81914,768
,0.0,0.0,0.0,0.0,0.0,0.0,0.0,0.0,0.02,0.02,1.0,1.0,U14190,768
,0.0,0.0,0.0,0.0,0.0,0.0,0.0,0.0,0.18,0.1,1.0,1.0,U93737,768
,0.0,0.0,0.0,0.0,0.0,0.0,0.0,0.0,0.08,0.04,1.0,1.0,U24615,768
,0.0,0.0,0.0,0.0,0.0,0.0,0.0,0.0,0.16,0.11,1.0,1.0,U56232,768
,0.0,0.0,0.0,0.0,0.0,0.0,0.0,0.0,0.06,0.05,1.0,1.0,U37173,768
,0.0,0.0,0.0,0.0,0.0,0.0,0.0,0.0,0.1,0.05,1.0,1.0,U5194,768
,0.0,0.0,0.0,0.0,0.0,0.0,0.0,0.0,0.22,0.11,1.0,1.0,U48063,768
0.8844221105527639,0.041666666666666664,0.0,0.0,0.0,0.0,1.0,1.0,1.0,0.14,0.09,1.0,1.0,U20649,768
,0.0,0.0,0.0,0.0,0.0,0.0,0.0,0.0,0.2,0.1,1.0,1.0,U4620,768
,0.0,0.0,0.0,0.0,0.0,0.0,0.0,0.0,0.16,0.12,1.0,1.0,U9009,768
,0.0,0.0,0.0,0.0,0.0,0.0,0.0,0.0,0.06,0.05,1.0,1.0,U2313,768
,0.0,0.0,0.0,0.0,0.0,0.0,0.0,0.0,0.18,0.11,1.0,1.0,U11341,768
,0.0,0.0,0.0,0.0,0.0,0.0,0.0,0.0,0.08,0.07,1.0,1.0,U72186,768
,0.0,0.0,0.0,0.0,0.0,0.0,0.0,0.0,0.14,0.08,1.0,1.0,U93314,768
,0.0,0.0,0.0,0.0,0.0,0.0,0.0,0.0,0.1,0.07,1.0,1.0,U28774,768
,0.0,0.0,0.0,0.0,0.0,0.0,0.0,0.0,0.16,0.12,1.0,1.0,U41874,768
,0.0,0.0,0.0,0.0,0.0,0.0,0.0,0.0,0.14,0.09,1.0,1.0,U17185,768
,0.0,0.0,0.0,0.0,0.0,0.0,0.0,0.0,0.16,0.08,1.0,1.0,U57044,768
,0.0,0.0,0.0,0.0,0.0,0.0,0.0,0.0,0.16,0.11,1.0,1.0,U5088,768
,0.0,0.0,0.0,0.0,0.0,0.0,0.0,0.0,0.14,0.08,1.0,1.0,U82752,768
,0.0,0.0,0.0,0.0,0.0,0.0,0.0,0.0,0.22,0.12,1.0,1.0,U82602,768
,0.0,0.0,0.0,0.0,0.0,0.0,0.0,0.0,0.18,0.12,1.0,1.0,U68067,768
,0.0,0.0,0.0,0.0,0.0,0.0,0.0,0.0,0.18,0.11,1.0,1.0,U3078,768
,0.0,0.0,0.0,0.0,0.0,0.0,0.0,0.0,0.14,0.08,1.0,1.0,U84308,768
,0.0,0.0,0.0,0.0,0.0,0.0,0.0,0.0,0.2,0.13,1.0,1.0,U33733,0
,0.0,0.0,0.0,0.0,0.0,0.0,0.0,0.0,0.08,0.05,1.0,1.0,U82483,768
,0.0,0.0,0.0,0.0,0.0,0.0,0.0,0.0,0.1,0.05,1.0,1.0,U25154,768
,0.0,0.0,0.0,0.0,0.0,0.0,0.0,0.0,0.14,0.08,1.0,1.0,U9186,768
,0.0,0.0,0.0,0.0,0.0,0.0,0.0,0.0,0.14,0.09,1.0,1.0,U73211,768
,0.0,0.0,0.0,0.0,0.0,0.0,0.0,0.0,0.04,0.02,1.0,1.0,U25840,768
,0.0,0.0,0.0,0.0,0.0,0.0,0.0,0.0,0.18,0.11,1.0,1.0,U63317,768
,0.0,0.0,0.0,0.0,0.0,0.0,0.0,0.0,0.08,0.05,1.0,1.0,U26031,768
,0.0,0.0,0.0,0.0,0.0,0.0,0.0,0.0,0.08,0.04,1.0,1.0,U83960,768
,0.0,0.0,0.0,0.0,0.0,0.0,0.0,0.0,0.14,0.09,1.0,1.0,U21232,768
,0.0,0.0,0.0,0.0,0.0,0.0,0.0,0.0,0.08,0.04,1.0,1.0,U68663,768
,0.0,0.0,0.0,0.0,0.0,0.0,0.0,0.0,0.18,0.13,1.0,1.0,U62837,768
0.9698492462311558,0.14285714285714285,0.0,0.3333333333333333,0.0,0.5,0.5,0.5,0.5,0.2,0.11,1.0,1.0,U26898,768
,0.0,0.0,0.0,0.0,0.0,0.0,0.0,0.0,0.16,0.11,1.0,1.0,U57383,768
,0.0,0.0,0.0,0.0,0.0,0.0,0.0,0.0,0.14,0.1,1.0,1.0,U92017,768
,0.0,0.0,0.0,0.0,0.0,0.0,0.0,0.0,0.1,0.07,1.0,1.0,U56212,768
,0.0,0.0,0.0,0.0,0.0,0.0,0.0,0.0,0.22,0.14,1.0,1.0,U61557,768
,0.0,0.0,0.0,0.0,0.0,0.0,0.0,0.0,0.2,0.14,1.0,1.0,U43951,0
,0.0,0.0,0.0,0.0,0.0,0.0,0.0,0.0,0.18,0.13,1.0,1.0,U10259,768
,0.0,0.0,0.0,0.0,0.0,0.0,0.0,0.0,0.2,0.13,1.0,1.0,U32973,768
,0.0,0.0,0.0,0.0,0.0,0.0,0.0,0.0,0.04,0.02,1.0,1.0,U76853,768
,0.0,0.0,0.0,0.0,0.0,0.0,0.0,0.0,0.2,0.11,1.0,1.0,U57172,768
,0.0,0.0,0.0,0.0,0.0,0.0,0.0,0.0,0.16,0.1,1.0,1.0,U6066,768
,0.0,0.0,0.0,0.0,0.0,0.0,0.0,0.0,0.14,0.07,1.0,1.0,U77325,768
,0.0,0.0,0.0,0.0,0.0,0.0,0.0,0.0,0.16,0.09,1.0,1.0,U82748,768
,0.0,0.0,0.0,0.0,0.0,0.0,0.0,0.0,0.18,0.12,1.0,1.0,U84787,768
,0.0,0.0,0.0,0.0,0.0,0.0,0.0,0.0,0.06,0.06,1.0,1.0,U30164,768
,0.0,0.0,0.0,0.0,0.0,0.0,0.0,0.0,0.16,0.11,1.0,1.0,U22840,768
,0.0,0.0,0.0,0.0,0.0,0.0,0.0,0.0,0.12,0.11,1.0,1.0,U91185,768
,0.0,0.0,0.0,0.0,0.0,0.0,0.0,0.0,0.02,0.02,1.0,1.0,U17054,768
,0.0,0.0,0.0,0.0,0.0,0.0,0.0,0.0,0.2,0.13,1.0,1.0,U22377,768
,0.0,0.0,0.0,0.0,0.0,0.0,0.0,0.0,0.18,0.12,1.0,1.0,U88595,768
,0.0,0.0,0.0,0.0,0.0,0.0,0.0,0.0,0.18,0.11,1.0,1.0,U48164,768
,0.0,0.0,0.0,0.0,0.0,0.0,0.0,0.0,0.18,0.13,1.0,1.0,U52550,0
,0.0,0.0,0.0,0.0,0.0,0.0,0.0,0.0,0.18,0.1,1.0,1.0,U46733,768
,0.0,0.0,0.0,0.0,0.0,0.0,0.0,0.0,0.04,0.02,1.0,1.0,U24764,768
,0.0,0.0,0.0,0.0,0.0,0.0,0.0,0.0,0.04,0.06,1.0,1.0,U86684,768
,0.0,0.0,0.0,0.0,0.0,0.0,0.0,0.0,0.2,0.14,1.0,1.0,U30730,0
0.6532663316582915,0.014285714285714285,0.0,0.0,0.0,0.0,0.0,0.2,0.2,0.08,0.05,1.0,1.0,U6114,768
,0.0,0.0,0.0,0.0,0.0,0.0,0.0,0.0,0.22,0.12,1.0,1.0,U64791,768
,0.0,0.0,0.0,0.0,0.0,0.0,0.0,0.0,0.06,0.04,1.0,1.0,U85837,768
,0.0,0.0,0.0,0.0,0.0,0.0,0.0,0.0,0.22,0.12,1.0,1.0,U58287,768
,0.0,0.0,0.0,0.0,0.0,0.0,0.0,0.0,0.2,0.1,1.0,1.0,U44437,768
,0.0,0.0,0.0,0.0,0.0,0.0,0.0,0.0,0.12,0.1,1.0,1.0,U63456,768
,0.0,0.0,0.0,0.0,0.0,0.0,0.0,0.0,0.04,0.04,1.0,1.0,U18311,768
,0.0,0.0,0.0,0.0,0.0,0.0,0.0,0.0,0.06,0.03,1.0,1.0,U7195,768
,0.0,0.0,0.0,0.0,0.0,0.0,0.0,0.0,0.1,0.08,1.0,1.0,U13284,768
,0.0,0.0,0.0,0.0,0.0,0.0,0.0,0.0,0.14,0.08,1.0,1.0,U33124,768
,0.0,0.0,0.0,0.0,0.0,0.0,0.0,0.0,0.2,0.11,1.0,1.0,U78702,768
,0.0,0.0,0.0,0.0,0.0,0.0,0.0,0.0,0.16,0.1,1.0,1.0,U17347,768
,0.0,0.0,0.0,0.0,0.0,0.0,0.0,0.0,0.06,0.05,1.0,1.0,U64127,768
,0.0,0.0,0.0,0.0,0.0,0.0,0.0,0.0,0.02,0.02,1.0,1.0,U55183,768
,0.0,0.0,0.0,0.0,0.0,0.0,0.0,0.0,0.2,0.1,1.0,1.0,U86659,768
,0.0,0.0,0.0,0.0,0.0,0.0,0.0,0.0,0.18,0.1,1.0,1.0,U81495,768
,0.0,0.0,0.0,0.0,0.0,0.0,0.0,0.0,0.16,0.1,1.0,1.0,U56539,768
,0.0,0.0,0.0,0.0,0.0,0.0,0.0,0.0,0.16,0.1,1.0,1.0,U61684,768
,0.0,0.0,0.0,0.0,0.0,0.0,0.0,0.0,0.04,0.03,1.0,1.0,U84229,768
,0.0,0.0,0.0,0.0,0.0,0.0,0.0,0.0,0.16,0.1,1.0,1.0,U47006,768
,0.0,0.0,0.0,0.0,0.0,0.0,0.0,0.0,0.1,0.07,1.0,1.0,U14728,768
,0.0,0.0,0.0,0.0,0.0,0.0,0.0,0.0,0.2,0.13,1.0,1.0,U57516,768
,0.0,0.0,0.0,0.0,0.0,0.0,0.0,0.0,0.14,0.08,1.0,1.0,U34829,768
,0.0,0.0,0.0,0.0,0.0,0.0,0.0,0.0,0.08,0.06,1.0,1.0,U64153,768
,0.0,0.0,0.0,0.0,0.0,0.0,0.0,0.0,0.08,0.07,1.0,1.0,U76620,768
,0.0,0.0,0.0,0.0,0.0,0.0,0.0,0.0,0.18,0.11,1.0,1.0,U20340,768
,0.0,0.0,0.0,0.0,0.0,0.0,0.0,0.0,0.1,0.07,1.0,1.0,U72218,768
,0.0,0.0,0.0,0.0,0.0,0.0,0.0,0.0,0.1,0.07,1.0,1.0,U9502,768
,0.0,0.0,0.0,0.0,0.0,0.0,0.0,0.0,0.2,0.12,1.0,1.0,U8128,768
,0.0,0.0,0.0,0.0,0.0,0.0,0.0,0.0,0.18,0.11,1.0,1.0,U32154,768
,0.0,0.0,0.0,0.0,0.0,0.0,0.0,0.0,0.2,0.11,1.0,1.0,U26316,768
,0.0,0.0,0.0,0.0,0.0,0.0,0.0,0.0,0.12,0.08,1.0,1.0,U75116,768
,0.0,0.0,0.0,0.0,0.0,0.0,0.0,0.0,0.2,0.11,1.0,1.0,U26988,768
,0.0,0.0,0.0,0.0,0.0,0.0,0.0,0.0,0.12,0.1,1.0,1.0,U76818,768
,0.0,0.0,0.0,0.0,0.0,0.0,0.0,0.0,0.12,0.08,1.0,1.0,U69512,768
,0.0,0.0,0.0,0.0,0.0,0.0,0.0,0.0,0.24,0.13,1.0,1.0,U75104,0
,0.0,0.0,0.0,0.0,0.0,0.0,0.0,0.0,0.12,0.08,1.0,1.0,U35055,768
0.9346733668341709,0.07142857142857142,0.0,0.0,0.0,0.0,0.3333333333333333,0.3333333333333333,0.3333333333333333,0.1,0.08,1.0,1.0,U64698,768
,0.0,0.0,0.0,0.0,0.0,0.0,0.0,0.0,0.2,0.12,1.0,1.0,U42361,768
,0.0,0.0,0.0,0.0,0.0,0.0,0.0,0.0,0.16,0.1,1.0,1.0,U68298,768
,0.0,0.0,0.0,0.0,0.0,0.0,0.0,0.0,0.16,0.08,1.0,1.0,U46081,768
,0.0,0.0,0.0,0.0,0.0,0.0,0.0,0.0,0.22,0.11,1.0,1.0,U50108,768
,0.0,0.0,0.0,0.0,0.0,0.0,0.0,0.0,0.12,0.08,1.0,1.0,U81153,768
,0.0,0.0,0.0,0.0,0.0,0.0,0.0,0.0,0.2,0.12,1.0,1.0,U15790,0
,0.0,0.0,0.0,0.0,0.0,0.0,0.0,0.0,0.22,0.12,1.0,1.0,U47311,768
,0.0,0.0,0.0,0.0,0.0,0.0,0.0,0.0,0.12,0.08,1.0,1.0,U19634,768
,0.0,0.0,0.0,0.0,0.0,0.0,0.0,0.0,0.14,0.1,1.0,1.0,U43935,768
,0.0,0.0,0.0,0.0,0.0,0.0,0.0,0.0,0.18,0.11,1.0,1.0,U49504,768
,0.0,0.0,0.0,0.0,0.0,0.0,0.0,0.0,0.12,0.09,1.0,1.0,U3592,768
,0.0,0.0,0.0,0.0,0.0,0.0,0.0,0.0,0.06,0.06,1.0,1.0,U90578,768
,0.0,0.0,0.0,0.0,0.0,0.0,0.0,0.0,0.26,0.13,1.0,1.0,U77261,0
,0.0,0.0,0.0,0.0,0.0,0.0,0.0,0.0,0.2,0.13,1.0,1.0,U48045,768
,0.0,0.0,0.0,0.0,0.0,0.0,0.0,0.0,0.12,0.09,1.0,1.0,U82352,768
,0.0,0.0,0.0,0.0,0.0,0.0,0.0,0.0,0.1,0.07,1.0,1.0,U28482,768
,0.0,0.0,0.0,0.0,0.0,0.0,0.0,0.0,0.16,0.11,1.0,1.0,U71202,768
,0.0,0.0,0.0,0.0,0.0,0.0,0.0,0.0,0.24,0.12,1.0,1.0,U22390,768
,0.0,0.0,0.0,0.0,0.0,0.0,0.0,0.0,0.18,0.11,1.0,1.0,U40311,768
,0.0,0.0,0.0,0.0,0.0,0.0,0.0,0.0,0.22,0.12,1.0,1.0,U30647,768
,0.0,0.0,0.0,0.0,0.0,0.0,0.0,0.0,0.12,0.09,1.0,1.0,U79942,768
,0.0,0.0,0.0,0.0,0.0,0.0,0.0,0.0,0.12,0.07,1.0,1.0,U77670,768
,0.0,0.0,0.0,0.0,0.0,0.0,0.0,0.0,0.16,0.1,1.0,1.0,U35650,768
,0.0,0.0,0.0,0.0,0.0,0.0,0.0,0.0,0.22,0.11,1.0,1.0,U51643,768
,0.0,0.0,0.0,0.0,0.0,0.0,0.0,0.0,0.16,0.11,1.0,1.0,U23543,768
,0.0,0.0,0.0,0.0,0.0,0.0,0.0,0.0,0.18,0.12,1.0,1.0,U69204,768
,0.0,0.0,0.0,0.0,0.0,0.0,0.0,0.0,0.14,0.1,1.0,1.0,U26460,768
,0.0,0.0,0.0,0.0,0.0,0.0,0.0,0.0,0.08,0.07,1.0,1.0,U62854,768
,0.0,0.0,0.0,0.0,0.0,0.0,0.0,0.0,0.2,0.12,1.0,1.0,U62140,768
,0.0,0.0,0.0,0.0,0.0,0.0,0.0,0.0,0.1,0.08,1.0,1.0,U12631,768
,0.0,0.0,0.0,0.0,0.0,0.0,0.0,0.0,0.08,0.05,1.0,1.0,U3869,768
,0.0,0.0,0.0,0.0,0.0,0.0,0.0,0.0,0.14,0.09,1.0,1.0,U42272,768
,0.0,0.0,0.0,0.0,0.0,0.0,0.0,0.0,0.2,0.12,1.0,1.0,U92923,768
,0.0,0.0,0.0,0.0,0.0,0.0,0.0,0.0,0.04,0.03,1.0,1.0,U28356,768
,0.0,0.0,0.0,0.0,0.0,0.0,0.0,0.0,0.04,0.02,1.0,1.0,U89736,768
,0.0,0.0,0.0,0.0,0.0,0.0,0.0,0.0,0.18,0.11,1.0,1.0,U79411,768
,0.0,0.0,0.0,0.0,0.0,0.0,0.0,0.0,0.06,0.04,1.0,1.0,U433,768
,0.0,0.0,0.0,0.0,0.0,0.0,0.0,0.0,0.16,0.09,1.0,1.0,U19943,768
,0.0,0.0,0.0,0.0,0.0,0.0,0.0,0.0,0.04,0.03,1.0,1.0,U70009,768
,0.0,0.0,0.0,0.0,0.0,0.0,0.0,0.0,0.1,0.09,1.0,1.0,U10491,768
,0.0,0.0,0.0,0.0,0.0,0.0,0.0,0.0,0.08,0.04,1.0,1.0,U58373,768
,0.0,0.0,0.0,0.0,0.0,0.0,0.0,0.0,0.06,0.05,1.0,1.0,U38902,768
,0.0,0.0,0.0,0.0,0.0,0.0,0.0,0.0,0.22,0.12,1.0,1.0,U58933,768
,0.0,0.0,0.0,0.0,0.0,0.0,0.0,0.0,0.18,0.13,1.0,1.0,U25510,768
,0.0,0.0,0.0,0.0,0.0,0.0,0.0,0.0,0.18,0.11,1.0,1.0,U6707,768
,0.0,0.0,0.0,0.0,0.0,0.0,0.0,0.0,0.14,0.1,1.0,1.0,U67485,768
,0.0,0.0,0.0,0.0,0.0,0.0,0.0,0.0,0.16,0.1,1.0,1.0,U90026,768
0.2814070351758794,0.006944444444444444,0.0,0.0,0.0,0.0,0.0,0.0,0.25,0.14,0.08,1.0,1.0,U22193,768
,0.0,0.0,0.0,0.0,0.0,0.0,0.0,0.0,0.2,0.11,1.0,1.0,U71495,0
,0.0,0.0,0.0,0.0,0.0,0.0,0.0,0.0,0.18,0.11,1.0,1.0,U47192,768
,0.0,0.0,0.0,0.0,0.0,0.0,0.0,0.0,0.16,0.11,1.0,1.0,U81955,768
0.7954545454545454,0.024390243902439025,0.0,0.0,0.0,0.0,0.18181818181818182,0.18181818181818182,0.18181818181818182,0.06,0.07,1.0,1.0,U5428,768
,0.0,0.0,0.0,0.0,0.0,0.0,0.0,0.0,0.1,0.07,1.0,1.0,U62061,768
,0.0,0.0,0.0,0.0,0.0,0.0,0.0,0.0,0.14,0.1,1.0,1.0,U3821,768
,0.0,0.0,0.0,0.0,0.0,0.0,0.0,0.0,0.14,0.1,1.0,1.0,U36020,768
,0.0,0.0,0.0,0.0,0.0,0.0,0.0,0.0,0.18,0.12,1.0,1.0,U33385,768
,0.0,0.0,0.0,0.0,0.0,0.0,0.0,0.0,0.1,0.07,1.0,1.0,U56778,768
,0.0,0.0,0.0,0.0,0.0,0.0,0.0,0.0,0.04,0.03,1.0,1.0,U7490,768
,0.0,0.0,0.0,0.0,0.0,0.0,0.0,0.0,0.14,0.12,1.0,1.0,U81080,768
,0.0,0.0,0.0,0.0,0.0,0.0,0.0,0.0,0.18,0.11,1.0,1.0,U28498,768
,0.0,0.0,0.0,0.0,0.0,0.0,0.0,0.0,0.06,0.07,1.0,1.0,U31533,768
,0.0,0.0,0.0,0.0,0.0,0.0,0.0,0.0,0.12,0.1,1.0,1.0,U56435,768
,0.0,0.0,0.0,0.0,0.0,0.0,0.0,0.0,0.04,0.03,1.0,1.0,U22478,768
0.8793969849246231,0.04,0.0,0.0,0.0,0.0,1.0,1.0,1.0,0.2,0.12,1.0,1.0,U48106,768
,0.0,0.0,0.0,0.0,0.0,0.0,0.0,0.0,0.16,0.1,1.0,1.0,U54906,768
,0.0,0.0,0.0,0.0,0.0,0.0,0.0,0.0,0.14,0.1,1.0,1.0,U55675,768
,0.0,0.0,0.0,0.0,0.0,0.0,0.0,0.0,0.14,0.1,1.0,1.0,U6422,768
,0.0,0.0,0.0,0.0,0.0,0.0,0.0,0.0,0.22,0.12,1.0,1.0,U92282,768
,0.0,0.0,0.0,0.0,0.0,0.0,0.0,0.0,0.18,0.1,1.0,1.0,U10742,768
,0.0,0.0,0.0,0.0,0.0,0.0,0.0,0.0,0.12,0.09,1.0,1.0,U84683,768
,0.0,0.0,0.0,0.0,0.0,0.0,0.0,0.0,0.2,0.12,1.0,1.0,U44784,768
,0.0,0.0,0.0,0.0,0.0,0.0,0.0,0.0,0.2,0.11,1.0,1.0,U29934,768
,0.0,0.0,0.0,0.0,0.0,0.0,0.0,0.0,0.16,0.11,1.0,1.0,U80082,768
,0.0,0.0,0.0,0.0,0.0,0.0,0.0,0.0,0.12,0.09,1.0,1.0,U26214,768
,0.0,0.0,0.0,0.0,0.0,0.0,0.0,0.0,0.14,0.11,1.0,1.0,U37293,768
0.5879396984924623,0.012048192771084338,0.0,0.0,0.0,0.0,0.0,0.5,0.5,0.06,0.05,1.0,1.0,U86245,768
,0.0,0.0,0.0,0.0,0.0,0.0,0.0,0.0,0.14,0.11,1.0,1.0,U27370,768
,0.0,0.0,0.0,0.0,0.0,0.0,0.0,0.0,0.12,0.09,1.0,1.0,U3136,768
,0.0,0.0,0.0,0.0,0.0,0.0,0.0,0.0,0.12,0.06,1.0,1.0,U35436,768
,0.0,0.0,0.0,0.0,0.0,0.0,0.0,0.0,0.14,0.1,1.0,1.0,U29661,768
,0.0,0.0,0.0,0.0,0.0,0.0,0.0,0.0,0.12,0.08,1.0,1.0,U92204,768
,0.0,0.0,0.0,0.0,0.0,0.0,0.0,0.0,0.16,0.11,1.0,1.0,U11124,768
,0.0,0.0,0.0,0.0,0.0,0.0,0.0,0.0,0.06,0.04,1.0,1.0,U24085,768
,0.0,0.0,0.0,0.0,0.0,0.0,0.0,0.0,0.22,0.11,1.0,1.0,U67675,768
,0.0,0.0,0.0,0.0,0.0,0.0,0.0,0.0,0.08,0.07,1.0,1.0,U57156,768
,0.0,0.0,0.0,0.0,0.0,0.0,0.0,0.0,0.16,0.1,1.0,1.0,U10062,768
,0.0,0.0,0.0,0.0,0.0,0.0,0.0,0.0,0.08,0.07,1.0,1.0,U57408,768
,0.0,0.0,0.0,0.0,0.0,0.0,0.0,0.0,0.1,0.06,1.0,1.0,U23515,768
,0.0,0.0,0.0,0.0,0.0,0.0,0.0,0.0,0.04,0.02,1.0,1.0,U55986,768
,0.0,0.0,0.0,0.0,0.0,0.0,0.0,0.0,0.02,0.04,1.0,1.0,U5887,768
,0.0,0.0,0.0,0.0,0.0,0.0,0.0,0.0,0.06,0.05,1.0,1.0,U72939,768
,0.0,0.0,0.0,0.0,0.0,0.0,0.0,0.0,0.16,0.09,1.0,1.0,U25716,768
,0.0,0.0,0.0,0.0,0.0,0.0,0.0,0.0,0.18,0.12,1.0,1.0,U79916,768
,0.0,0.0,0.0,0.0,0.0,0.0,0.0,0.0,0.1,0.1,1.0,1.0,U74659,768
0.678391959798995,0.015384615384615385,0.0,0.0,0.0,0.0,0.0,0.06666666666666667,0.06666666666666667,0.2,0.12,1.0,1.0,U86478,768
,0.0,0.0,0.0,0.0,0.0,0.0,0.0,0.0,0.16,0.08,1.0,1.0,U61054,768
,0.0,0.0,0.0,0.0,0.0,0.0,0.0,0.0,0.18,0.1,1.0,1.0,U59104,768
,0.0,0.0,0.0,0.0,0.0,0.0,0.0,0.0,0.08,0.06,1.0,1.0,U38032,768
,0.0,0.0,0.0,0.0,0.0,0.0,0.0,0.0,0.16,0.1,1.0,1.0,U52520,768
,0.0,0.0,0.0,0.0,0.0,0.0,0.0,0.0,0.12,0.12,1.0,1.0,U22952,768
,0.0,0.0,0.0,0.0,0.0,0.0,0.0,0.0,0.08,0.05,1.0,1.0,U21247,768
,0.0,0.0,0.0,0.0,0.0,0.0,0.0,0.0,0.02,0.03,1.0,1.0,U33796,768
,0.0,0.0,0.0,0.0,0.0,0.0,0.0,0.0,0.12,0.11,1.0,1.0,U68733,768
,0.0,0.0,0.0,0.0,0.0,0.0,0.0,0.0,0.14,0.1,1.0,1.0,U4629,768
,0.0,0.0,0.0,0.0,0.0,0.0,0.0,0.0,0.12,0.1,1.0,1.0,U73842,768
,0.0,0.0,0.0,0.0,0.0,0.0,0.0,0.0,0.06,0.06,1.0,1.0,U4780,768
,0.0,0.0,0.0,0.0,0.0,0.0,0.0,0.0,0.16,0.11,1.0,1.0,U9534,768
,0.0,0.0,0.0,0.0,0.0,0.0,0.0,0.0,0.2,0.12,1.0,1.0,U1549,768
,0.0,0.0,0.0,0.0,0.0,0.0,0.0,0.0,0.12,0.07,1.0,1.0,U27123,768
0.4321608040201005,0.008771929824561403,0.0,0.0,0.0,0.0,0.0,0.0,1.0,0.14,0.12,1.0,1.0,U48880,768
,0.0,0.0,0.0,0.0,0.0,0.0,0.0,0.0,0.04,0.02,1.0,1.0,U67772,768
0.9698492462311558,0.14285714285714285,0.0,0.3333333333333333,0.0,1.0,1.0,1.0,1.0,0.14,0.08,1.0,1.0,U21840,768
,0.0,0.0,0.0,0.0,0.0,0.0,0.0,0.0,0.12,0.1,1.0,1.0,U37655,768
,0.0,0.0,0.0,0.0,0.0,0.0,0.0,0.0,0.16,0.11,1.0,1.0,U5060,768
,0.0,0.0,0.0,0.0,0.0,0.0,0.0,0.0,0.08,0.04,1.0,1.0,U60991,768
,0.0,0.0,0.0,0.0,0.0,0.0,0.0,0.0,0.06,0.06,1.0,1.0,U42871,768
,0.0,0.0,0.0,0.0,0.0,0.0,0.0,0.0,0.14,0.11,1.0,1.0,U63859,768
,0.0,0.0,0.0,0.0,0.0,0.0,0.0,0.0,0.18,0.11,1.0,1.0,U14281,768
,0.0,0.0,0.0,0.0,0.0,0.0,0.0,0.0,0.02,0.02,1.0,1.0,U45390,768
,0.0,0.0,0.0,0.0,0.0,0.0,0.0,0.0,0.24,0.12,1.0,1.0,U48494,768
,0.0,0.0,0.0,0.0,0.0,0.0,0.0,0.0,0.2,0.14,1.0,1.0,U65867,768
,0.0,0.0,0.0,0.0,0.0,0.0,0.0,0.0,0.2,0.12,1.0,1.0,U56180,768
,0.0,0.0,0.0,0.0,0.0,0.0,0.0,0.0,0.04,0.02,1.0,1.0,U87820,768
,0.0,0.0,0.0,0.0,0.0,0.0,0.0,0.0,0.2,0.11,1.0,1.0,U35651,768
,0.0,0.0,0.0,0.0,0.0,0.0,0.0,0.0,0.22,0.11,1.0,1.0,U18339,768
,0.0,0.0,0.0,0.0,0.0,0.0,0.0,0.0,0.22,0.13,1.0,1.0,U79636,0
,0.0,0.0,0.0,0.0,0.0,0.0,0.0,0.0,0.04,0.05,1.0,1.0,U32865,768
,0.0,0.0,0.0,0.0,0.0,0.0,0.0,0.0,0.12,0.07,1.0,1.0,U9733,768
,0.0,0.0,0.0,0.0,0.0,0.0,0.0,0.0,0.14,0.09,1.0,1.0,U35339,768
,0.0,0.0,0.0,0.0,0.0,0.0,0.0,0.0,0.24,0.13,1.0,1.0,U67252,768
,0.0,0.0,0.0,0.0,0.0,0.0,0.0,0.0,0.22,0.12,1.0,1.0,U43696,768
,0.0,0.0,0.0,0.0,0.0,0.0,0.0,0.0,0.16,0.1,1.0,1.0,U77260,768
,0.0,0.0,0.0,0.0,0.0,0.0,0.0,0.0,0.2,0.12,1.0,1.0,U69155,768
,0.0,0.0,0.0,0.0,0.0,0.0,0.0,0.0,0.16,0.12,1.0,1.0,U90978,768
,0.0,0.0,0.0,0.0,0.0,0.0,0.0,0.0,0.02,0.03,1.0,1.0,U65156,768
,0.0,0.0,0.0,0.0,0.0,0.0,0.0,0.0,0.18,0.13,1.0,1.0,U21679,768
,0.0,0.0,0.0,0.0,0.0,0.0,0.0,0.0,0.06,0.05,1.0,1.0,U9920,768
,0.0,0.0,0.0,0.0,0.0,0.0,0.0,0.0,0.08,0.05,1.0,1.0,U67086,768
,0.0,0.0,0.0,0.0,0.0,0.0,0.0,0.0,0.22,0.12,1.0,1.0,U4539,0
,0.0,0.0,0.0,0.0,0.0,0.0,0.0,0.0,0.14,0.13,1.0,1.0,U54070,768
,0.0,0.0,0.0,0.0,0.0,0.0,0.0,0.0,0.18,0.11,1.0,1.0,U69319,768
,0.0,0.0,0.0,0.0,0.0,0.0,0.0,0.0,0.14,0.08,1.0,1.0,U19574,768
,0.0,0.0,0.0,0.0,0.0,0.0,0.0,0.0,0.14,0.08,1.0,1.0,U3120,768
,0.0,0.0,0.0,0.0,0.0,0.0,0.0,0.0,0.18,0.1,1.0,1.0,U12488,768
,0.0,0.0,0.0,0.0,0.0,0.0,0.0,0.0,0.14,0.08,1.0,1.0,U48718,768
,0.0,0.0,0.0,0.0,0.0,0.0,0.0,0.0,0.12,0.1,1.0,1.0,U76060,768
,0.0,0.0,0.0,0.0,0.0,0.0,0.0,0.0,0.1,0.08,1.0,1.0,U64456,768
0.5276381909547738,0.010526315789473684,0.0,0.0,0.0,0.0,0.0,1.0,1.0,0.16,0.11,1.0,1.0,U22022,768
,0.0,0.0,0.0,0.0,0.0,0.0,0.0,0.0,0.12,0.08,1.0,1.0,U11935,768
,0.0,0.0,0.0,0.0,0.0,0.0,0.0,0.0,0.16,0.11,1.0,1.0,U63585,768
0.23618090452261306,0.006535947712418301,0.0,0.0,0.0,0.0,0.0,0.0,0.3333333333333333,0.22,0.12,1.0,1.0,U28749,768
,0.0,0.0,0.0,0.0,0.0,0.0,0.0,0.0,0.2,0.11,1.0,1.0,U90437,768
,0.0,0.0,0.0,0.0,0.0,0.0,0.0,0.0,0.16,0.14,1.0,1.0,U19214,768
,0.0,0.0,0.0,0.0,0.0,0.0,0.0,0.0,0.22,0.13,1.0,1.0,U14333,768
,0.0,0.0,0.0,0.0,0.0,0.0,0.0,0.0,0.1,0.09,1.0,1.0,U34765,768
,0.0,0.0,0.0,0.0,0.0,0.0,0.0,0.0,0.02,0.04,1.0,1.0,U17941,768
,0.0,0.0,0.0,0.0,0.0,0.0,0.0,0.0,0.06,0.05,1.0,1.0,U25348,768
,0.0,0.0,0.0,0.0,0.0,0.0,0.0,0.0,0.08,0.05,1.0,1.0,U41056,768
,0.0,0.0,0.0,0.0,0.0,0.0,0.0,0.0,0.16,0.1,1.0,1.0,U5284,768
,0.0,0.0,0.0,0.0,0.0,0.0,0.0,0.0,0.2,0.11,1.0,1.0,U60505,768
,0.0,0.0,0.0,0.0,0.0,0.0,0.0,0.0,0.14,0.08,1.0,1.0,U79062,768
,0.0,0.0,0.0,0.0,0.0,0.0,0.0,0.0,0.14,0.07,1.0,1.0,U32995,768
,0.0,0.0,0.0,0.0,0.0,0.0,0.0,0.0,0.2,0.11,1.0,1.0,U10611,768
,0.0,0.0,0.0,0.0,0.0,0.0,0.0,0.0,0.1,0.06,1.0,1.0,U15234,768
,0.0,0.0,0.0,0.0,0.0,0.0,0.0,0.0,0.18,0.12,1.0,1.0,U40115,768
,0.0,0.0,0.0,0.0,0.0,0.0,0.0,0.0,0.18,0.09,1.0,1.0,U25087,768
,0.0,0.0,0.0,0.0,0.0,0.0,0.0,0.0,0.02,0.03,1.0,1.0,U41942,768
,0.0,0.0,0.0,0.0,0.0,0.0,0.0,0.0,0.18,0.1,1.0,1.0,U51145,768
,0.0,0.0,0.0,0.0,0.0,0.0,0.0,0.0,0.22,0.11,1.0,1.0,U13390,768
,0.0,0.0,0.0,0.0,0.0,0.0,0.0,0.0,0.14,0.1,1.0,1.0,U10008,768
,0.0,0.0,0.0,0.0,0.0,0.0,0.0,0.0,0.12,0.09,1.0,1.0,U45073,768
,0.0,0.0,0.0,0.0,0.0,0.0,0.0,0.0,0.22,0.12,1.0,1.0,U58566,768
,0.0,0.0,0.0,0.0,0.0,0.0,0.0,0.0,0.12,0.06,1.0,1.0,U89060,768
,0.0,0.0,0.0,0.0,0.0,0.0,0.0,0.0,0.16,0.1,1.0,1.0,U45291,768
,0.0,0.0,0.0,0.0,0.0,0.0,0.0,0.0,0.2,0.1,1.0,1.0,U76912,768
,0.0,0.0,0.0,0.0,0.0,0.0,0.0,0.0,0.14,0.1,1.0,1.0,U37785,768
,0.0,0.0,0.0,0.0,0.0,0.0,0.0,0.0,0.08,0.05,1.0,1.0,U74839,768
0.9849246231155779,0.25,0.43067655807339306,0.43067655807339306,0.2,0.2,0.2,0.2,0.2,0.16,0.09,1.0,1.0,U32924,768
,0.0,0.0,0.0,0.0,0.0,0.0,0.0,0.0,0.12,0.1,1.0,1.0,U65883,768
,0.0,0.0,0.0,0.0,0.0,0.0,0.0,0.0,0.16,0.1,1.0,1.0,U4594,0
,0.0,0.0,0.0,0.0,0.0,0.0,0.0,0.0,0.22,0.12,1.0,1.0,U36441,768
,0.0,0.0,0.0,0.0,0.0,0.0,0.0,0.0,0.18,0.1,1.0,1.0,U49944,768
,0.0,0.0,0.0,0.0,0.0,0.0,0.0,0.0,0.22,0.12,1.0,1.0,U6020,768
,0.0,0.0,0.0,0.0,0.0,0.0,0.0,0.0,0.18,0.1,1.0,1.0,U1944,768
,0.0,0.0,0.0,0.0,0.0,0.0,0.0,0.0,0.02,0.02,1.0,1.0,U23642,768
,0.0,0.0,0.0,0.0,0.0,0.0,0.0,0.0,0.16,0.1,1.0,1.0,U36815,768
,0.0,0.0,0.0,0.0,0.0,0.0,0.0,0.0,0.06,0.04,1.0,1.0,U9361,768
,0.0,0.0,0.0,0.0,0.0,0.0,0.0,0.0,0.02,0.01,1.0,1.0,U34863,768
,0.0,0.0,0.0,0.0,0.0,0.0,0.0,0.0,0.14,0.11,1.0,1.0,U31173,768
,0.0,0.0,0.0,0.0,0.0,0.0,0.0,0.0,0.18,0.12,1.0,1.0,U51937,768
,0.0,0.0,0.0,0.0,0.0,0.0,0.0,0.0,0.1,0.09,1.0,1.0,U46027,768
,0.0,0.0,0.0,0.0,0.0,0.0,0.0,0.0,0.14,0.07,1.0,1.0,U6644,768
0.5678391959798995,0.011494252873563218,0.0,0.0,0.0,0.0,0.0,0.2,0.2,0.18,0.1,1.0,1.0,U64985,768
,0.0,0.0,0.0,0.0,0.0,0.0,0.0,0.0,0.12,0.09,1.0,1.0,U84884,768
,0.0,0.0,0.0,0.0,0.0,0.0,0.0,0.0,0.16,0.1,1.0,1.0,U29096,768
,0.0,0.0,0.0,0.0,0.0,0.0,0.0,0.0,0.12,0.07,1.0,1.0,U62457,768
,0.0,0.0,0.0,0.0,0.0,0.0,0.0,0.0,0.24,0.12,1.0,1.0,U72956,768
,0.0,0.0,0.0,0.0,0.0,0.0,0.0,0.0,0.2,0.12,1.0,1.0,U43177,768
,0.0,0.0,0.0,0.0,0.0,0.0,0.0,0.0,0.02,0.02,1.0,1.0,U68418,768
,0.0,0.0,0.0,0.0,0.0,0.0,0.0,0.0,0.14,0.08,1.0,1.0,U10674,768
,0.0,0.0,0.0,0.0,0.0,0.0,0.0,0.0,0.14,0.11,1.0,1.0,U1494,768
,0.0,0.0,0.0,0.0,0.0,0.0,0.0,0.0,0.24,0.12,1.0,1.0,U21154,768
,0.0,0.0,0.0,0.0,0.0,0.0,0.0,0.0,0.08,0.08,1.0,1.0,U3175,768
,0.0,0.0,0.0,0.0,0.0,0.0,0.0,0.0,0.04,0.02,1.0,1.0,U18039,768
,0.0,0.0,0.0,0.0,0.0,0.0,0.0,0.0,0.14,0.09,1.0,1.0,U42088,768
,0.0,0.0,0.0,0.0,0.0,0.0,0.0,0.0,0.16,0.11,1.0,1.0,U1158,768
,0.0,0.0,0.0,0.0,0.0,0.0,0.0,0.0,0.22,0.12,1.0,1.0,U47226,768
,0.0,0.0,0.0,0.0,0.0,0.0,0.0,0.0,0.14,0.08,1.0,1.0,U83460,768
,0.0,0.0,0.0,0.0,0.0,0.0,0.0,0.0,0.04,0.03,1.0,1.0,U53308,768
,0.0,0.0,0.0,0.0,0.0,0.0,0.0,0.0,0.18,0.1,1.0,1.0,U38068,768
,0.0,0.0,0.0,0.0,0.0,0.0,0.0,0.0,0.18,0.11,1.0,1.0,U19338,768
,0.0,0.0,0.0,0.0,0.0,0.0,0.0,0.0,0.16,0.09,1.0,1.0,U32971,768
,0.0,0.0,0.0,0.0,0.0,0.0,0.0,0.0,0.18,0.11,1.0,1.0,U90152,768
,0.0,0.0,0.0,0.0,0.0,0.0,0.0,0.0,0.2,0.13,1.0,1.0,U31934,768
,0.0,0.0,0.0,0.0,0.0,0.0,0.0,0.0,0.12,0.06,1.0,1.0,U57717,768
,0.0,0.0,0.0,0.0,0.0,0.0,0.0,0.0,0.18,0.11,1.0,1.0,U79688,768
,0.0,0.0,0.0,0.0,0.0,0.0,0.0,0.0,0.12,0.07,1.0,1.0,U11713,768
,0.0,0.0,0.0,0.0,0.0,0.0,0.0,0.0,0.16,0.12,1.0,1.0,U77781,768
,0.0,0.0,0.0,0.0,0.0,0.0,0.0,0.0,0.06,0.03,1.0,1.0,U36084,768
,0.0,0.0,0.0,0.0,0.0,0.0,0.0,0.0,0.12,0.07,1.0,1.0,U26167,768
,0.0,0.0,0.0,0.0,0.0,0.0,0.0,0.0,0.04,0.02,1.0,1.0,U82966,768
,0.0,0.0,0.0,0.0,0.0,0.0,0.0,0.0,0.18,0.12,1.0,1.0,U59469,768
,0.0,0.0,0.0,0.0,0.0,0.0,0.0,0.0,0.04,0.03,1.0,1.0,U27842,768
,0.0,0.0,0.0,0.0,0.0,0.0,0.0,0.0,0.16,0.1,1.0,1.0,U19572,768
,0.0,0.0,0.0,0.0,0.0,0.0,0.0,0.0,0.16,0.09,1.0,1.0,U25752,768
,0.0,0.0,0.0,0.0,0.0,0.0,0.0,0.0,0.12,0.06,1.0,1.0,U52181,768
,0.0,0.0,0.0,0.0,0.0,0.0,0.0,0.0,0.2,0.12,1.0,1.0,U35279,768
,0.0,0.0,0.0,0.0,0.0,0.0,0.0,0.0,0.22,0.12,1.0,1.0,U85360,768
,0.0,0.0,0.0,0.0,0.0,0.0,0.0,0.0,0.24,0.13,1.0,1.0,U91761,768
,0.0,0.0,0.0,0.0,0.0,0.0,0.0,0.0,0.16,0.1,1.0,1.0,U7096,768
,0.0,0.0,0.0,0.0,0.0,0.0,0.0,0.0,0.1,0.07,1.0,1.0,U80195,768
,0.0,0.0,0.0,0.0,0.0,0.0,0.0,0.0,0.18,0.11,1.0,1.0,U55726,768
,0.0,0.0,0.0,0.0,0.0,0.0,0.0,0.0,0.16,0.09,1.0,1.0,U68647,768
,0.0,0.0,0.0,0.0,0.0,0.0,0.0,0.0,0.2,0.12,1.0,1.0,U93205,768
,0.0,0.0,0.0,0.0,0.0,0.0,0.0,0.0,0.18,0.1,1.0,1.0,U21836,768
0.04522613065326633,0.005235602094240838,0.0,0.0,0.0,0.0,0.0,0.0,0.5,0.2,0.1,1.0,1.0,U93329,768
,0.0,0.0,0.0,0.0,0.0,0.0,0.0,0.0,0.18,0.11,1.0,1.0,U44063,768
,0.0,0.0,0.0,0.0,0.0,0.0,0.0,0.0,0.22,0.12,1.0,1.0,U17437,768
,0.0,0.0,0.0,0.0,0.0,0.0,0.0,0.0,0.08,0.05,1.0,1.0,U35573,768
,0.0,0.0,0.0,0.0,0.0,0.0,0.0,0.0,0.14,0.11,1.0,1.0,U91252,768
,0.0,0.0,0.0,0.0,0.0,0.0,0.0,0.0,0.1,0.08,1.0,1.0,U62555,768
,0.0,0.0,0.0,0.0,0.0,0.0,0.0,0.0,0.12,0.08,1.0,1.0,U50991,768
0.32160804020100503,0.007352941176470588,0.0,0.0,0.0,0.0,0.0,0.0,0.14285714285714285,0.22,0.12,1.0,1.0,U11356,768
,0.0,0.0,0.0,0.0,0.0,0.0,0.0,0.0,0.08,0.06,1.0,1.0,U54810,768
,0.0,0.0,0.0,0.0,0.0,0.0,0.0,0.0,0.12,0.08,1.0,1.0,U7257,768
,0.0,0.0,0.0,0.0,0.0,0.0,0.0,0.0,0.18,0.1,1.0,1.0,U3747,768
,0.0,0.0,0.0,0.0,0.0,0.0,0.0,0.0,0.18,0.13,1.0,1.0,U5288,768
,0.0,0.0,0.0,0.0,0.0,0.0,0.0,0.0,0.2,0.11,1.0,1.0,U83188,768
,0.0,0.0,0.0,0.0,0.0,0.0,0.0,0.0,0.22,0.11,1.0,1.0,U55557,768
,0.0,0.0,0.0,0.0,0.0,0.0,0.0,0.0,0.2,0.12,1.0,1.0,U84590,768
,0.0,0.0,0.0,0.0,0.0,0.0,0.0,0.0,0.16,0.1,1.0,1.0,U26116,768
,0.0,0.0,0.0,0.0,0.0,0.0,0.0,0.0,0.12,0.07,1.0,1.0,U28129,768
,0.0,0.0,0.0,0.0,0.0,0.0,0.0,0.0,0.06,0.05,1.0,1.0,U69133,768
,0.0,0.0,0.0,0.0,0.0,0.0,0.0,0.0,0.04,0.02,1.0,1.0,U67444,768
,0.0,0.0,0.0,0.0,0.0,0.0,0.0,0.0,0.1,0.07,1.0,1.0,U50136,768
,0.0,0.0,0.0,0.0,0.0,0.0,0.0,0.0,0.16,0.09,1.0,1.0,U3098,768
,0.0,0.0,0.0,0.0,0.0,0.0,0.0,0.0,0.14,0.08,1.0,1.0,U26637,768
,0.0,0.0,0.0,0.0,0.0,0.0,0.0,0.0,0.1,0.09,1.0,1.0,U22439,768
,0.0,0.0,0.0,0.0,0.0,0.0,0.0,0.0,0.16,0.11,1.0,1.0,U67209,768
,0.0,0.0,0.0,0.0,0.0,0.0,0.0,0.0,0.14,0.1,1.0,1.0,U59500,768
,0.0,0.0,0.0,0.0,0.0,0.0,0.0,0.0,0.16,0.08,1.0,1.0,U36870,768
,0.0,0.0,0.0,0.0,0.0,0.0,0.0,0.0,0.12,0.09,1.0,1.0,U67136,768
,0.0,0.0,0.0,0.0,0.0,0.0,0.0,0.0,0.2,0.13,1.0,1.0,U12582,0
,0.0,0.0,0.0,0.0,0.0,0.0,0.0,0.0,0.18,0.12,1.0,1.0,U32328,768
,0.0,0.0,0.0,0.0,0.0,0.0,0.0,0.0,0.02,0.01,1.0,1.0,U62800,768
,0.0,0.0,0.0,0.0,0.0,0.0,0.0,0.0,0.22,0.13,1.0,1.0,U89884,768
,0.0,0.0,0.0,0.0,0.0,0.0,0.0,0.0,0.06,0.03,1.0,1.0,U15927,768
,0.0,0.0,0.0,0.0,0.0,0.0,0.0,0.0,0.14,0.11,1.0,1.0,U67535,768
,0.0,0.0,0.0,0.0,0.0,0.0,0.0,0.0,0.2,0.11,1.0,1.0,U67099,768
,0.0,0.0,0.0,0.0,0.0,0.0,0.0,0.0,0.06,0.03,1.0,1.0,U35396,768
,0.0,0.0,0.0,0.0,0.0,0.0,0.0,0.0,0.18,0.1,1.0,1.0,U39822,768
,0.0,0.0,0.0,0.0,0.0,0.0,0.0,0.0,0.16,0.09,1.0,1.0,U86746,768
,0.0,0.0,0.0,0.0,0.0,0.0,0.0,0.0,0.14,0.08,1.0,1.0,U7523,768
,0.0,0.0,0.0,0.0,0.0,0.0,0.0,0.0,0.2,0.11,1.0,1.0,U9417,768
,0.0,0.0,0.0,0.0,0.0,0.0,0.0,0.0,0.08,0.07,1.0,1.0,U93746,768
,0.0,0.0,0.0,0.0,0.0,0.0,0.0,0.0,0.18,0.12,1.0,1.0,U67488,768
,0.0,0.0,0.0,0.0,0.0,0.0,0.0,0.0,0.04,0.02,1.0,1.0,U86363,768
,0.0,0.0,0.0,0.0,0.0,0.0,0.0,0.0,0.1,0.05,1.0,1.0,U84170,768
,0.0,0.0,0.0,0.0,0.0,0.0,0.0,0.0,0.04,0.03,1.0,1.0,U57039,768
0.7512562814070352,0.0196078431372549,0.0,0.0,0.0,0.0,0.0,1.0,1.0,0.22,0.11,1.0,1.0,U9606,768
,0.0,0.0,0.0,0.0,0.0,0.0,0.0,0.0,0.2,0.12,1.0,1.0,U81478,768
,0.0,0.0,0.0,0.0,0.0,0.0,0.0,0.0,0.14,0.12,1.0,1.0,U23297,768
0.48743718592964824,0.009708737864077669,0.0,0.0,0.0,0.0,0.0,0.0,0.125,0.2,0.11,1.0,1.0,U84072,768
,0.0,0.0,0.0,0.0,0.0,0.0,0.0,0.0,0.06,0.05,1.0,1.0,U48643,768
,0.0,0.0,0.0,0.0,0.0,0.0,0.0,0.0,0.12,0.12,1.0,1.0,U29826,768
,0.0,0.0,0.0,0.0,0.0,0.0,0.0,0.0,0.22,0.14,1.0,1.0,U24360,768
,0.0,0.0,0.0,0.0,0.0,0.0,0.0,0.0,0.06,0.03,1.0,1.0,U8562,768
,0.0,0.0,0.0,0.0,0.0,0.0,0.0,0.0,0.18,0.12,1.0,1.0,U49335,768
,0.0,0.0,0.0,0.0,0.0,0.0,0.0,0.0,0.16,0.1,1.0,1.0,U65241,768
,0.0,0.0,0.0,0.0,0.0,0.0,0.0,0.0,0.18,0.1,1.0,1.0,U15561,768
,0.0,0.0,0.0,0.0,0.0,0.0,0.0,0.0,0.18,0.12,1.0,1.0,U92622,768
,0.0,0.0,0.0,0.0,0.0,0.0,0.0,0.0,0.18,0.11,1.0,1.0,U74065,768
,0.0,0.0,0.0,0.0,0.0,0.0,0.0,0.0,0.2,0.11,1.0,1.0,U24948,768
,0.0,0.0,0.0,0.0,0.0,0.0,0.0,0.0,0.14,0.09,1.0,1.0,U49267,768
,0.0,0.0,0.0,0.0,0.0,0.0,0.0,0.0,0.12,0.09,1.0,1.0,U15015,768
,0.0,0.0,0.0,0.0,0.0,0.0,0.0,0.0,0.18,0.11,1.0,1.0,U45664,768
0.648989898989899,0.029411764705882353,0.0,0.0,0.0,0.0,0.3333333333333333,0.3333333333333333,0.6666666666666666,0.14,0.07,1.0,1.0,U72404,768
,0.0,0.0,0.0,0.0,0.0,0.0,0.0,0.0,0.26,0.13,1.0,1.0,U28177,0
,0.0,0.0,0.0,0.0,0.0,0.0,0.0,0.0,0.16,0.12,1.0,1.0,U35676,768
,0.0,0.0,0.0,0.0,0.0,0.0,0.0,0.0,0.14,0.08,1.0,1.0,U82681,768
,0.0,0.0,0.0,0.0,0.0,0.0,0.0,0.0,0.08,0.05,1.0,1.0,U68684,768
,0.0,0.0,0.0,0.0,0.0,0.0,0.0,0.0,0.1,0.06,1.0,1.0,U9072,768
,0.0,0.0,0.0,0.0,0.0,0.0,0.0,0.0,0.04,0.02,1.0,1.0,U75057,768
,0.0,0.0,0.0,0.0,0.0,0.0,0.0,0.0,0.2,0.13,1.0,1.0,U75024,768
,0.0,0.0,0.0,0.0,0.0,0.0,0.0,0.0,0.12,0.09,1.0,1.0,U31144,768
,0.0,0.0,0.0,0.0,0.0,0.0,0.0,0.0,0.18,0.12,1.0,1.0,U28058,768
,0.0,0.0,0.0,0.0,0.0,0.0,0.0,0.0,0.12,0.12,1.0,1.0,U55701,768
,0.0,0.0,0.0,0.0,0.0,0.0,0.0,0.0,0.08,0.07,1.0,1.0,U45599,768
,0.0,0.0,0.0,0.0,0.0,0.0,0.0,0.0,0.04,0.02,1.0,1.0,U43659,768
,0.0,0.0,0.0,0.0,0.0,0.0,0.0,0.0,0.02,0.02,1.0,1.0,U69251,768
,0.0,0.0,0.0,0.0,0.0,0.0,0.0,0.0,0.1,0.05,1.0,1.0,U81135,768
,0.0,0.0,0.0,0.0,0.0,0.0,0.0,0.0,0.16,0.09,1.0,1.0,U78153,768
,0.0,0.0,0.0,0.0,0.0,0.0,0.0,0.0,0.14,0.09,1.0,1.0,U32285,768
,0.0,0.0,0.0,0.0,0.0,0.0,0.0,0.0,0.2,0.1,1.0,1.0,U32347,768
,0.0,0.0,0.0,0.0,0.0,0.0,0.0,0.0,0.08,0.06,1.0,1.0,U46922,768
,0.0,0.0,0.0,0.0,0.0,0.0,0.0,0.0,0.2,0.11,1.0,1.0,U85606,768
,0.0,0.0,0.0,0.0,0.0,0.0,0.0,0.0,0.12,0.07,1.0,1.0,U43651,768
,0.0,0.0,0.0,0.0,0.0,0.0,0.0,0.0,0.18,0.09,1.0,1.0,U35527,768
,0.0,0.0,0.0,0.0,0.0,0.0,0.0,0.0,0.08,0.04,1.0,1.0,U8857,768
,0.0,0.0,0.0,0.0,0.0,0.0,0.0,0.0,0.14,0.1,1.0,1.0,U1163,768
,0.0,0.0,0.0,0.0,0.0,0.0,0.0,0.0,0.2,0.1,1.0,1.0,U67284,768
,0.0,0.0,0.0,0.0,0.0,0.0,0.0,0.0,0.04,0.02,1.0,1.0,U22778,768
,0.0,0.0,0.0,0.0,0.0,0.0,0.0,0.0,0.14,0.08,1.0,1.0,U76036,768
,0.0,0.0,0.0,0.0,0.0,0.0,0.0,0.0,0.2,0.13,1.0,1.0,U12485,768
,0.0,0.0,0.0,0.0,0.0,0.0,0.0,0.0,0.14,0.08,1.0,1.0,U2516,768
,0.0,0.0,0.0,0.0,0.0,0.0,0.0,0.0,0.08,0.09,1.0,1.0,U50486,768
,0.0,0.0,0.0,0.0,0.0,0.0,0.0,0.0,0.18,0.1,1.0,1.0,U1305,768
,0.0,0.0,0.0,0.0,0.0,0.0,0.0,0.0,0.18,0.1,1.0,1.0,U33407,768
,0.0,0.0,0.0,0.0,0.0,0.0,0.0,0.0,0.12,0.08,1.0,1.0,U50887,768
,0.0,0.0,0.0,0.0,0.0,0.0,0.0,0.0,0.12,0.08,1.0,1.0,U89406,768
,0.0,0.0,0.0,0.0,0.0,0.0,0.0,0.0,0.12,0.07,1.0,1.0,U80377,768
,0.0,0.0,0.0,0.0,0.0,0.0,0.0,0.0,0.16,0.12,1.0,1.0,U47569,768
,0.0,0.0,0.0,0.0,0.0,0.0,0.0,0.0,0.22,0.12,1.0,1.0,U9564,768
,0.0,0.0,0.0,0.0,0.0,0.0,0.0,0.0,0.06,0.03,1.0,1.0,U67721,768
,0.0,0.0,0.0,0.0,0.0,0.0,0.0,0.0,0.2,0.1,1.0,1.0,U1215,768
,0.0,0.0,0.0,0.0,0.0,0.0,0.0,0.0,0.12,0.1,1.0,1.0,U70274,768
,0.0,0.0,0.0,0.0,0.0,0.0,0.0,0.0,0.06,0.04,1.0,1.0,U93780,768
,0.0,0.0,0.0,0.0,0.0,0.0,0.0,0.0,0.16,0.1,1.0,1.0,U13944,768
,0.0,0.0,0.0,0.0,0.0,0.0,0.0,0.0,0.12,0.1,1.0,1.0,U10201,768
,0.0,0.0,0.0,0.0,0.0,0.0,0.0,0.0,0.14,0.08,1.0,1.0,U39338,768
,0.0,0.0,0.0,0.0,0.0,0.0,0.0,0.0,0.2,0.11,1.0,1.0,U51693,768
,0.0,0.0,0.0,0.0,0.0,0.0,0.0,0.0,0.2,0.12,1.0,1.0,U71913,768
,0.0,0.0,0.0,0.0,0.0,0.0,0.0,0.0,0.18,0.1,1.0,1.0,U36633,768
,0.0,0.0,0.0,0.0,0.0,0.0,0.0,0.0,0.2,0.11,1.0,1.0,U39842,768
,0.0,0.0,0.0,0.0,0.0,0.0,0.0,0.0,0.2,0.11,1.0,1.0,U77111,768
,0.0,0.0,0.0,0.0,0.0,0.0,0.0,0.0,0.18,0.11,1.0,1.0,U85113,768
,0.0,0.0,0.0,0.0,0.0,0.0,0.0,0.0,0.1,0.07,1.0,1.0,U23026,768
,0.0,0.0,0.0,0.0,0.0,0.0,0.0,0.0,0.12,0.11,1.0,1.0,U88286,768
0.24623115577889448,0.006622516556291391,0.0,0.0,0.0,0.0,0.0,0.0,0.2,0.22,0.12,1.0,1.0,U56500,768
,0.0,0.0,0.0,0.0,0.0,0.0,0.0,0.0,0.14,0.11,1.0,1.0,U38466,768
,0.0,0.0,0.0,0.0,0.0,0.0,0.0,0.0,0.16,0.09,1.0,1.0,U54971,768
,0.0,0.0,0.0,0.0,0.0,0.0,0.0,0.0,0.14,0.09,1.0,1.0,U76298,768
,0.0,0.0,0.0,0.0,0.0,0.0,0.0,0.0,0.08,0.08,1.0,1.0,U24054,768
,0.0,0.0,0.0,0.0,0.0,0.0,0.0,0.0,0.04,0.02,1.0,1.0,U57324,768
,0.0,0.0,0.0,0.0,0.0,0.0,0.0,0.0,0.14,0.09,1.0,1.0,U70606,768
,0.0,0.0,0.0,0.0,0.0,0.0,0.0,0.0,0.2,0.12,1.0,1.0,U39783,768
,0.0,0.0,0.0,0.0,0.0,0.0,0.0,0.0,0.22,0.12,1.0,1.0,U13608,768
,0.0,0.0,0.0,0.0,0.0,0.0,0.0,0.0,0.2,0.12,1.0,1.0,U57265,768
,0.0,0.0,0.0,0.0,0.0,0.0,0.0,0.0,0.2,0.11,1.0,1.0,U71938,768
,0.0,0.0,0.0,0.0,0.0,0.0,0.0,0.0,0.1,0.09,1.0,1.0,U14740,768
0.7939698492462312,0.023809523809523808,0.0,0.0,0.0,0.0,0.5,0.5,0.5,0.22,0.12,1.0,1.0,U76291,768
,0.0,0.0,0.0,0.0,0.0,0.0,0.0,0.0,0.1,0.06,1.0,1.0,U66711,768
,0.0,0.0,0.0,0.0,0.0,0.0,0.0,0.0,0.12,0.07,1.0,1.0,U72701,768
,0.0,0.0,0.0,0.0,0.0,0.0,0.0,0.0,0.18,0.12,1.0,1.0,U49080,768
,0.0,0.0,0.0,0.0,0.0,0.0,0.0,0.0,0.14,0.09,1.0,1.0,U50537,768
,0.0,0.0,0.0,0.0,0.0,0.0,0.0,0.0,0.02,0.03,1.0,1.0,U51250,768
,0.0,0.0,0.0,0.0,0.0,0.0,0.0,0.0,0.24,0.13,1.0,1.0,U93292,768
,0.0,0.0,0.0,0.0,0.0,0.0,0.0,0.0,0.18,0.11,1.0,1.0,U57196,768
,0.0,0.0,0.0,0.0,0.0,0.0,0.0,0.0,0.12,0.1,1.0,1.0,U89353,768
,0.0,0.0,0.0,0.0,0.0,0.0,0.0,0.0,0.04,0.02,1.0,1.0,U74207,768
,0.0,0.0,0.0,0.0,0.0,0.0,0.0,0.0,0.18,0.1,1.0,1.0,U60657,768
,0.0,0.0,0.0,0.0,0.0,0.0,0.0,0.0,0.2,0.11,1.0,1.0,U59440,768
,0.0,0.0,0.0,0.0,0.0,0.0,0.0,0.0,0.04,0.02,1.0,1.0,U44973,768
,0.0,0.0,0.0,0.0,0.0,0.0,0.0,0.0,0.16,0.09,1.0,1.0,U914,768
,0.0,0.0,0.0,0.0,0.0,0.0,0.0,0.0,0.12,0.1,1.0,1.0,U22222,768
0.31155778894472363,0.007246376811594203,0.0,0.0,0.0,0.0,0.0,0.0,1.0,0.06,0.04,1.0,1.0,U93489,768
,0.0,0.0,0.0,0.0,0.0,0.0,0.0,0.0,0.2,0.11,1.0,1.0,U73930,768
,0.0,0.0,0.0,0.0,0.0,0.0,0.0,0.0,0.06,0.06,1.0,1.0,U63944,768
,0.0,0.0,0.0,0.0,0.0,0.0,0.0,0.0,0.2,0.11,1.0,1.0,U21569,768
,0.0,0.0,0.0,0.0,0.0,0.0,0.0,0.0,0.16,0.08,1.0,1.0,U53562,768
,0.0,0.0,0.0,0.0,0.0,0.0,0.0,0.0,0.16,0.09,1.0,1.0,U89067,768
,0.0,0.0,0.0,0.0,0.0,0.0,0.0,0.0,0.08,0.05,1.0,1.0,U70330,768
,0.0,0.0,0.0,0.0,0.0,0.0,0.0,0.0,0.12,0.08,1.0,1.0,U32021,768
,0.0,0.0,0.0,0.0,0.0,0.0,0.0,0.0,0.08,0.07,1.0,1.0,U16125,768
,0.0,0.0,0.0,0.0,0.0,0.0,0.0,0.0,0.12,0.08,1.0,1.0,U32829,768
,0.0,0.0,0.0,0.0,0.0,0.0,0.0,0.0,0.16,0.1,1.0,1.0,U91483,768
0.23115577889447236,0.006493506493506494,0.0,0.0,0.0,0.0,0.0,0.0,0.2,0.18,0.11,1.0,1.0,U74084,768
,0.0,0.0,0.0,0.0,0.0,0.0,0.0,0.0,0.1,0.07,1.0,1.0,U8731,768
,0.0,0.0,0.0,0.0,0.0,0.0,0.0,0.0,0.16,0.1,1.0,1.0,U65882,768
,0.0,0.0,0.0,0.0,0.0,0.0,0.0,0.0,0.14,0.1,1.0,1.0,U4936,768
,0.0,0.0,0.0,0.0,0.0,0.0,0.0,0.0,0.06,0.03,1.0,1.0,U78218,768
,0.0,0.0,0.0,0.0,0.0,0.0,0.0,0.0,0.12,0.1,1.0,1.0,U76811,768
,0.0,0.0,0.0,0.0,0.0,0.0,0.0,0.0,0.18,0.11,1.0,1.0,U77134,768
,0.0,0.0,0.0,0.0,0.0,0.0,0.0,0.0,0.2,0.13,1.0,1.0,U11075,768
,0.0,0.0,0.0,0.0,0.0,0.0,0.0,0.0,0.02,0.04,1.0,1.0,U40312,768
,0.0,0.0,0.0,0.0,0.0,0.0,0.0,0.0,0.08,0.06,1.0,1.0,U53971,768
,0.0,0.0,0.0,0.0,0.0,0.0,0.0,0.0,0.14,0.07,1.0,1.0,U58091,768
,0.0,0.0,0.0,0.0,0.0,0.0,0.0,0.0,0.14,0.08,1.0,1.0,U62904,768
,0.0,0.0,0.0,0.0,0.0,0.0,0.0,0.0,0.22,0.12,1.0,1.0,U72353,768
,0.0,0.0,0.0,0.0,0.0,0.0,0.0,0.0,0.04,0.03,1.0,1.0,U60524,768
,0.0,0.0,0.0,0.0,0.0,0.0,0.0,0.0,0.12,0.09,1.0,1.0,U47560,768
,0.0,0.0,0.0,0.0,0.0,0.0,0.0,0.0,0.08,0.07,1.0,1.0,U47169,768
,0.0,0.0,0.0,0.0,0.0,0.0,0.0,0.0,0.12,0.08,1.0,1.0,U68503,768
,0.0,0.0,0.0,0.0,0.0,0.0,0.0,0.0,0.18,0.11,1.0,1.0,U19367,768
,0.0,0.0,0.0,0.0,0.0,0.0,0.0,0.0,0.14,0.08,1.0,1.0,U82692,768
,0.0,0.0,0.0,0.0,0.0,0.0,0.0,0.0,0.24,0.13,1.0,1.0,U81356,0
,0.0,0.0,0.0,0.0,0.0,0.0,0.0,0.0,0.18,0.1,1.0,1.0,U73479,768
,0.0,0.0,0.0,0.0,0.0,0.0,0.0,0.0,0.18,0.1,1.0,1.0,U61402,768
,0.0,0.0,0.0,0.0,0.0,0.0,0.0,0.0,0.18,0.11,1.0,1.0,U69253,768
,0.0,0.0,0.0,0.0,0.0,0.0,0.0,0.0,0.08,0.04,1.0,1.0,U50621,768
,0.0,0.0,0.0,0.0,0.0,0.0,0.0,0.0,0.1,0.07,1.0,1.0,U33394,768
,0.0,0.0,0.0,0.0,0.0,0.0,0.0,0.0,0.22,0.12,1.0,1.0,U48727,768
,0.0,0.0,0.0,0.0,0.0,0.0,0.0,0.0,0.14,0.13,1.0,1.0,U43033,768
,0.0,0.0,0.0,0.0,0.0,0.0,0.0,0.0,0.18,0.11,1.0,1.0,U33471,768
0.7185929648241206,0.017543859649122806,0.0,0.0,0.0,0.0,0.0,1.0,1.0,0.1,0.09,1.0,1.0,U45545,768
,0.0,0.0,0.0,0.0,0.0,0.0,0.0,0.0,0.18,0.1,1.0,1.0,U2132,768
,0.0,0.0,0.0,0.0,0.0,0.0,0.0,0.0,0.02,0.03,1.0,1.0,U17425,768
0.4824120603015075,0.009615384615384616,0.0,0.0,0.0,0.0,0.0,0.0,0.1111111111111111,0.18,0.12,1.0,1.0,U41538,768
,0.0,0.0,0.0,0.0,0.0,0.0,0.0,0.0,0.16,0.1,1.0,1.0,U61228,768
,0.0,0.0,0.0,0.0,0.0,0.0,0.0,0.0,0.14,0.09,1.0,1.0,U40736,768
,0.0,0.0,0.0,0.0,0.0,0.0,0.0,0.0,0.16,0.09,1.0,1.0,U84724,768
,0.0,0.0,0.0,0.0,0.0,0.0,0.0,0.0,0.08,0.05,1.0,1.0,U60377,768
,0.0,0.0,0.0,0.0,0.0,0.0,0.0,0.0,0.12,0.06,1.0,1.0,U55556,768
,0.0,0.0,0.0,0.0,0.0,0.0,0.0,0.0,0.06,0.04,1.0,1.0,U27128,768
,0.0,0.0,0.0,0.0,0.0,0.0,0.0,0.0,0.16,0.1,1.0,1.0,U76411,768
0.9246231155778895,0.0625,0.0,0.0,0.0,0.0,0.3333333333333333,0.3333333333333333,0.3333333333333333,0.2,0.1,1.0,1.0,U64666,768
,0.0,0.0,0.0,0.0,0.0,0.0,0.0,0.0,0.18,0.1,1.0,1.0,U72292,768
,0.0,0.0,0.0,0.0,0.0,0.0,0.0,0.0,0.2,0.11,1.0,1.0,U14886,768
,0.0,0.0,0.0,0.0,0.0,0.0,0.0,0.0,0.12,0.09,1.0,1.0,U26616,768
,0.0,0.0,0.0,0.0,0.0,0.0,0.0,0.0,0.14,0.11,1.0,1.0,U43466,768
,0.0,0.0,0.0,0.0,0.0,0.0,0.0,0.0,0.18,0.1,1.0,1.0,U70795,768
,0.0,0.0,0.0,0.0,0.0,0.0,0.0,0.0,0.18,0.13,1.0,1.0,U30364,768
,0.0,0.0,0.0,0.0,0.0,0.0,0.0,0.0,0.14,0.12,1.0,1.0,U80905,768
0.4221105527638191,0.008620689655172414,0.0,0.0,0.0,0.0,0.0,0.0,0.08333333333333333,0.18,0.12,1.0,1.0,U66082,768
,0.0,0.0,0.0,0.0,0.0,0.0,0.0,0.0,0.12,0.09,1.0,1.0,U90503,768
,0.0,0.0,0.0,0.0,0.0,0.0,0.0,0.0,0.08,0.08,1.0,1.0,U29817,768
,0.0,0.0,0.0,0.0,0.0,0.0,0.0,0.0,0.04,0.05,1.0,1.0,U38934,768
,0.0,0.0,0.0,0.0,0.0,0.0,0.0,0.0,0.12,0.08,1.0,1.0,U3093,768
,0.0,0.0,0.0,0.0,0.0,0.0,0.0,0.0,0.16,0.12,1.0,1.0,U41217,768
,0.0,0.0,0.0,0.0,0.0,0.0,0.0,0.0,0.22,0.12,1.0,1.0,U268,768
,0.0,0.0,0.0,0.0,0.0,0.0,0.0,0.0,0.22,0.12,1.0,1.0,U56042,768
0.6482412060301508,0.014084507042253521,0.0,0.0,0.0,0.0,0.0,0.16666666666666666,0.16666666666666666,0.2,0.13,1.0,1.0,U49859,768
,0.0,0.0,0.0,0.0,0.0,0.0,0.0,0.0,0.14,0.11,1.0,1.0,U46407,768
,0.0,0.0,0.0,0.0,0.0,0.0,0.0,0.0,0.1,0.09,1.0,1.0,U74667,768
,0.0,0.0,0.0,0.0,0.0,0.0,0.0,0.0,0.16,0.11,1.0,1.0,U84737,768
,0.0,0.0,0.0,0.0,0.0,0.0,0.0,0.0,0.12,0.06,1.0,1.0,U12001,768
,0.0,0.0,0.0,0.0,0.0,0.0,0.0,0.0,0.06,0.05,1.0,1.0,U15347,768
,0.0,0.0,0.0,0.0,0.0,0.0,0.0,0.0,0.16,0.1,1.0,1.0,U51343,768
,0.0,0.0,0.0,0.0,0.0,0.0,0.0,0.0,0.24,0.12,1.0,1.0,U67308,768
,0.0,0.0,0.0,0.0,0.0,0.0,0.0,0.0,0.2,0.12,1.0,1.0,U49288,0
,0.0,0.0,0.0,0.0,0.0,0.0,0.0,0.0,0.12,0.12,1.0,1.0,U18159,768
,0.0,0.0,0.0,0.0,0.0,0.0,0.0,0.0,0.12,0.07,1.0,1.0,U40908,768
,0.0,0.0,0.0,0.0,0.0,0.0,0.0,0.0,0.08,0.08,1.0,1.0,U79757,768
,0.0,0.0,0.0,0.0,0.0,0.0,0.0,0.0,0.04,0.03,1.0,1.0,U15404,768
,0.0,0.0,0.0,0.0,0.0,0.0,0.0,0.0,0.12,0.09,1.0,1.0,U76249,768
,0.0,0.0,0.0,0.0,0.0,0.0,0.0,0.0,0.22,0.12,1.0,1.0,U20021,0
,0.0,0.0,0.0,0.0,0.0,0.0,0.0,0.0,0.16,0.09,1.0,1.0,U62359,768
,0.0,0.0,0.0,0.0,0.0,0.0,0.0,0.0,0.06,0.05,1.0,1.0,U43513,768
,0.0,0.0,0.0,0.0,0.0,0.0,0.0,0.0,0.04,0.03,1.0,1.0,U56659,768
,0.0,0.0,0.0,0.0,0.0,0.0,0.0,0.0,0.16,0.11,1.0,1.0,U74125,768
,0.0,0.0,0.0,0.0,0.0,0.0,0.0,0.0,0.22,0.12,1.0,1.0,U77749,768
,0.0,0.0,0.0,0.0,0.0,0.0,0.0,0.0,0.18,0.1,1.0,1.0,U53689,768
,0.0,0.0,0.0,0.0,0.0,0.0,0.0,0.0,0.2,0.11,1.0,1.0,U31622,768
,0.0,0.0,0.0,0.0,0.0,0.0,0.0,0.0,0.18,0.11,1.0,1.0,U4126,768
,0.0,0.0,0.0,0.0,0.0,0.0,0.0,0.0,0.1,0.07,1.0,1.0,U27407,768
,0.0,0.0,0.0,0.0,0.0,0.0,0.0,0.0,0.02,0.03,1.0,1.0,U68180,768
,0.0,0.0,0.0,0.0,0.0,0.0,0.0,0.0,0.16,0.09,1.0,1.0,U48790,768
,0.0,0.0,0.0,0.0,0.0,0.0,0.0,0.0,0.12,0.08,1.0,1.0,U80283,768
,0.0,0.0,0.0,0.0,0.0,0.0,0.0,0.0,0.16,0.11,1.0,1.0,U24079,768
,0.0,0.0,0.0,0.0,0.0,0.0,0.0,0.0,0.12,0.08,1.0,1.0,U17973,768
,0.0,0.0,0.0,0.0,0.0,0.0,0.0,0.0,0.12,0.1,1.0,1.0,U23376,768
,0.0,0.0,0.0,0.0,0.0,0.0,0.0,0.0,0.1,0.1,1.0,1.0,U838,768
0.8542713567839196,0.03333333333333333,0.0,0.0,0.0,0.0,0.16666666666666666,0.16666666666666666,0.16666666666666666,0.14,0.08,1.0,1.0,U86450,768
,0.0,0.0,0.0,0.0,0.0,0.0,0.0,0.0,0.14,0.1,1.0,1.0,U68777,768
,0.0,0.0,0.0,0.0,0.0,0.0,0.0,0.0,0.12,0.1,1.0,1.0,U80407,768
,0.0,0.0,0.0,0.0,0.0,0.0,0.0,0.0,0.14,0.08,1.0,1.0,U52248,768
,0.0,0.0,0.0,0.0,0.0,0.0,0.0,0.0,0.16,0.13,1.0,1.0,U64690,768
,0.0,0.0,0.0,0.0,0.0,0.0,0.0,0.0,0.18,0.11,1.0,1.0,U71364,768
,0.0,0.0,0.0,0.0,0.0,0.0,0.0,0.0,0.06,0.03,1.0,1.0,U33489,768
,0.0,0.0,0.0,0.0,0.0,0.0,0.0,0.0,0.22,0.12,1.0,1.0,U32989,768
0.6180904522613065,0.012987012987012988,0.0,0.0,0.0,0.0,0.0,0.5,0.5,0.04,0.02,1.0,1.0,U61688,768
,0.0,0.0,0.0,0.0,0.0,0.0,0.0,0.0,0.02,0.02,1.0,1.0,U61487,768
,0.0,0.0,0.0,0.0,0.0,0.0,0.0,0.0,0.2,0.14,1.0,1.0,U92023,768
,0.0,0.0,0.0,0.0,0.0,0.0,0.0,0.0,0.18,0.11,1.0,1.0,U90233,768
,0.0,0.0,0.0,0.0,0.0,0.0,0.0,0.0,0.1,0.1,1.0,1.0,U73931,768
,0.0,0.0,0.0,0.0,0.0,0.0,0.0,0.0,0.14,0.09,1.0,1.0,U85146,768
,0.0,0.0,0.0,0.0,0.0,0.0,0.0,0.0,0.04,0.03,1.0,1.0,U12148,768
,0.0,0.0,0.0,0.0,0.0,0.0,0.0,0.0,0.12,0.09,1.0,1.0,U49437,768
,0.0,0.0,0.0,0.0,0.0,0.0,0.0,0.0,0.12,0.1,1.0,1.0,U82358,768
,0.0,0.0,0.0,0.0,0.0,0.0,0.0,0.0,0.08,0.07,1.0,1.0,U42607,768
,0.0,0.0,0.0,0.0,0.0,0.0,0.0,0.0,0.12,0.09,1.0,1.0,U77735,768
,0.0,0.0,0.0,0.0,0.0,0.0,0.0,0.0,0.16,0.1,1.0,1.0,U93186,768
0.6884422110552764,0.015873015873015872,0.0,0.0,0.0,0.0,0.0,0.5,0.5,0.16,0.11,1.0,1.0,U70561,768
,0.0,0.0,0.0,0.0,0.0,0.0,0.0,0.0,0.12,0.08,1.0,1.0,U12045,768
,0.0,0.0,0.0,0.0,0.0,0.0,0.0,0.0,0.18,0.11,1.0,1.0,U46313,768
,0.0,0.0,0.0,0.0,0.0,0.0,0.0,0.0,0.14,0.11,1.0,1.0,U83020,768
,0.0,0.0,0.0,0.0,0.0,0.0,0.0,0.0,0.1,0.06,1.0,1.0,U16592,768
,0.0,0.0,0.0,0.0,0.0,0.0,0.0,0.0,0.12,0.07,1.0,1.0,U21079,768
,0.0,0.0,0.0,0.0,0.0,0.0,0.0,0.0,0.14,0.11,1.0,1.0,U61595,768
,0.0,0.0,0.0,0.0,0.0,0.0,0.0,0.0,0.18,0.1,1.0,1.0,U49369,768
,0.0,0.0,0.0,0.0,0.0,0.0,0.0,0.0,0.08,0.08,1.0,1.0,U52910,768
,0.0,0.0,0.0,0.0,0.0,0.0,0.0,0.0,0.04,0.02,1.0,1.0,U92214,768
,0.0,0.0,0.0,0.0,0.0,0.0,0.0,0.0,0.12,0.1,1.0,1.0,U42601,768
,0.0,0.0,0.0,0.0,0.0,0.0,0.0,0.0,0.06,0.06,1.0,1.0,U9403,768
,0.0,0.0,0.0,0.0,0.0,0.0,0.0,0.0,0.16,0.1,1.0,1.0,U66857,768
,0.0,0.0,0.0,0.0,0.0,0.0,0.0,0.0,0.08,0.04,1.0,1.0,U53391,768
,0.0,0.0,0.0,0.0,0.0,0.0,0.0,0.0,0.1,0.05,1.0,1.0,U50682,768
,0.0,0.0,0.0,0.0,0.0,0.0,0.0,0.0,0.1,0.07,1.0,1.0,U26724,768
,0.0,0.0,0.0,0.0,0.0,0.0,0.0,0.0,0.14,0.1,1.0,1.0,U51469,768
,0.0,0.0,0.0,0.0,0.0,0.0,0.0,0.0,0.12,0.1,1.0,1.0,U78325,768
,0.0,0.0,0.0,0.0,0.0,0.0,0.0,0.0,0.1,0.07,1.0,1.0,U86980,768
,0.0,0.0,0.0,0.0,0.0,0.0,0.0,0.0,0.06,0.05,1.0,1.0,U10218,768
,0.0,0.0,0.0,0.0,0.0,0.0,0.0,0.0,0.1,0.11,1.0,1.0,U70695,768
,0.0,0.0,0.0,0.0,0.0,0.0,0.0,0.0,0.06,0.04,1.0,1.0,U27411,768
,0.0,0.0,0.0,0.0,0.0,0.0,0.0,0.0,0.14,0.07,1.0,1.0,U54911,768
,0.0,0.0,0.0,0.0,0.0,0.0,0.0,0.0,0.1,0.07,1.0,1.0,U15697,768
,0.0,0.0,0.0,0.0,0.0,0.0,0.0,0.0,0.12,0.11,1.0,1.0,U76902,768
,0.0,0.0,0.0,0.0,0.0,0.0,0.0,0.0,0.06,0.04,1.0,1.0,U43711,768
,0.0,0.0,0.0,0.0,0.0,0.0,0.0,0.0,0.16,0.09,1.0,1.0,U11232,768
,0.0,0.0,0.0,0.0,0.0,0.0,0.0,0.0,0.08,0.06,1.0,1.0,U48141,768
,0.0,0.0,0.0,0.0,0.0,0.0,0.0,0.0,0.2,0.11,1.0,1.0,U75737,768
,0.0,0.0,0.0,0.0,0.0,0.0,0.0,0.0,0.16,0.11,1.0,1.0,U6645,768
,0.0,0.0,0.0,0.0,0.0,0.0,0.0,0.0,0.2,0.11,1.0,1.0,U15921,768
,0.0,0.0,0.0,0.0,0.0,0.0,0.0,0.0,0.04,0.03,1.0,1.0,U30746,768
,0.0,0.0,0.0,0.0,0.0,0.0,0.0,0.0,0.16,0.11,1.0,1.0,U47041,768
,0.0,0.0,0.0,0.0,0.0,0.0,0.0,0.0,0.04,0.07,1.0,1.0,U88927,768
,0.0,0.0,0.0,0.0,0.0,0.0,0.0,0.0,0.12,0.09,1.0,1.0,U14738,768
0.6130653266331658,0.01282051282051282,0.0,0.0,0.0,0.0,0.0,0.2,0.2,0.18,0.1,1.0,1.0,U46919,768
0.9396984924623115,0.07692307692307693,0.0,0.0,0.0,0.0,0.5,0.5,0.5,0.2,0.11,1.0,1.0,U63967,768
,0.0,0.0,0.0,0.0,0.0,0.0,0.0,0.0,0.08,0.05,1.0,1.0,U45881,768
,0.0,0.0,0.0,0.0,0.0,0.0,0.0,0.0,0.12,0.09,1.0,1.0,U90258,768
,0.0,0.0,0.0,0.0,0.0,0.0,0.0,0.0,0.18,0.12,1.0,1.0,U80437,768
,0.0,0.0,0.0,0.0,0.0,0.0,0.0,0.0,0.18,0.09,1.0,1.0,U32524,768
,0.0,0.0,0.0,0.0,0.0,0.0,0.0,0.0,0.16,0.12,1.0,1.0,U14970,768
,0.0,0.0,0.0,0.0,0.0,0.0,0.0,0.0,0.08,0.05,1.0,1.0,U38757,768
,0.0,0.0,0.0,0.0,0.0,0.0,0.0,0.0,0.14,0.07,1.0,1.0,U56573,768
,0.0,0.0,0.0,0.0,0.0,0.0,0.0,0.0,0.06,0.04,1.0,1.0,U45794,768
,0.0,0.0,0.0,0.0,0.0,0.0,0.0,0.0,0.16,0.1,1.0,1.0,U31181,768
,0.0,0.0,0.0,0.0,0.0,0.0,0.0,0.0,0.04,0.02,1.0,1.0,U31836,768
,0.0,0.0,0.0,0.0,0.0,0.0,0.0,0.0,0.2,0.12,1.0,1.0,U30722,768
,0.0,0.0,0.0,0.0,0.0,0.0,0.0,0.0,0.22,0.11,1.0,1.0,U37544,768
,0.0,0.0,0.0,0.0,0.0,0.0,0.0,0.0,0.16,0.11,1.0,1.0,U26905,768
,0.0,0.0,0.0,0.0,0.0,0.0,0.0,0.0,0.14,0.09,1.0,1.0,U53775,768
,0.0,0.0,0.0,0.0,0.0,0.0,0.0,0.0,0.14,0.08,1.0,1.0,U35157,768
,0.0,0.0,0.0,0.0,0.0,0.0,0.0,0.0,0.2,0.12,1.0,1.0,U91903,768
,0.0,0.0,0.0,0.0,0.0,0.0,0.0,0.0,0.18,0.12,1.0,1.0,U28319,768
,0.0,0.0,0.0,0.0,0.0,0.0,0.0,0.0,0.08,0.07,1.0,1.0,U51518,768
,0.0,0.0,0.0,0.0,0.0,0.0,0.0,0.0,0.14,0.1,1.0,1.0,U26090,768
,0.0,0.0,0.0,0.0,0.0,0.0,0.0,0.0,0.2,0.12,1.0,1.0,U83747,768
,0.0,0.0,0.0,0.0,0.0,0.0,0.0,0.0,0.1,0.05,1.0,1.0,U32227,768
,0.0,0.0,0.0,0.0,0.0,0.0,0.0,0.0,0.14,0.08,1.0,1.0,U2579,768
,0.0,0.0,0.0,0.0,0.0,0.0,0.0,0.0,0.14,0.07,1.0,1.0,U92858,768
,0.0,0.0,0.0,0.0,0.0,0.0,0.0,0.0,0.14,0.08,1.0,1.0,U34945,768
,0.0,0.0,0.0,0.0,0.0,0.0,0.0,0.0,0.18,0.12,1.0,1.0,U59111,0
,0.0,0.0,0.0,0.0,0.0,0.0,0.0,0.0,0.1,0.07,1.0,1.0,U40886,768
,0.0,0.0,0.0,0.0,0.0,0.0,0.0,0.0,0.16,0.09,1.0,1.0,U58517,768
,0.0,0.0,0.0,0.0,0.0,0.0,0.0,0.0,0.04,0.04,1.0,1.0,U43292,768
,0.0,0.0,0.0,0.0,0.0,0.0,0.0,0.0,0.2,0.11,1.0,1.0,U9935,0
,0.0,0.0,0.0,0.0,0.0,0.0,0.0,0.0,0.04,0.03,1.0,1.0,U88003,768
,0.0,0.0,0.0,0.0,0.0,0.0,0.0,0.0,0.18,0.11,1.0,1.0,U32711,768
,0.0,0.0,0.0,0.0,0.0,0.0,0.0,0.0,0.16,0.1,1.0,1.0,U49157,768
,0.0,0.0,0.0,0.0,0.0,0.0,0.0,0.0,0.16,0.1,1.0,1.0,U80589,768
,0.0,0.0,0.0,0.0,0.0,0.0,0.0,0.0,0.18,0.11,1.0,1.0,U41969,768
,0.0,0.0,0.0,0.0,0.0,0.0,0.0,0.0,0.02,0.02,1.0,1.0,U53465,768
,0.0,0.0,0.0,0.0,0.0,0.0,0.0,0.0,0.2,0.11,1.0,1.0,U8158,768
0.47738693467336685,0.009523809523809525,0.0,0.0,0.0,0.0,0.0,0.0,0.16666666666666666,0.04,0.04,1.0,1.0,U41974,768
,0.0,0.0,0.0,0.0,0.0,0.0,0.0,0.0,0.02,0.02,1.0,1.0,U84144,768
,0.0,0.0,0.0,0.0,0.0,0.0,0.0,0.0,0.12,0.07,1.0,1.0,U75393,768
0.27638190954773867,0.006896551724137931,0.0,0.0,0.0,0.0,0.0,0.0,0.5,0.16,0.1,1.0,1.0,U77454,768
,0.0,0.0,0.0,0.0,0.0,0.0,0.0,0.0,0.16,0.09,1.0,1.0,U12166,768
,0.0,0.0,0.0,0.0,0.0,0.0,0.0,0.0,0.18,0.11,1.0,1.0,U91584,768
,0.0,0.0,0.0,0.0,0.0,0.0,0.0,0.0,0.16,0.1,1.0,1.0,U78455,768
,0.0,0.0,0.0,0.0,0.0,0.0,0.0,0.0,0.16,0.1,1.0,1.0,U57061,768
,0.0,0.0,0.0,0.0,0.0,0.0,0.0,0.0,0.16,0.09,1.0,1.0,U78709,768
,0.0,0.0,0.0,0.0,0.0,0.0,0.0,0.0,0.14,0.1,1.0,1.0,U66740,768
,0.0,0.0,0.0,0.0,0.0,0.0,0.0,0.0,0.2,0.12,1.0,1.0,U15320,768
,0.0,0.0,0.0,0.0,0.0,0.0,0.0,0.0,0.08,0.04,1.0,1.0,U40407,768
,0.0,0.0,0.0,0.0,0.0,0.0,0.0,0.0,0.18,0.1,1.0,1.0,U76132,768
,0.0,0.0,0.0,0.0,0.0,0.0,0.0,0.0,0.22,0.13,1.0,1.0,U58228,768
,0.0,0.0,0.0,0.0,0.0,0.0,0.0,0.0,0.04,0.03,1.0,1.0,U27583,768
,0.0,0.0,0.0,0.0,0.0,0.0,0.0,0.0,0.14,0.1,1.0,1.0,U90413,768
,0.0,0.0,0.0,0.0,0.0,0.0,0.0,0.0,0.12,0.09,1.0,1.0,U10065,768
,0.0,0.0,0.0,0.0,0.0,0.0,0.0,0.0,0.14,0.09,1.0,1.0,U84496,768
,0.0,0.0,0.0,0.0,0.0,0.0,0.0,0.0,0.14,0.07,1.0,1.0,U26213,768
,0.0,0.0,0.0,0.0,0.0,0.0,0.0,0.0,0.14,0.09,1.0,1.0,U33756,768
,0.0,0.0,0.0,0.0,0.0,0.0,0.0,0.0,0.22,0.14,1.0,1.0,U25193,0
,0.0,0.0,0.0,0.0,0.0,0.0,0.0,0.0,0.22,0.13,1.0,1.0,U1053,768
,0.0,0.0,0.0,0.0,0.0,0.0,0.0,0.0,0.06,0.05,1.0,1.0,U45527,768
0.5276381909547738,0.010526315789473684,0.0,0.0,0.0,0.0,0.0,1.0,1.0,0.08,0.05,1.0,1.0,U5172,768
,0.0,0.0,0.0,0.0,0.0,0.0,0.0,0.0,0.14,0.11,1.0,1.0,U85337,768
,0.0,0.0,0.0,0.0,0.0,0.0,0.0,0.0,0.24,0.13,1.0,1.0,U46134,0
,0.0,0.0,0.0,0.0,0.0,0.0,0.0,0.0,0.06,0.03,1.0,1.0,U80728,768
,0.0,0.0,0.0,0.0,0.0,0.0,0.0,0.0,0.04,0.02,1.0,1.0,U16782,768
,0.0,0.0,0.0,0.0,0.0,0.0,0.0,0.0,0.04,0.02,1.0,1.0,U68359,768
,0.0,0.0,0.0,0.0,0.0,0.0,0.0,0.0,0.14,0.11,1.0,1.0,U83807,768
,0.0,0.0,0.0,0.0,0.0,0.0,0.0,0.0,0.2,0.1,1.0,1.0,U16025,768
,0.0,0.0,0.0,0.0,0.0,0.0,0.0,0.0,0.12,0.1,1.0,1.0,U57692,768
,0.0,0.0,0.0,0.0,0.0,0.0,0.0,0.0,0.04,0.02,1.0,1.0,U84032,768
,0.0,0.0,0.0,0.0,0.0,0.0,0.0,0.0,0.22,0.13,1.0,1.0,U49954,768
0.135678391959799,0.005780346820809248,0.0,0.0,0.0,0.0,0.0,0.0,0.5,0.14,0.1,1.0,1.0,U68673,768
,0.0,0.0,0.0,0.0,0.0,0.0,0.0,0.0,0.2,0.11,1.0,1.0,U32918,768
,0.0,0.0,0.0,0.0,0.0,0.0,0.0,0.0,0.22,0.12,1.0,1.0,U39302,768
,0.0,0.0,0.0,0.0,0.0,0.0,0.0,0.0,0.18,0.11,1.0,1.0,U67545,768
,0.0,0.0,0.0,0.0,0.0,0.0,0.0,0.0,0.22,0.13,1.0,1.0,U6032,768
,0.0,0.0,0.0,0.0,0.0,0.0,0.0,0.0,0.18,0.1,1.0,1.0,U20431,768
,0.0,0.0,0.0,0.0,0.0,0.0,0.0,0.0,0.18,0.09,1.0,1.0,U87578,768
,0.0,0.0,0.0,0.0,0.0,0.0,0.0,0.0,0.14,0.1,1.0,1.0,U84162,768
,0.0,0.0,0.0,0.0,0.0,0.0,0.0,0.0,0.06,0.08,1.0,1.0,U2190,768
,0.0,0.0,0.0,0.0,0.0,0.0,0.0,0.0,0.1,0.1,1.0,1.0,U88697,768
,0.0,0.0,0.0,0.0,0.0,0.0,0.0,0.0,0.12,0.09,1.0,1.0,U25178,768
,0.0,0.0,0.0,0.0,0.0,0.0,0.0,0.0,0.18,0.1,1.0,1.0,U27103,768
,0.0,0.0,0.0,0.0,0.0,0.0,0.0,0.0,0.04,0.04,1.0,1.0,U90823,768
,0.0,0.0,0.0,0.0,0.0,0.0,0.0,0.0,0.04,0.02,1.0,1.0,U55350,768
,0.0,0.0,0.0,0.0,0.0,0.0,0.0,0.0,0.06,0.07,1.0,1.0,U11059,768
,0.0,0.0,0.0,0.0,0.0,0.0,0.0,0.0,0.08,0.06,1.0,1.0,U93079,768
,0.0,0.0,0.0,0.0,0.0,0.0,0.0,0.0,0.04,0.05,1.0,1.0,U22971,768
,0.0,0.0,0.0,0.0,0.0,0.0,0.0,0.0,0.14,0.09,1.0,1.0,U25111,768
,0.0,0.0,0.0,0.0,0.0,0.0,0.0,0.0,0.14,0.09,1.0,1.0,U47999,768
,0.0,0.0,0.0,0.0,0.0,0.0,0.0,0.0,0.1,0.07,1.0,1.0,U79975,768
,0.0,0.0,0.0,0.0,0.0,0.0,0.0,0.0,0.18,0.11,1.0,1.0,U55651,768
,0.0,0.0,0.0,0.0,0.0,0.0,0.0,0.0,0.06,0.04,1.0,1.0,U73932,768
,0.0,0.0,0.0,0.0,0.0,0.0,0.0,0.0,0.08,0.06,1.0,1.0,U740,768
,0.0,0.0,0.0,0.0,0.0,0.0,0.0,0.0,0.12,0.11,1.0,1.0,U58161,768
,0.0,0.0,0.0,0.0,0.0,0.0,0.0,0.0,0.24,0.14,1.0,1.0,U64131,0
,0.0,0.0,0.0,0.0,0.0,0.0,0.0,0.0,0.14,0.08,1.0,1.0,U33290,768
,0.0,0.0,0.0,0.0,0.0,0.0,0.0,0.0,0.2,0.11,1.0,1.0,U43112,768
,0.0,0.0,0.0,0.0,0.0,0.0,0.0,0.0,0.22,0.12,1.0,1.0,U68201,768
,0.0,0.0,0.0,0.0,0.0,0.0,0.0,0.0,0.08,0.09,1.0,1.0,U22009,768
,0.0,0.0,0.0,0.0,0.0,0.0,0.0,0.0,0.18,0.1,1.0,1.0,U81102,768
,0.0,0.0,0.0,0.0,0.0,0.0,0.0,0.0,0.12,0.09,1.0,1.0,U52429,768
,0.0,0.0,0.0,0.0,0.0,0.0,0.0,0.0,0.18,0.11,1.0,1.0,U21553,768
,0.0,0.0,0.0,0.0,0.0,0.0,0.0,0.0,0.22,0.13,1.0,1.0,U68093,0
,0.0,0.0,0.0,0.0,0.0,0.0,0.0,0.0,0.1,0.06,1.0,1.0,U14655,768
,0.0,0.0,0.0,0.0,0.0,0.0,0.0,0.0,0.18,0.13,1.0,1.0,U1696,768
,0.0,0.0,0.0,0.0,0.0,0.0,0.0,0.0,0.18,0.11,1.0,1.0,U64341,768
,0.0,0.0,0.0,0.0,0.0,0.0,0.0,0.0,0.1,0.08,1.0,1.0,U2613,768
,0.0,0.0,0.0,0.0,0.0,0.0,0.0,0.0,0.12,0.12,1.0,1.0,U80414,768
,0.0,0.0,0.0,0.0,0.0,0.0,0.0,0.0,0.18,0.09,1.0,1.0,U85847,768
,0.0,0.0,0.0,0.0,0.0,0.0,0.0,0.0,0.16,0.08,1.0,1.0,U64103,768
,0.0,0.0,0.0,0.0,0.0,0.0,0.0,0.0,0.16,0.12,1.0,1.0,U57333,768
,0.0,0.0,0.0,0.0,0.0,0.0,0.0,0.0,0.02,0.01,1.0,1.0,U21968,768
,0.0,0.0,0.0,0.0,0.0,0.0,0.0,0.0,0.1,0.05,1.0,1.0,U84493,768
,0.0,0.0,0.0,0.0,0.0,0.0,0.0,0.0,0.18,0.12,1.0,1.0,U10086,768
,0.0,0.0,0.0,0.0,0.0,0.0,0.0,0.0,0.14,0.09,1.0,1.0,U63949,768
0.5477386934673367,0.01098901098901099,0.0,0.0,0.0,0.0,0.0,0.5,0.5,0.16,0.11,1.0,1.0,U92961,768
,0.0,0.0,0.0,0.0,0.0,0.0,0.0,0.0,0.18,0.1,1.0,1.0,U75010,768
,0.0,0.0,0.0,0.0,0.0,0.0,0.0,0.0,0.16,0.12,1.0,1.0,U1869,768
,0.0,0.0,0.0,0.0,0.0,0.0,0.0,0.0,0.16,0.08,1.0,1.0,U84943,768
,0.0,0.0,0.0,0.0,0.0,0.0,0.0,0.0,0.04,0.04,1.0,1.0,U17588,768
,0.0,0.0,0.0,0.0,0.0,0.0,0.0,0.0,0.08,0.06,1.0,1.0,U41164,768
,0.0,0.0,0.0,0.0,0.0,0.0,0.0,0.0,0.2,0.12,1.0,1.0,U69508,768
,0.0,0.0,0.0,0.0,0.0,0.0,0.0,0.0,0.06,0.05,1.0,1.0,U38545,768
,0.0,0.0,0.0,0.0,0.0,0.0,0.0,0.0,0.02,0.01,1.0,1.0,U11552,768
0.03015075376884422,0.005154639175257732,0.0,0.0,0.0,0.0,0.0,0.0,0.5,0.06,0.08,1.0,1.0,U16104,768
,0.0,0.0,0.0,0.0,0.0,0.0,0.0,0.0,0.02,0.05,1.0,1.0,U60731,768
,0.0,0.0,0.0,0.0,0.0,0.0,0.0,0.0,0.2,0.13,1.0,1.0,U69224,768
,0.0,0.0,0.0,0.0,0.0,0.0,0.0,0.0,0.06,0.04,1.0,1.0,U29334,768
0.32160804020100503,0.007352941176470588,0.0,0.0,0.0,0.0,0.0,0.0,0.25,0.16,0.09,1.0,1.0,U66894,768
,0.0,0.0,0.0,0.0,0.0,0.0,0.0,0.0,0.18,0.11,1.0,1.0,U86739,768
,0.0,0.0,0.0,0.0,0.0,0.0,0.0,0.0,0.12,0.09,1.0,1.0,U75850,768
,0.0,0.0,0.0,0.0,0.0,0.0,0.0,0.0,0.08,0.04,1.0,1.0,U46735,768
,0.0,0.0,0.0,0.0,0.0,0.0,0.0,0.0,0.12,0.08,1.0,1.0,U83486,768
,0.0,0.0,0.0,0.0,0.0,0.0,0.0,0.0,0.12,0.06,1.0,1.0,U44552,768
,0.0,0.0,0.0,0.0,0.0,0.0,0.0,0.0,0.18,0.1,1.0,1.0,U59029,768
,0.0,0.0,0.0,0.0,0.0,0.0,0.0,0.0,0.18,0.11,1.0,1.0,U17094,768
,0.0,0.0,0.0,0.0,0.0,0.0,0.0,0.0,0.1,0.07,1.0,1.0,U28518,768
,0.0,0.0,0.0,0.0,0.0,0.0,0.0,0.0,0.04,0.02,1.0,1.0,U83376,768
,0.0,0.0,0.0,0.0,0.0,0.0,0.0,0.0,0.12,0.1,1.0,1.0,U47164,768
,0.0,0.0,0.0,0.0,0.0,0.0,0.0,0.0,0.14,0.13,1.0,1.0,U37845,768
,0.0,0.0,0.0,0.0,0.0,0.0,0.0,0.0,0.12,0.06,1.0,1.0,U66301,768
,0.0,0.0,0.0,0.0,0.0,0.0,0.0,0.0,0.22,0.13,1.0,1.0,U73735,768
,0.0,0.0,0.0,0.0,0.0,0.0,0.0,0.0,0.14,0.07,1.0,1.0,U29402,768
,0.0,0.0,0.0,0.0,0.0,0.0,0.0,0.0,0.18,0.1,1.0,1.0,U87214,768
,0.0,0.0,0.0,0.0,0.0,0.0,0.0,0.0,0.06,0.03,1.0,1.0,U15824,768
,0.0,0.0,0.0,0.0,0.0,0.0,0.0,0.0,0.2,0.13,1.0,1.0,U35584,768
,0.0,0.0,0.0,0.0,0.0,0.0,0.0,0.0,0.16,0.1,1.0,1.0,U80418,768
,0.0,0.0,0.0,0.0,0.0,0.0,0.0,0.0,0.14,0.1,1.0,1.0,U60146,768
,0.0,0.0,0.0,0.0,0.0,0.0,0.0,0.0,0.18,0.1,1.0,1.0,U30599,768
0.9899497487437185,0.3333333333333333,0.5,0.5,0.2,0.2,0.2,0.2,0.2,0.2,0.1,1.0,1.0,U43331,768
,0.0,0.0,0.0,0.0,0.0,0.0,0.0,0.0,0.18,0.11,1.0,1.0,U8256,768
,0.0,0.0,0.0,0.0,0.0,0.0,0.0,0.0,0.2,0.11,1.0,1.0,U65251,768
,0.0,0.0,0.0,0.0,0.0,0.0,0.0,0.0,0.14,0.11,1.0,1.0,U74390,768
,0.0,0.0,0.0,0.0,0.0,0.0,0.0,0.0,0.16,0.1,1.0,1.0,U90546,768
,0.0,0.0,0.0,0.0,0.0,0.0,0.0,0.0,0.2,0.12,1.0,1.0,U87354,768
,0.0,0.0,0.0,0.0,0.0,0.0,0.0,0.0,0.08,0.07,1.0,1.0,U79690,768
,0.0,0.0,0.0,0.0,0.0,0.0,0.0,0.0,0.2,0.12,1.0,1.0,U37006,768
,0.0,0.0,0.0,0.0,0.0,0.0,0.0,0.0,0.14,0.1,1.0,1.0,U13708,768
,0.0,0.0,0.0,0.0,0.0,0.0,0.0,0.0,0.14,0.09,1.0,1.0,U65341,768
,0.0,0.0,0.0,0.0,0.0,0.0,0.0,0.0,0.24,0.13,1.0,1.0,U58812,768
,0.0,0.0,0.0,0.0,0.0,0.0,0.0,0.0,0.12,0.09,1.0,1.0,U63868,768
,0.0,0.0,0.0,0.0,0.0,0.0,0.0,0.0,0.2,0.1,1.0,1.0,U7256,768
,0.0,0.0,0.0,0.0,0.0,0.0,0.0,0.0,0.16,0.1,1.0,1.0,U30855,768
,0.0,0.0,0.0,0.0,0.0,0.0,0.0,0.0,0.08,0.05,1.0,1.0,U21735,768
,0.0,0.0,0.0,0.0,0.0,0.0,0.0,0.0,0.12,0.1,1.0,1.0,U36640,768
,0.0,0.0,0.0,0.0,0.0,0.0,0.0,0.0,0.1,0.1,1.0,1.0,U25262,768
,0.0,0.0,0.0,0.0,0.0,0.0,0.0,0.0,0.12,0.09,1.0,1.0,U62909,768
,0.0,0.0,0.0,0.0,0.0,0.0,0.0,0.0,0.06,0.03,1.0,1.0,U47473,768
,0.0,0.0,0.0,0.0,0.0,0.0,0.0,0.0,0.1,0.06,1.0,1.0,U66972,768
,0.0,0.0,0.0,0.0,0.0,0.0,0.0,0.0,0.18,0.11,1.0,1.0,U71608,768
,0.0,0.0,0.0,0.0,0.0,0.0,0.0,0.0,0.06,0.03,1.0,1.0,U56429,768
,0.0,0.0,0.0,0.0,0.0,0.0,0.0,0.0,0.14,0.1,1.0,1.0,U78981,768
,0.0,0.0,0.0,0.0,0.0,0.0,0.0,0.0,0.18,0.11,1.0,1.0,U51333,768
,0.0,0.0,0.0,0.0,0.0,0.0,0.0,0.0,0.12,0.07,1.0,1.0,U8346,768
,0.0,0.0,0.0,0.0,0.0,0.0,0.0,0.0,0.2,0.1,1.0,1.0,U8588,768
,0.0,0.0,0.0,0.0,0.0,0.0,0.0,0.0,0.08,0.08,1.0,1.0,U81803,768
,0.0,0.0,0.0,0.0,0.0,0.0,0.0,0.0,0.08,0.05,1.0,1.0,U73246,768
,0.0,0.0,0.0,0.0,0.0,0.0,0.0,0.0,0.12,0.09,1.0,1.0,U57309,768
,0.0,0.0,0.0,0.0,0.0,0.0,0.0,0.0,0.12,0.08,1.0,1.0,U29637,768
,0.0,0.0,0.0,0.0,0.0,0.0,0.0,0.0,0.14,0.09,1.0,1.0,U25871,768
,0.0,0.0,0.0,0.0,0.0,0.0,0.0,0.0,0.2,0.11,1.0,1.0,U48206,768
,0.0,0.0,0.0,0.0,0.0,0.0,0.0,0.0,0.02,0.02,1.0,1.0,U16720,768
,0.0,0.0,0.0,0.0,0.0,0.0,0.0,0.0,0.14,0.11,1.0,1.0,U31641,768
0.37185929648241206,0.007936507936507936,0.0,0.0,0.0,0.0,0.0,0.0,0.25,0.22,0.12,1.0,1.0,U9799,768
,0.0,0.0,0.0,0.0,0.0,0.0,0.0,0.0,0.12,0.09,1.0,1.0,U58428,768
,0.0,0.0,0.0,0.0,0.0,0.0,0.0,0.0,0.04,0.03,1.0,1.0,U85090,768
0.964824120603015,0.125,0.0,0.31546487678572877,0.0,0.2,0.2,0.2,0.2,0.16,0.12,1.0,1.0,U49627,768
,0.0,0.0,0.0,0.0,0.0,0.0,0.0,0.0,0.2,0.13,1.0,1.0,U30969,768
,0.0,0.0,0.0,0.0,0.0,0.0,0.0,0.0,0.14,0.11,1.0,1.0,U74205,768
,0.0,0.0,0.0,0.0,0.0,0.0,0.0,0.0,0.08,0.08,1.0,1.0,U17323,768
,0.0,0.0,0.0,0.0,0.0,0.0,0.0,0.0,0.14,0.09,1.0,1.0,U2674,768
,0.0,0.0,0.0,0.0,0.0,0.0,0.0,0.0,0.16,0.11,1.0,1.0,U69105,768
,0.0,0.0,0.0,0.0,0.0,0.0,0.0,0.0,0.1,0.06,1.0,1.0,U10285,768
,0.0,0.0,0.0,0.0,0.0,0.0,0.0,0.0,0.08,0.04,1.0,1.0,U11178,768
,0.0,0.0,0.0,0.0,0.0,0.0,0.0,0.0,0.12,0.08,1.0,1.0,U80942,768
,0.0,0.0,0.0,0.0,0.0,0.0,0.0,0.0,0.12,0.08,1.0,1.0,U40378,768
,0.0,0.0,0.0,0.0,0.0,0.0,0.0,0.0,0.12,0.1,1.0,1.0,U34554,768
,0.0,0.0,0.0,0.0,0.0,0.0,0.0,0.0,0.16,0.08,1.0,1.0,U2000,768
,0.0,0.0,0.0,0.0,0.0,0.0,0.0,0.0,0.1,0.06,1.0,1.0,U22923,768
,0.0,0.0,0.0,0.0,0.0,0.0,0.0,0.0,0.14,0.11,1.0,1.0,U65375,768
,0.0,0.0,0.0,0.0,0.0,0.0,0.0,0.0,0.16,0.09,1.0,1.0,U31552,768
,0.0,0.0,0.0,0.0,0.0,0.0,0.0,0.0,0.08,0.05,1.0,1.0,U36779,768
,0.0,0.0,0.0,0.0,0.0,0.0,0.0,0.0,0.18,0.11,1.0,1.0,U56155,768
,0.0,0.0,0.0,0.0,0.0,0.0,0.0,0.0,0.18,0.11,1.0,1.0,U61862,768
,0.0,0.0,0.0,0.0,0.0,0.0,0.0,0.0,0.08,0.04,1.0,1.0,U86877,768
,0.0,0.0,0.0,0.0,0.0,0.0,0.0,0.0,0.18,0.11,1.0,1.0,U4984,768
,0.0,0.0,0.0,0.0,0.0,0.0,0.0,0.0,0.12,0.07,1.0,1.0,U11633,768
,0.0,0.0,0.0,0.0,0.0,0.0,0.0,0.0,0.16,0.09,1.0,1.0,U51790,768
,0.0,0.0,0.0,0.0,0.0,0.0,0.0,0.0,0.18,0.09,1.0,1.0,U61392,768
,0.0,0.0,0.0,0.0,0.0,0.0,0.0,0.0,0.18,0.11,1.0,1.0,U44220,768
,0.0,0.0,0.0,0.0,0.0,0.0,0.0,0.0,0.16,0.09,1.0,1.0,U57921,768
,0.0,0.0,0.0,0.0,0.0,0.0,0.0,0.0,0.22,0.12,1.0,1.0,U53026,768
,0.0,0.0,0.0,0.0,0.0,0.0,0.0,0.0,0.16,0.1,1.0,1.0,U80895,768
,0.0,0.0,0.0,0.0,0.0,0.0,0.0,0.0,0.18,0.12,1.0,1.0,U49232,768
0.8291457286432161,0.02857142857142857,0.0,0.0,0.0,0.0,0.5,0.5,0.5,0.2,0.12,1.0,1.0,U71451,768
,0.0,0.0,0.0,0.0,0.0,0.0,0.0,0.0,0.18,0.13,1.0,1.0,U8275,768
,0.0,0.0,0.0,0.0,0.0,0.0,0.0,0.0,0.14,0.11,1.0,1.0,U56257,768
,0.0,0.0,0.0,0.0,0.0,0.0,0.0,0.0,0.12,0.1,1.0,1.0,U70992,768
,0.0,0.0,0.0,0.0,0.0,0.0,0.0,0.0,0.02,0.01,1.0,1.0,U41635,768
,0.0,0.0,0.0,0.0,0.0,0.0,0.0,0.0,0.1,0.1,1.0,1.0,U4041,768
,0.0,0.0,0.0,0.0,0.0,0.0,0.0,0.0,0.18,0.1,1.0,1.0,U76707,768
,0.0,0.0,0.0,0.0,0.0,0.0,0.0,0.0,0.2,0.11,1.0,1.0,U70039,768
0.8542713567839196,0.03333333333333333,0.0,0.0,0.0,0.0,0.5,0.5,0.5,0.16,0.11,1.0,1.0,U63555,768
0.9698492462311558,0.14285714285714285,0.0,0.3333333333333333,0.0,1.0,1.0,1.0,1.0,0.16,0.1,1.0,1.0,U79156,768
,0.0,0.0,0.0,0.0,0.0,0.0,0.0,0.0,0.24,0.13,1.0,1.0,U45366,0
,0.0,0.0,0.0,0.0,0.0,0.0,0.0,0.0,0.2,0.11,1.0,1.0,U80744,768
,0.0,0.0,0.0,0.0,0.0,0.0,0.0,0.0,0.02,0.04,1.0,1.0,U86963,768
,0.0,0.0,0.0,0.0,0.0,0.0,0.0,0.0,0.18,0.11,1.0,1.0,U28718,768
,0.0,0.0,0.0,0.0,0.0,0.0,0.0,0.0,0.2,0.11,1.0,1.0,U23007,768
,0.0,0.0,0.0,0.0,0.0,0.0,0.0,0.0,0.18,0.12,1.0,1.0,U42983,768
,0.0,0.0,0.0,0.0,0.0,0.0,0.0,0.0,0.04,0.02,1.0,1.0,U21684,768
,0.0,0.0,0.0,0.0,0.0,0.0,0.0,0.0,0.04,0.03,1.0,1.0,U31827,768
,0.0,0.0,0.0,0.0,0.0,0.0,0.0,0.0,0.12,0.11,1.0,1.0,U57008,768
,0.0,0.0,0.0,0.0,0.0,0.0,0.0,0.0,0.2,0.11,1.0,1.0,U24338,768
,0.0,0.0,0.0,0.0,0.0,0.0,0.0,0.0,0.14,0.1,1.0,1.0,U47769,768
,0.0,0.0,0.0,0.0,0.0,0.0,0.0,0.0,0.08,0.04,1.0,1.0,U75732,768
,0.0,0.0,0.0,0.0,0.0,0.0,0.0,0.0,0.1,0.12,1.0,1.0,U59398,768
,0.0,0.0,0.0,0.0,0.0,0.0,0.0,0.0,0.14,0.08,1.0,1.0,U57792,768
0.6231155778894473,0.013157894736842105,0.0,0.0,0.0,0.0,0.0,0.5,0.5,0.2,0.12,1.0,1.0,U37461,768
,0.0,0.0,0.0,0.0,0.0,0.0,0.0,0.0,0.22,0.11,1.0,1.0,U38901,768
,0.0,0.0,0.0,0.0,0.0,0.0,0.0,0.0,0.04,0.04,1.0,1.0,U27936,768
,0.0,0.0,0.0,0.0,0.0,0.0,0.0,0.0,0.1,0.07,1.0,1.0,U62325,768
0.8743718592964824,0.038461538461538464,0.0,0.0,0.0,0.0,0.16666666666666666,0.16666666666666666,0.16666666666666666,0.04,0.02,1.0,1.0,U27251,768
,0.0,0.0,0.0,0.0,0.0,0.0,0.0,0.0,0.12,0.1,1.0,1.0,U17010,768
,0.0,0.0,0.0,0.0,0.0,0.0,0.0,0.0,0.18,0.11,1.0,1.0,U88656,768
,0.0,0.0,0.0,0.0,0.0,0.0,0.0,0.0,0.16,0.12,1.0,1.0,U78414,768
,0.0,0.0,0.0,0.0,0.0,0.0,0.0,0.0,0.22,0.13,1.0,1.0,U62611,768
,0.0,0.0,0.0,0.0,0.0,0.0,0.0,0.0,0.16,0.1,1.0,1.0,U60344,768
,0.0,0.0,0.0,0.0,0.0,0.0,0.0,0.0,0.18,0.11,1.0,1.0,U38840,768
,0.0,0.0,0.0,0.0,0.0,0.0,0.0,0.0,0.14,0.09,1.0,1.0,U85257,768
,0.0,0.0,0.0,0.0,0.0,0.0,0.0,0.0,0.12,0.07,1.0,1.0,U11706,768
,0.0,0.0,0.0,0.0,0.0,0.0,0.0,0.0,0.16,0.12,1.0,1.0,U73921,768
,0.0,0.0,0.0,0.0,0.0,0.0,0.0,0.0,0.22,0.11,1.0,1.0,U62825,768
,0.0,0.0,0.0,0.0,0.0,0.0,0.0,0.0,0.22,0.13,1.0,1.0,U69627,0
0.22613065326633167,0.0064516129032258064,0.0,0.0,0.0,0.0,0.0,0.0,0.3333333333333333,0.14,0.09,1.0,1.0,U69393,768
,0.0,0.0,0.0,0.0,0.0,0.0,0.0,0.0,0.16,0.1,1.0,1.0,U70545,768
,0.0,0.0,0.0,0.0,0.0,0.0,0.0,0.0,0.22,0.11,1.0,1.0,U19246,768
,0.0,0.0,0.0,0.0,0.0,0.0,0.0,0.0,0.18,0.1,1.0,1.0,U9813,768
,0.0,0.0,0.0,0.0,0.0,0.0,0.0,0.0,0.18,0.11,1.0,1.0,U65194,768
,0.0,0.0,0.0,0.0,0.0,0.0,0.0,0.0,0.16,0.09,1.0,1.0,U62857,768
,0.0,0.0,0.0,0.0,0.0,0.0,0.0,0.0,0.12,0.06,1.0,1.0,U37469,768
,0.0,0.0,0.0,0.0,0.0,0.0,0.0,0.0,0.16,0.09,1.0,1.0,U46220,768
,0.0,0.0,0.0,0.0,0.0,0.0,0.0,0.0,0.12,0.09,1.0,1.0,U31025,768
,0.0,0.0,0.0,0.0,0.0,0.0,0.0,0.0,0.06,0.04,1.0,1.0,U64671,768
,0.0,0.0,0.0,0.0,0.0,0.0,0.0,0.0,0.08,0.04,1.0,1.0,U7707,768
,0.0,0.0,0.0,0.0,0.0,0.0,0.0,0.0,0.02,0.01,1.0,1.0,U57349,768
,0.0,0.0,0.0,0.0,0.0,0.0,0.0,0.0,0.18,0.11,1.0,1.0,U25279,768
,0.0,0.0,0.0,0.0,0.0,0.0,0.0,0.0,0.16,0.09,1.0,1.0,U8700,768
,0.0,0.0,0.0,0.0,0.0,0.0,0.0,0.0,0.2,0.12,1.0,1.0,U57261,768
,0.0,0.0,0.0,0.0,0.0,0.0,0.0,0.0,0.12,0.11,1.0,1.0,U88338,768
,0.0,0.0,0.0,0.0,0.0,0.0,0.0,0.0,0.04,0.03,1.0,1.0,U18560,768
,0.0,0.0,0.0,0.0,0.0,0.0,0.0,0.0,0.12,0.11,1.0,1.0,U56517,768
,0.0,0.0,0.0,0.0,0.0,0.0,0.0,0.0,0.14,0.09,1.0,1.0,U40344,768
0.9246231155778895,0.0625,0.0,0.0,0.0,0.0,0.5,0.5,0.5,0.16,0.09,1.0,1.0,U5751,768
,0.0,0.0,0.0,0.0,0.0,0.0,0.0,0.0,0.12,0.08,1.0,1.0,U42047,768
,0.0,0.0,0.0,0.0,0.0,0.0,0.0,0.0,0.16,0.1,1.0,1.0,U39177,768
,0.0,0.0,0.0,0.0,0.0,0.0,0.0,0.0,0.22,0.13,1.0,1.0,U83780,0
,0.0,0.0,0.0,0.0,0.0,0.0,0.0,0.0,0.1,0.07,1.0,1.0,U32897,768
,0.0,0.0,0.0,0.0,0.0,0.0,0.0,0.0,0.02,0.01,1.0,1.0,U37521,768
,0.0,0.0,0.0,0.0,0.0,0.0,0.0,0.0,0.04,0.04,1.0,1.0,U2392,768
,0.0,0.0,0.0,0.0,0.0,0.0,0.0,0.0,0.2,0.12,1.0,1.0,U9054,0
,0.0,0.0,0.0,0.0,0.0,0.0,0.0,0.0,0.2,0.12,1.0,1.0,U25153,768
,0.0,0.0,0.0,0.0,0.0,0.0,0.0,0.0,0.06,0.06,1.0,1.0,U28831,768
,0.0,0.0,0.0,0.0,0.0,0.0,0.0,0.0,0.16,0.09,1.0,1.0,U34994,768
,0.0,0.0,0.0,0.0,0.0,0.0,0.0,0.0,0.16,0.11,1.0,1.0,U36057,768
,0.0,0.0,0.0,0.0,0.0,0.0,0.0,0.0,0.04,0.03,1.0,1.0,U84405,768
,0.0,0.0,0.0,0.0,0.0,0.0,0.0,0.0,0.06,0.04,1.0,1.0,U26884,768
,0.0,0.0,0.0,0.0,0.0,0.0,0.0,0.0,0.12,0.07,1.0,1.0,U2733,768
,0.0,0.0,0.0,0.0,0.0,0.0,0.0,0.0,0.08,0.1,1.0,1.0,U9999,768
,0.0,0.0,0.0,0.0,0.0,0.0,0.0,0.0,0.08,0.06,1.0,1.0,U84180,768
,0.0,0.0,0.0,0.0,0.0,0.0,0.0,0.0,0.1,0.06,1.0,1.0,U21686,768
,0.0,0.0,0.0,0.0,0.0,0.0,0.0,0.0,0.16,0.1,1.0,1.0,U14617,768
,0.0,0.0,0.0,0.0,0.0,0.0,0.0,0.0,0.14,0.09,1.0,1.0,U38721,768
,0.0,0.0,0.0,0.0,0.0,0.0,0.0,0.0,0.2,0.12,1.0,1.0,U25278,768
,0.0,0.0,0.0,0.0,0.0,0.0,0.0,0.0,0.14,0.09,1.0,1.0,U1354,768
,0.0,0.0,0.0,0.0,0.0,0.0,0.0,0.0,0.14,0.1,1.0,1.0,U22965,768
,0.0,0.0,0.0,0.0,0.0,0.0,0.0,0.0,0.18,0.1,1.0,1.0,U57065,768
,0.0,0.0,0.0,0.0,0.0,0.0,0.0,0.0,0.12,0.07,1.0,1.0,U41010,768
,0.0,0.0,0.0,0.0,0.0,0.0,0.0,0.0,0.1,0.1,1.0,1.0,U62964,768
,0.0,0.0,0.0,0.0,0.0,0.0,0.0,0.0,0.16,0.08,1.0,1.0,U10265,768
,0.0,0.0,0.0,0.0,0.0,0.0,0.0,0.0,0.08,0.07,1.0,1.0,U65885,768
,0.0,0.0,0.0,0.0,0.0,0.0,0.0,0.0,0.2,0.11,1.0,1.0,U89189,768
,0.0,0.0,0.0,0.0,0.0,0.0,0.0,0.0,0.14,0.1,1.0,1.0,U40607,768
,0.0,0.0,0.0,0.0,0.0,0.0,0.0,0.0,0.16,0.09,1.0,1.0,U58211,768
,0.0,0.0,0.0,0.0,0.0,0.0,0.0,0.0,0.18,0.11,1.0,1.0,U84687,768
,0.0,0.0,0.0,0.0,0.0,0.0,0.0,0.0,0.2,0.11,1.0,1.0,U25044,768
,0.0,0.0,0.0,0.0,0.0,0.0,0.0,0.0,0.12,0.09,1.0,1.0,U43356,768
,0.0,0.0,0.0,0.0,0.0,0.0,0.0,0.0,0.18,0.12,1.0,1.0,U55943,768
,0.0,0.0,0.0,0.0,0.0,0.0,0.0,0.0,0.12,0.08,1.0,1.0,U41314,768
,0.0,0.0,0.0,0.0,0.0,0.0,0.0,0.0,0.14,0.09,1.0,1.0,U43655,768
,0.0,0.0,0.0,0.0,0.0,0.0,0.0,0.0,0.2,0.14,1.0,1.0,U76313,768
,0.0,0.0,0.0,0.0,0.0,0.0,0.0,0.0,0.18,0.11,1.0,1.0,U86368,768
,0.0,0.0,0.0,0.0,0.0,0.0,0.0,0.0,0.18,0.12,1.0,1.0,U91449,768
,0.0,0.0,0.0,0.0,0.0,0.0,0.0,0.0,0.2,0.13,1.0,1.0,U50977,768
,0.0,0.0,0.0,0.0,0.0,0.0,0.0,0.0,0.12,0.08,1.0,1.0,U56646,768
,0.0,0.0,0.0,0.0,0.0,0.0,0.0,0.0,0.06,0.05,1.0,1.0,U87067,768
,0.0,0.0,0.0,0.0,0.0,0.0,0.0,0.0,0.18,0.1,1.0,1.0,U4511,768
,0.0,0.0,0.0,0.0,0.0,0.0,0.0,0.0,0.16,0.09,1.0,1.0,U42202,768
,0.0,0.0,0.0,0.0,0.0,0.0,0.0,0.0,0.2,0.11,1.0,1.0,U1336,768
,0.0,0.0,0.0,0.0,0.0,0.0,0.0,0.0,0.14,0.07,1.0,1.0,U13959,768
,0.0,0.0,0.0,0.0,0.0,0.0,0.0,0.0,0.14,0.07,1.0,1.0,U14383,768
,0.0,0.0,0.0,0.0,0.0,0.0,0.0,0.0,0.1,0.07,1.0,1.0,U76378,768
,0.0,0.0,0.0,0.0,0.0,0.0,0.0,0.0,0.22,0.12,1.0,1.0,U85678,768
,0.0,0.0,0.0,0.0,0.0,0.0,0.0,0.0,0.16,0.12,1.0,1.0,U12316,768
,0.0,0.0,0.0,0.0,0.0,0.0,0.0,0.0,0.16,0.11,1.0,1.0,U28167,768
,0.0,0.0,0.0,0.0,0.0,0.0,0.0,0.0,0.18,0.11,1.0,1.0,U46200,768
,0.0,0.0,0.0,0.0,0.0,0.0,0.0,0.0,0.12,0.09,1.0,1.0,U5662,768
,0.0,0.0,0.0,0.0,0.0,0.0,0.0,0.0,0.18,0.13,1.0,1.0,U43229,768
,0.0,0.0,0.0,0.0,0.0,0.0,0.0,0.0,0.08,0.05,1.0,1.0,U43728,768
,0.0,0.0,0.0,0.0,0.0,0.0,0.0,0.0,0.08,0.06,1.0,1.0,U86189,768
,0.0,0.0,0.0,0.0,0.0,0.0,0.0,0.0,0.22,0.13,1.0,1.0,U53549,768
,0.0,0.0,0.0,0.0,0.0,0.0,0.0,0.0,0.24,0.13,1.0,1.0,U88776,768
,0.0,0.0,0.0,0.0,0.0,0.0,0.0,0.0,0.12,0.08,1.0,1.0,U45241,768
,0.0,0.0,0.0,0.0,0.0,0.0,0.0,0.0,0.12,0.08,1.0,1.0,U71820,768
,0.0,0.0,0.0,0.0,0.0,0.0,0.0,0.0,0.2,0.12,1.0,1.0,U89328,768
,0.0,0.0,0.0,0.0,0.0,0.0,0.0,0.0,0.22,0.12,1.0,1.0,U8091,768
,0.0,0.0,0.0,0.0,0.0,0.0,0.0,0.0,0.12,0.09,1.0,1.0,U27114,768
,0.0,0.0,0.0,0.0,0.0,0.0,0.0,0.0,0.04,0.02,1.0,1.0,U75909,768
,0.0,0.0,0.0,0.0,0.0,0.0,0.0,0.0,0.14,0.1,1.0,1.0,U2349,768
,0.0,0.0,0.0,0.0,0.0,0.0,0.0,0.0,0.14,0.11,1.0,1.0,U69235,768
,0.0,0.0,0.0,0.0,0.0,0.0,0.0,0.0,0.22,0.12,1.0,1.0,U39217,0
,0.0,0.0,0.0,0.0,0.0,0.0,0.0,0.0,0.22,0.12,1.0,1.0,U78423,768
,0.0,0.0,0.0,0.0,0.0,0.0,0.0,0.0,0.14,0.07,1.0,1.0,U6605,768
,0.0,0.0,0.0,0.0,0.0,0.0,0.0,0.0,0.06,0.05,1.0,1.0,U52851,768
,0.0,0.0,0.0,0.0,0.0,0.0,0.0,0.0,0.08,0.05,1.0,1.0,U56066,768
,0.0,0.0,0.0,0.0,0.0,0.0,0.0,0.0,0.04,0.02,1.0,1.0,U86072,768
,0.0,0.0,0.0,0.0,0.0,0.0,0.0,0.0,0.12,0.1,1.0,1.0,U72051,768
,0.0,0.0,0.0,0.0,0.0,0.0,0.0,0.0,0.16,0.1,1.0,1.0,U52207,768
,0.0,0.0,0.0,0.0,0.0,0.0,0.0,0.0,0.1,0.08,1.0,1.0,U34097,768
,0.0,0.0,0.0,0.0,0.0,0.0,0.0,0.0,0.2,0.12,1.0,1.0,U76998,768
,0.0,0.0,0.0,0.0,0.0,0.0,0.0,0.0,0.08,0.04,1.0,1.0,U6863,768
,0.0,0.0,0.0,0.0,0.0,0.0,0.0,0.0,0.18,0.09,1.0,1.0,U84585,768
,0.0,0.0,0.0,0.0,0.0,0.0,0.0,0.0,0.08,0.08,1.0,1.0,U4254,768
,0.0,0.0,0.0,0.0,0.0,0.0,0.0,0.0,0.02,0.03,1.0,1.0,U69622,768
,0.0,0.0,0.0,0.0,0.0,0.0,0.0,0.0,0.18,0.1,1.0,1.0,U73963,768
,0.0,0.0,0.0,0.0,0.0,0.0,0.0,0.0,0.1,0.06,1.0,1.0,U20234,768
,0.0,0.0,0.0,0.0,0.0,0.0,0.0,0.0,0.12,0.08,1.0,1.0,U82243,768
0.3969849246231156,0.008264462809917356,0.0,0.0,0.0,0.0,0.0,0.0,0.16666666666666666,0.12,0.1,1.0,1.0,U82693,768
,0.0,0.0,0.0,0.0,0.0,0.0,0.0,0.0,0.08,0.06,1.0,1.0,U19350,768
,0.0,0.0,0.0,0.0,0.0,0.0,0.0,0.0,0.16,0.08,1.0,1.0,U983,768
,0.0,0.0,0.0,0.0,0.0,0.0,0.0,0.0,0.14,0.09,1.0,1.0,U17571,768
,0.0,0.0,0.0,0.0,0.0,0.0,0.0,0.0,0.04,0.03,1.0,1.0,U13675,768
,0.0,0.0,0.0,0.0,0.0,0.0,0.0,0.0,0.16,0.1,1.0,1.0,U65808,768
,0.0,0.0,0.0,0.0,0.0,0.0,0.0,0.0,0.18,0.1,1.0,1.0,U52585,768
,0.0,0.0,0.0,0.0,0.0,0.0,0.0,0.0,0.1,0.08,1.0,1.0,U81225,768
,0.0,0.0,0.0,0.0,0.0,0.0,0.0,0.0,0.14,0.09,1.0,1.0,U64562,768
,0.0,0.0,0.0,0.0,0.0,0.0,0.0,0.0,0.2,0.11,1.0,1.0,U68124,768
,0.0,0.0,0.0,0.0,0.0,0.0,0.0,0.0,0.22,0.12,1.0,1.0,U19522,768
,0.0,0.0,0.0,0.0,0.0,0.0,0.0,0.0,0.04,0.03,1.0,1.0,U77513,768
,0.0,0.0,0.0,0.0,0.0,0.0,0.0,0.0,0.22,0.13,1.0,1.0,U58100,768
,0.0,0.0,0.0,0.0,0.0,0.0,0.0,0.0,0.14,0.09,1.0,1.0,U88971,768
,0.0,0.0,0.0,0.0,0.0,0.0,0.0,0.0,0.18,0.09,1.0,1.0,U84023,768
,0.0,0.0,0.0,0.0,0.0,0.0,0.0,0.0,0.08,0.09,1.0,1.0,U29651,768
,0.0,0.0,0.0,0.0,0.0,0.0,0.0,0.0,0.06,0.03,1.0,1.0,U75627,768
,0.0,0.0,0.0,0.0,0.0,0.0,0.0,0.0,0.12,0.11,1.0,1.0,U64683,768
,0.0,0.0,0.0,0.0,0.0,0.0,0.0,0.0,0.2,0.13,1.0,1.0,U68169,768
,0.0,0.0,0.0,0.0,0.0,0.0,0.0,0.0,0.16,0.11,1.0,1.0,U17,768
,0.0,0.0,0.0,0.0,0.0,0.0,0.0,0.0,0.08,0.06,1.0,1.0,U75797,768
,0.0,0.0,0.0,0.0,0.0,0.0,0.0,0.0,0.18,0.1,1.0,1.0,U17230,768
,0.0,0.0,0.0,0.0,0.0,0.0,0.0,0.0,0.04,0.03,1.0,1.0,U49719,768
,0.0,0.0,0.0,0.0,0.0,0.0,0.0,0.0,0.14,0.1,1.0,1.0,U8287,768
,0.0,0.0,0.0,0.0,0.0,0.0,0.0,0.0,0.12,0.09,1.0,1.0,U77681,768
,0.0,0.0,0.0,0.0,0.0,0.0,0.0,0.0,0.16,0.11,1.0,1.0,U12857,768
,0.0,0.0,0.0,0.0,0.0,0.0,0.0,0.0,0.06,0.04,1.0,1.0,U51979,768
0.4321608040201005,0.008771929824561403,0.0,0.0,0.0,0.0,0.0,0.0,0.25,0.06,0.06,1.0,1.0,U49032,768
,0.0,0.0,0.0,0.0,0.0,0.0,0.0,0.0,0.14,0.1,1.0,1.0,U5313,768
,0.0,0.0,0.0,0.0,0.0,0.0,0.0,0.0,0.22,0.12,1.0,1.0,U52772,768
,0.0,0.0,0.0,0.0,0.0,0.0,0.0,0.0,0.16,0.09,1.0,1.0,U87994,768
,0.0,0.0,0.0,0.0,0.0,0.0,0.0,0.0,0.16,0.11,1.0,1.0,U78244,768
,0.0,0.0,0.0,0.0,0.0,0.0,0.0,0.0,0.16,0.1,1.0,1.0,U12737,768
,0.0,0.0,0.0,0.0,0.0,0.0,0.0,0.0,0.12,0.1,1.0,1.0,U85499,768
,0.0,0.0,0.0,0.0,0.0,0.0,0.0,0.0,0.2,0.12,1.0,1.0,U76501,768
,0.0,0.0,0.0,0.0,0.0,0.0,0.0,0.0,0.18,0.1,1.0,1.0,U12667,768
,0.0,0.0,0.0,0.0,0.0,0.0,0.0,0.0,0.12,0.08,1.0,1.0,U43987,768
,0.0,0.0,0.0,0.0,0.0,0.0,0.0,0.0,0.2,0.11,1.0,1.0,U36045,768
,0.0,0.0,0.0,0.0,0.0,0.0,0.0,0.0,0.14,0.09,1.0,1.0,U11506,768
,0.0,0.0,0.0,0.0,0.0,0.0,0.0,0.0,0.2,0.11,1.0,1.0,U55639,768
,0.0,0.0,0.0,0.0,0.0,0.0,0.0,0.0,0.1,0.07,1.0,1.0,U75773,768
,0.0,0.0,0.0,0.0,0.0,0.0,0.0,0.0,0.16,0.11,1.0,1.0,U84045,768
,0.0,0.0,0.0,0.0,0.0,0.0,0.0,0.0,0.08,0.08,1.0,1.0,U62843,768
,0.0,0.0,0.0,0.0,0.0,0.0,0.0,0.0,0.2,0.12,1.0,1.0,U81375,768
,0.0,0.0,0.0,0.0,0.0,0.0,0.0,0.0,0.18,0.12,1.0,1.0,U33158,768
,0.0,0.0,0.0,0.0,0.0,0.0,0.0,0.0,0.04,0.02,1.0,1.0,U47613,768
,0.0,0.0,0.0,0.0,0.0,0.0,0.0,0.0,0.12,0.08,1.0,1.0,U51085,768
,0.0,0.0,0.0,0.0,0.0,0.0,0.0,0.0,0.1,0.07,1.0,1.0,U33247,768
,0.0,0.0,0.0,0.0,0.0,0.0,0.0,0.0,0.18,0.12,1.0,1.0,U78955,768
,0.0,0.0,0.0,0.0,0.0,0.0,0.0,0.0,0.04,0.02,1.0,1.0,U56812,768
,0.0,0.0,0.0,0.0,0.0,0.0,0.0,0.0,0.2,0.12,1.0,1.0,U75699,768
,0.0,0.0,0.0,0.0,0.0,0.0,0.0,0.0,0.1,0.07,1.0,1.0,U85459,768
,0.0,0.0,0.0,0.0,0.0,0.0,0.0,0.0,0.18,0.12,1.0,1.0,U35389,768
,0.0,0.0,0.0,0.0,0.0,0.0,0.0,0.0,0.08,0.09,1.0,1.0,U7274,768
,0.0,0.0,0.0,0.0,0.0,0.0,0.0,0.0,0.14,0.11,1.0,1.0,U16265,768
,0.0,0.0,0.0,0.0,0.0,0.0,0.0,0.0,0.16,0.11,1.0,1.0,U81700,768
,0.0,0.0,0.0,0.0,0.0,0.0,0.0,0.0,0.14,0.09,1.0,1.0,U56172,768
,0.0,0.0,0.0,0.0,0.0,0.0,0.0,0.0,0.04,0.03,1.0,1.0,U40643,768
,0.0,0.0,0.0,0.0,0.0,0.0,0.0,0.0,0.18,0.11,1.0,1.0,U49112,768
,0.0,0.0,0.0,0.0,0.0,0.0,0.0,0.0,0.12,0.08,1.0,1.0,U1310,768
,0.0,0.0,0.0,0.0,0.0,0.0,0.0,0.0,0.14,0.08,1.0,1.0,U21036,768
,0.0,0.0,0.0,0.0,0.0,0.0,0.0,0.0,0.16,0.13,1.0,1.0,U15387,768
,0.0,0.0,0.0,0.0,0.0,0.0,0.0,0.0,0.2,0.11,1.0,1.0,U12124,768
,0.0,0.0,0.0,0.0,0.0,0.0,0.0,0.0,0.2,0.12,1.0,1.0,U88464,768
,0.0,0.0,0.0,0.0,0.0,0.0,0.0,0.0,0.14,0.09,1.0,1.0,U67597,768
,0.0,0.0,0.0,0.0,0.0,0.0,0.0,0.0,0.22,0.12,1.0,1.0,U92570,768
,0.0,0.0,0.0,0.0,0.0,0.0,0.0,0.0,0.1,0.08,1.0,1.0,U3252,768
,0.0,0.0,0.0,0.0,0.0,0.0,0.0,0.0,0.18,0.1,1.0,1.0,U66696,768
,0.0,0.0,0.0,0.0,0.0,0.0,0.0,0.0,0.06,0.03,1.0,1.0,U76495,768
,0.0,0.0,0.0,0.0,0.0,0.0,0.0,0.0,0.14,0.11,1.0,1.0,U88575,768
,0.0,0.0,0.0,0.0,0.0,0.0,0.0,0.0,0.16,0.11,1.0,1.0,U44217,0
0.8442211055276382,0.03125,0.0,0.0,0.0,0.0,0.5,0.5,0.5,0.04,0.02,1.0,1.0,U24492,768
,0.0,0.0,0.0,0.0,0.0,0.0,0.0,0.0,0.2,0.1,1.0,1.0,U79029,768
,0.0,0.0,0.0,0.0,0.0,0.0,0.0,0.0,0.22,0.13,1.0,1.0,U64412,0
,0.0,0.0,0.0,0.0,0.0,0.0,0.0,0.0,0.16,0.12,1.0,1.0,U45407,768
,0.0,0.0,0.0,0.0,0.0,0.0,0.0,0.0,0.16,0.1,1.0,1.0,U33585,768
,0.0,0.0,0.0,0.0,0.0,0.0,0.0,0.0,0.18,0.1,1.0,1.0,U63528,768
,0.0,0.0,0.0,0.0,0.0,0.0,0.0,0.0,0.2,0.12,1.0,1.0,U8341,768
,0.0,0.0,0.0,0.0,0.0,0.0,0.0,0.0,0.24,0.13,1.0,1.0,U82935,768
,0.0,0.0,0.0,0.0,0.0,0.0,0.0,0.0,0.18,0.14,1.0,1.0,U50739,0
,0.0,0.0,0.0,0.0,0.0,0.0,0.0,0.0,0.12,0.1,1.0,1.0,U47287,768
,0.0,0.0,0.0,0.0,0.0,0.0,0.0,0.0,0.18,0.11,1.0,1.0,U83550,768
,0.0,0.0,0.0,0.0,0.0,0.0,0.0,0.0,0.16,0.1,1.0,1.0,U92083,768
,0.0,0.0,0.0,0.0,0.0,0.0,0.0,0.0,0.18,0.11,1.0,1.0,U60655,768
,0.0,0.0,0.0,0.0,0.0,0.0,0.0,0.0,0.16,0.11,1.0,1.0,U84435,768
0.19095477386934673,0.006172839506172839,0.0,0.0,0.0,0.0,0.0,0.0,0.5,0.1,0.08,1.0,1.0,U74464,768
,0.0,0.0,0.0,0.0,0.0,0.0,0.0,0.0,0.14,0.08,1.0,1.0,U70853,768
,0.0,0.0,0.0,0.0,0.0,0.0,0.0,0.0,0.12,0.08,1.0,1.0,U71419,768
,0.0,0.0,0.0,0.0,0.0,0.0,0.0,0.0,0.24,0.13,1.0,1.0,U60636,768
,0.0,0.0,0.0,0.0,0.0,0.0,0.0,0.0,0.24,0.13,1.0,1.0,U71659,768
,0.0,0.0,0.0,0.0,0.0,0.0,0.0,0.0,0.14,0.07,1.0,1.0,U88052,768
,0.0,0.0,0.0,0.0,0.0,0.0,0.0,0.0,0.16,0.1,1.0,1.0,U36262,768
,0.0,0.0,0.0,0.0,0.0,0.0,0.0,0.0,0.16,0.1,1.0,1.0,U63375,768
,0.0,0.0,0.0,0.0,0.0,0.0,0.0,0.0,0.04,0.04,1.0,1.0,U17697,768
,0.0,0.0,0.0,0.0,0.0,0.0,0.0,0.0,0.14,0.1,1.0,1.0,U62946,768
,0.0,0.0,0.0,0.0,0.0,0.0,0.0,0.0,0.12,0.1,1.0,1.0,U30501,768
,0.0,0.0,0.0,0.0,0.0,0.0,0.0,0.0,0.18,0.11,1.0,1.0,U20287,768
,0.0,0.0,0.0,0.0,0.0,0.0,0.0,0.0,0.26,0.13,1.0,1.0,U35456,0
,0.0,0.0,0.0,0.0,0.0,0.0,0.0,0.0,0.16,0.09,1.0,1.0,U70891,768
,0.0,0.0,0.0,0.0,0.0,0.0,0.0,0.0,0.16,0.11,1.0,1.0,U52541,768
,0.0,0.0,0.0,0.0,0.0,0.0,0.0,0.0,0.06,0.04,1.0,1.0,U42873,768
,0.0,0.0,0.0,0.0,0.0,0.0,0.0,0.0,0.12,0.09,1.0,1.0,U21215,768
,0.0,0.0,0.0,0.0,0.0,0.0,0.0,0.0,0.14,0.1,1.0,1.0,U83125,768
,0.0,0.0,0.0,0.0,0.0,0.0,0.0,0.0,0.04,0.02,1.0,1.0,U69395,768
,0.0,0.0,0.0,0.0,0.0,0.0,0.0,0.0,0.02,0.04,1.0,1.0,U80453,768
,0.0,0.0,0.0,0.0,0.0,0.0,0.0,0.0,0.12,0.1,1.0,1.0,U37450,768
,0.0,0.0,0.0,0.0,0.0,0.0,0.0,0.0,0.16,0.1,1.0,1.0,U44410,768
,0.0,0.0,0.0,0.0,0.0,0.0,0.0,0.0,0.04,0.05,1.0,1.0,U20808,768
,0.0,0.0,0.0,0.0,0.0,0.0,0.0,0.0,0.04,0.02,1.0,1.0,U84735,768
,0.0,0.0,0.0,0.0,0.0,0.0,0.0,0.0,0.04,0.02,1.0,1.0,U21700,768
,0.0,0.0,0.0,0.0,0.0,0.0,0.0,0.0,0.12,0.09,1.0,1.0,U85760,768
,0.0,0.0,0.0,0.0,0.0,0.0,0.0,0.0,0.14,0.1,1.0,1.0,U3023,768
,0.0,0.0,0.0,0.0,0.0,0.0,0.0,0.0,0.12,0.1,1.0,1.0,U34422,768
,0.0,0.0,0.0,0.0,0.0,0.0,0.0,0.0,0.04,0.05,1.0,1.0,U36497,768
,0.0,0.0,0.0,0.0,0.0,0.0,0.0,0.0,0.16,0.11,1.0,1.0,U71575,768
,0.0,0.0,0.0,0.0,0.0,0.0,0.0,0.0,0.08,0.07,1.0,1.0,U27422,768
,0.0,0.0,0.0,0.0,0.0,0.0,0.0,0.0,0.18,0.12,1.0,1.0,U53662,768
,0.0,0.0,0.0,0.0,0.0,0.0,0.0,0.0,0.18,0.09,1.0,1.0,U22721,768
,0.0,0.0,0.0,0.0,0.0,0.0,0.0,0.0,0.16,0.1,1.0,1.0,U39260,768
1.0,1.0,1.0,1.0,0.2,0.2,0.2,0.2,0.2,0.16,0.1,1.0,1.0,U27678,768
,0.0,0.0,0.0,0.0,0.0,0.0,0.0,0.0,0.12,0.11,1.0,1.0,U83516,768
,0.0,0.0,0.0,0.0,0.0,0.0,0.0,0.0,0.14,0.09,1.0,1.0,U60308,768
,0.0,0.0,0.0,0.0,0.0,0.0,0.0,0.0,0.18,0.1,1.0,1.0,U63258,768
,0.0,0.0,0.0,0.0,0.0,0.0,0.0,0.0,0.2,0.12,1.0,1.0,U16913,768
,0.0,0.0,0.0,0.0,0.0,0.0,0.0,0.0,0.14,0.09,1.0,1.0,U13961,768
0.4723618090452261,0.009433962264150943,0.0,0.0,0.0,0.0,0.0,0.0,1.0,0.04,0.03,1.0,1.0,U81472,768
0.05025125628140704,0.005263157894736842,0.0,0.0,0.0,0.0,0.0,0.0,0.3333333333333333,0.04,0.04,1.0,1.0,U85414,768
,0.0,0.0,0.0,0.0,0.0,0.0,0.0,0.0,0.1,0.09,1.0,1.0,U67562,768
,0.0,0.0,0.0,0.0,0.0,0.0,0.0,0.0,0.18,0.11,1.0,1.0,U83162,768
,0.0,0.0,0.0,0.0,0.0,0.0,0.0,0.0,0.06,0.03,1.0,1.0,U1776,768
,0.0,0.0,0.0,0.0,0.0,0.0,0.0,0.0,0.06,0.04,1.0,1.0,U45730,768
,0.0,0.0,0.0,0.0,0.0,0.0,0.0,0.0,0.14,0.09,1.0,1.0,U39928,768
,0.0,0.0,0.0,0.0,0.0,0.0,0.0,0.0,0.02,0.02,1.0,1.0,U25407,768
,0.0,0.0,0.0,0.0,0.0,0.0,0.0,0.0,0.18,0.11,1.0,1.0,U52236,768
,0.0,0.0,0.0,0.0,0.0,0.0,0.0,0.0,0.18,0.11,1.0,1.0,U2451,768
,0.0,0.0,0.0,0.0,0.0,0.0,0.0,0.0,0.04,0.05,1.0,1.0,U77762,768
,0.0,0.0,0.0,0.0,0.0,0.0,0.0,0.0,0.22,0.11,1.0,1.0,U33234,768
,0.0,0.0,0.0,0.0,0.0,0.0,0.0,0.0,0.2,0.11,1.0,1.0,U74552,768
,0.0,0.0,0.0,0.0,0.0,0.0,0.0,0.0,0.14,0.09,1.0,1.0,U77633,768
,0.0,0.0,0.0,0.0,0.0,0.0,0.0,0.0,0.12,0.11,1.0,1.0,U185,768
,0.0,0.0,0.0,0.0,0.0,0.0,0.0,0.0,0.08,0.04,1.0,1.0,U2731,768
,0.0,0.0,0.0,0.0,0.0,0.0,0.0,0.0,0.16,0.09,1.0,1.0,U24760,768
,0.0,0.0,0.0,0.0,0.0,0.0,0.0,0.0,0.22,0.11,1.0,1.0,U83303,768
,0.0,0.0,0.0,0.0,0.0,0.0,0.0,0.0,0.14,0.09,1.0,1.0,U42550,768
,0.0,0.0,0.0,0.0,0.0,0.0,0.0,0.0,0.18,0.12,1.0,1.0,U59292,768
,0.0,0.0,0.0,0.0,0.0,0.0,0.0,0.0,0.18,0.12,1.0,1.0,U78589,768
,0.0,0.0,0.0,0.0,0.0,0.0,0.0,0.0,0.14,0.1,1.0,1.0,U89976,768
,0.0,0.0,0.0,0.0,0.0,0.0,0.0,0.0,0.18,0.11,1.0,1.0,U29314,768
,0.0,0.0,0.0,0.0,0.0,0.0,0.0,0.0,0.22,0.12,1.0,1.0,U4344,768
,0.0,0.0,0.0,0.0,0.0,0.0,0.0,0.0,0.24,0.13,1.0,1.0,U63735,768
0.1457286432160804,0.005847953216374269,0.0,0.0,0.0,0.0,0.0,0.0,0.3333333333333333,0.2,0.12,1.0,1.0,U14596,768
,0.0,0.0,0.0,0.0,0.0,0.0,0.0,0.0,0.1,0.09,1.0,1.0,U55528,768
,0.0,0.0,0.0,0.0,0.0,0.0,0.0,0.0,0.18,0.1,1.0,1.0,U73264,768
,0.0,0.0,0.0,0.0,0.0,0.0,0.0,0.0,0.12,0.1,1.0,1.0,U75468,768
,0.0,0.0,0.0,0.0,0.0,0.0,0.0,0.0,0.16,0.11,1.0,1.0,U55232,768
,0.0,0.0,0.0,0.0,0.0,0.0,0.0,0.0,0.08,0.06,1.0,1.0,U32391,768
,0.0,0.0,0.0,0.0,0.0,0.0,0.0,0.0,0.08,0.06,1.0,1.0,U52284,768
,0.0,0.0,0.0,0.0,0.0,0.0,0.0,0.0,0.1,0.09,1.0,1.0,U84132,768
1.0,1.0,1.0,1.0,0.3333333333333333,0.3333333333333333,0.3333333333333333,0.3333333333333333,0.3333333333333333,0.16,0.11,1.0,1.0,U54615,768
,0.0,0.0,0.0,0.0,0.0,0.0,0.0,0.0,0.12,0.09,1.0,1.0,U28094,768
,0.0,0.0,0.0,0.0,0.0,0.0,0.0,0.0,0.02,0.04,1.0,1.0,U3908,768
,0.0,0.0,0.0,0.0,0.0,0.0,0.0,0.0,0.1,0.06,1.0,1.0,U81111,768
,0.0,0.0,0.0,0.0,0.0,0.0,0.0,0.0,0.12,0.11,1.0,1.0,U82840,768
,0.0,0.0,0.0,0.0,0.0,0.0,0.0,0.0,0.14,0.11,1.0,1.0,U90871,768
,0.0,0.0,0.0,0.0,0.0,0.0,0.0,0.0,0.08,0.05,1.0,1.0,U76700,768
,0.0,0.0,0.0,0.0,0.0,0.0,0.0,0.0,0.2,0.12,1.0,1.0,U20977,768
,0.0,0.0,0.0,0.0,0.0,0.0,0.0,0.0,0.12,0.07,1.0,1.0,U21784,768
,0.0,0.0,0.0,0.0,0.0,0.0,0.0,0.0,0.14,0.08,1.0,1.0,U7688,768
,0.0,0.0,0.0,0.0,0.0,0.0,0.0,0.0,0.12,0.1,1.0,1.0,U67293,768
,0.0,0.0,0.0,0.0,0.0,0.0,0.0,0.0,0.14,0.11,1.0,1.0,U35417,768
,0.0,0.0,0.0,0.0,0.0,0.0,0.0,0.0,0.06,0.07,1.0,1.0,U87408,768
,0.0,0.0,0.0,0.0,0.0,0.0,0.0,0.0,0.12,0.08,1.0,1.0,U832,768
,0.0,0.0,0.0,0.0,0.0,0.0,0.0,0.0,0.06,0.03,1.0,1.0,U40799,768
,0.0,0.0,0.0,0.0,0.0,0.0,0.0,0.0,0.06,0.04,1.0,1.0,U66516,768
,0.0,0.0,0.0,0.0,0.0,0.0,0.0,0.0,0.18,0.12,1.0,1.0,U44887,768
,0.0,0.0,0.0,0.0,0.0,0.0,0.0,0.0,0.14,0.09,1.0,1.0,U40235,768
,0.0,0.0,0.0,0.0,0.0,0.0,0.0,0.0,0.12,0.09,1.0,1.0,U91314,768
,0.0,0.0,0.0,0.0,0.0,0.0,0.0,0.0,0.16,0.08,1.0,1.0,U11945,768
,0.0,0.0,0.0,0.0,0.0,0.0,0.0,0.0,0.1,0.09,1.0,1.0,U90585,768
,0.0,0.0,0.0,0.0,0.0,0.0,0.0,0.0,0.18,0.11,1.0,1.0,U10133,768
,0.0,0.0,0.0,0.0,0.0,0.0,0.0,0.0,0.06,0.03,1.0,1.0,U73749,768
,0.0,0.0,0.0,0.0,0.0,0.0,0.0,0.0,0.14,0.09,1.0,1.0,U60123,768
,0.0,0.0,0.0,0.0,0.0,0.0,0.0,0.0,0.1,0.06,1.0,1.0,U46518,768
,0.0,0.0,0.0,0.0,0.0,0.0,0.0,0.0,0.22,0.13,1.0,1.0,U68756,768
,0.0,0.0,0.0,0.0,0.0,0.0,0.0,0.0,0.04,0.03,1.0,1.0,U19165,768
,0.0,0.0,0.0,0.0,0.0,0.0,0.0,0.0,0.16,0.1,1.0,1.0,U52629,768
,0.0,0.0,0.0,0.0,0.0,0.0,0.0,0.0,0.18,0.13,1.0,1.0,U25242,768
,0.0,0.0,0.0,0.0,0.0,0.0,0.0,0.0,0.16,0.1,1.0,1.0,U74294,768
,0.0,0.0,0.0,0.0,0.0,0.0,0.0,0.0,0.18,0.1,1.0,1.0,U18599,768
,0.0,0.0,0.0,0.0,0.0,0.0,0.0,0.0,0.06,0.04,1.0,1.0,U54436,768
,0.0,0.0,0.0,0.0,0.0,0.0,0.0,0.0,0.14,0.11,1.0,1.0,U21632,768
,0.0,0.0,0.0,0.0,0.0,0.0,0.0,0.0,0.18,0.11,1.0,1.0,U13880,768
,0.0,0.0,0.0,0.0,0.0,0.0,0.0,0.0,0.16,0.09,1.0,1.0,U85673,768
,0.0,0.0,0.0,0.0,0.0,0.0,0.0,0.0,0.08,0.05,1.0,1.0,U25690,768
,0.0,0.0,0.0,0.0,0.0,0.0,0.0,0.0,0.12,0.09,1.0,1.0,U69674,768
,0.0,0.0,0.0,0.0,0.0,0.0,0.0,0.0,0.16,0.09,1.0,1.0,U23039,768
,0.0,0.0,0.0,0.0,0.0,0.0,0.0,0.0,0.22,0.14,1.0,1.0,U18309,768
,0.0,0.0,0.0,0.0,0.0,0.0,0.0,0.0,0.22,0.13,1.0,1.0,U24192,768
,0.0,0.0,0.0,0.0,0.0,0.0,0.0,0.0,0.22,0.13,1.0,1.0,U46525,768
,0.0,0.0,0.0,0.0,0.0,0.0,0.0,0.0,0.14,0.1,1.0,1.0,U71530,768
,0.0,0.0,0.0,0.0,0.0,0.0,0.0,0.0,0.16,0.1,1.0,1.0,U59105,768
,0.0,0.0,0.0,0.0,0.0,0.0,0.0,0.0,0.18,0.11,1.0,1.0,U67906,768
,0.0,0.0,0.0,0.0,0.0,0.0,0.0,0.0,0.16,0.12,1.0,1.0,U82781,768
,0.0,0.0,0.0,0.0,0.0,0.0,0.0,0.0,0.14,0.09,1.0,1.0,U49070,768
,0.0,0.0,0.0,0.0,0.0,0.0,0.0,0.0,0.02,0.03,1.0,1.0,U15847,768
,0.0,0.0,0.0,0.0,0.0,0.0,0.0,0.0,0.06,0.07,1.0,1.0,U33173,768
,0.0,0.0,0.0,0.0,0.0,0.0,0.0,0.0,0.08,0.06,1.0,1.0,U64651,768
,0.0,0.0,0.0,0.0,0.0,0.0,0.0,0.0,0.06,0.04,1.0,1.0,U19896,768
,0.0,0.0,0.0,0.0,0.0,0.0,0.0,0.0,0.16,0.09,1.0,1.0,U7850,768
,0.0,0.0,0.0,0.0,0.0,0.0,0.0,0.0,0.18,0.11,1.0,1.0,U73036,768
,0.0,0.0,0.0,0.0,0.0,0.0,0.0,0.0,0.12,0.08,1.0,1.0,U29454,768
,0.0,0.0,0.0,0.0,0.0,0.0,0.0,0.0,0.08,0.07,1.0,1.0,U39206,768
,0.0,0.0,0.0,0.0,0.0,0.0,0.0,0.0,0.14,0.11,1.0,1.0,U2444,768
,0.0,0.0,0.0,0.0,0.0,0.0,0.0,0.0,0.14,0.09,1.0,1.0,U43219,768
,0.0,0.0,0.0,0.0,0.0,0.0,0.0,0.0,0.18,0.09,1.0,1.0,U79121,768
,0.0,0.0,0.0,0.0,0.0,0.0,0.0,0.0,0.1,0.09,1.0,1.0,U4009,768
,0.0,0.0,0.0,0.0,0.0,0.0,0.0,0.0,0.06,0.06,1.0,1.0,U65739,768
,0.0,0.0,0.0,0.0,0.0,0.0,0.0,0.0,0.18,0.14,1.0,1.0,U44785,768
,0.0,0.0,0.0,0.0,0.0,0.0,0.0,0.0,0.14,0.11,1.0,1.0,U89495,768
,0.0,0.0,0.0,0.0,0.0,0.0,0.0,0.0,0.12,0.07,1.0,1.0,U55281,768
,0.0,0.0,0.0,0.0,0.0,0.0,0.0,0.0,0.16,0.1,1.0,1.0,U24131,768
,0.0,0.0,0.0,0.0,0.0,0.0,0.0,0.0,0.04,0.03,1.0,1.0,U11274,768
,0.0,0.0,0.0,0.0,0.0,0.0,0.0,0.0,0.16,0.1,1.0,1.0,U81499,768
,0.0,0.0,0.0,0.0,0.0,0.0,0.0,0.0,0.22,0.12,1.0,1.0,U23842,0
,0.0,0.0,0.0,0.0,0.0,0.0,0.0,0.0,0.16,0.13,1.0,1.0,U68004,768
,0.0,0.0,0.0,0.0,0.0,0.0,0.0,0.0,0.14,0.09,1.0,1.0,U31146,768
,0.0,0.0,0.0,0.0,0.0,0.0,0.0,0.0,0.12,0.09,1.0,1.0,U42811,768
,0.0,0.0,0.0,0.0,0.0,0.0,0.0,0.0,0.16,0.11,1.0,1.0,U75934,768
,0.0,0.0,0.0,0.0,0.0,0.0,0.0,0.0,0.14,0.1,1.0,1.0,U48394,768
,0.0,0.0,0.0,0.0,0.0,0.0,0.0,0.0,0.16,0.09,1.0,1.0,U61328,768
,0.0,0.0,0.0,0.0,0.0,0.0,0.0,0.0,0.08,0.08,1.0,1.0,U72730,768
,0.0,0.0,0.0,0.0,0.0,0.0,0.0,0.0,0.1,0.09,1.0,1.0,U81651,768
,0.0,0.0,0.0,0.0,0.0,0.0,0.0,0.0,0.12,0.09,1.0,1.0,U10585,768
,0.0,0.0,0.0,0.0,0.0,0.0,0.0,0.0,0.18,0.11,1.0,1.0,U35476,768
,0.0,0.0,0.0,0.0,0.0,0.0,0.0,0.0,0.12,0.08,1.0,1.0,U38993,768
,0.0,0.0,0.0,0.0,0.0,0.0,0.0,0.0,0.16,0.1,1.0,1.0,U57341,768
,0.0,0.0,0.0,0.0,0.0,0.0,0.0,0.0,0.08,0.06,1.0,1.0,U31586,768
,0.0,0.0,0.0,0.0,0.0,0.0,0.0,0.0,0.08,0.04,1.0,1.0,U88900,768
,0.0,0.0,0.0,0.0,0.0,0.0,0.0,0.0,0.16,0.11,1.0,1.0,U81028,768
,0.0,0.0,0.0,0.0,0.0,0.0,0.0,0.0,0.16,0.11,1.0,1.0,U17400,768
,0.0,0.0,0.0,0.0,0.0,0.0,0.0,0.0,0.18,0.13,1.0,1.0,U12852,768
0.6884422110552764,0.015873015873015872,0.0,0.0,0.0,0.0,0.0,0.3333333333333333,0.3333333333333333,0.18,0.1,1.0,1.0,U92165,768
,0.0,0.0,0.0,0.0,0.0,0.0,0.0,0.0,0.04,0.03,1.0,1.0,U35832,768
,0.0,0.0,0.0,0.0,0.0,0.0,0.0,0.0,0.06,0.03,1.0,1.0,U4786,768
,0.0,0.0,0.0,0.0,0.0,0.0,0.0,0.0,0.1,0.07,1.0,1.0,U2906,768
,0.0,0.0,0.0,0.0,0.0,0.0,0.0,0.0,0.1,0.1,1.0,1.0,U48345,768
,0.0,0.0,0.0,0.0,0.0,0.0,0.0,0.0,0.1,0.05,1.0,1.0,U15488,768
,0.0,0.0,0.0,0.0,0.0,0.0,0.0,0.0,0.18,0.09,1.0,1.0,U77463,768
,0.0,0.0,0.0,0.0,0.0,0.0,0.0,0.0,0.1,0.07,1.0,1.0,U56749,768
,0.0,0.0,0.0,0.0,0.0,0.0,0.0,0.0,0.16,0.11,1.0,1.0,U56668,768
,0.0,0.0,0.0,0.0,0.0,0.0,0.0,0.0,0.12,0.11,1.0,1.0,U46729,768
,0.0,0.0,0.0,0.0,0.0,0.0,0.0,0.0,0.24,0.12,1.0,1.0,U77864,768
,0.0,0.0,0.0,0.0,0.0,0.0,0.0,0.0,0.22,0.11,1.0,1.0,U8145,768
,0.0,0.0,0.0,0.0,0.0,0.0,0.0,0.0,0.2,0.13,1.0,1.0,U89677,768
,0.0,0.0,0.0,0.0,0.0,0.0,0.0,0.0,0.16,0.1,1.0,1.0,U21718,768
,0.0,0.0,0.0,0.0,0.0,0.0,0.0,0.0,0.12,0.09,1.0,1.0,U78747,768
,0.0,0.0,0.0,0.0,0.0,0.0,0.0,0.0,0.2,0.13,1.0,1.0,U29869,768
,0.0,0.0,0.0,0.0,0.0,0.0,0.0,0.0,0.02,0.02,1.0,1.0,U26496,768
,0.0,0.0,0.0,0.0,0.0,0.0,0.0,0.0,0.14,0.11,1.0,1.0,U14378,768
,0.0,0.0,0.0,0.0,0.0,0.0,0.0,0.0,0.12,0.07,1.0,1.0,U46745,768
,0.0,0.0,0.0,0.0,0.0,0.0,0.0,0.0,0.16,0.1,1.0,1.0,U23672,768
,0.0,0.0,0.0,0.0,0.0,0.0,0.0,0.0,0.18,0.11,1.0,1.0,U34236,768
,0.0,0.0,0.0,0.0,0.0,0.0,0.0,0.0,0.16,0.1,1.0,1.0,U93983,768
0.6733668341708543,0.015151515151515152,0.0,0.0,0.0,0.0,0.0,1.0,1.0,0.18,0.11,1.0,1.0,U14609,768
,0.0,0.0,0.0,0.0,0.0,0.0,0.0,0.0,0.14,0.09,1.0,1.0,U70149,768
,0.0,0.0,0.0,0.0,0.0,0.0,0.0,0.0,0.1,0.07,1.0,1.0,U64906,768
,0.0,0.0,0.0,0.0,0.0,0.0,0.0,0.0,0.24,0.14,1.0,1.0,U36585,768
,0.0,0.0,0.0,0.0,0.0,0.0,0.0,0.0,0.06,0.07,1.0,1.0,U63051,768
,0.0,0.0,0.0,0.0,0.0,0.0,0.0,0.0,0.16,0.09,1.0,1.0,U77675,768
,0.0,0.0,0.0,0.0,0.0,0.0,0.0,0.0,0.1,0.05,1.0,1.0,U49282,768
,0.0,0.0,0.0,0.0,0.0,0.0,0.0,0.0,0.22,0.12,1.0,1.0,U78625,0
,0.0,0.0,0.0,0.0,0.0,0.0,0.0,0.0,0.14,0.09,1.0,1.0,U15565,768
,0.0,0.0,0.0,0.0,0.0,0.0,0.0,0.0,0.06,0.05,1.0,1.0,U48545,768
,0.0,0.0,0.0,0.0,0.0,0.0,0.0,0.0,0.04,0.03,1.0,1.0,U12620,768
,0.0,0.0,0.0,0.0,0.0,0.0,0.0,0.0,0.16,0.11,1.0,1.0,U76771,768
,0.0,0.0,0.0,0.0,0.0,0.0,0.0,0.0,0.18,0.13,1.0,1.0,U55219,768
,0.0,0.0,0.0,0.0,0.0,0.0,0.0,0.0,0.2,0.1,1.0,1.0,U51070,768
,0.0,0.0,0.0,0.0,0.0,0.0,0.0,0.0,0.22,0.12,1.0,1.0,U72957,768
,0.0,0.0,0.0,0.0,0.0,0.0,0.0,0.0,0.06,0.03,1.0,1.0,U82988,768
,0.0,0.0,0.0,0.0,0.0,0.0,0.0,0.0,0.08,0.08,1.0,1.0,U78148,768
,0.0,0.0,0.0,0.0,0.0,0.0,0.0,0.0,0.14,0.1,1.0,1.0,U23235,768
,0.0,0.0,0.0,0.0,0.0,0.0,0.0,0.0,0.08,0.1,1.0,1.0,U69640,768
,0.0,0.0,0.0,0.0,0.0,0.0,0.0,0.0,0.14,0.1,1.0,1.0,U47537,768
,0.0,0.0,0.0,0.0,0.0,0.0,0.0,0.0,0.1,0.07,1.0,1.0,U45595,768
,0.0,0.0,0.0,0.0,0.0,0.0,0.0,0.0,0.18,0.12,1.0,1.0,U68482,768
,0.0,0.0,0.0,0.0,0.0,0.0,0.0,0.0,0.2,0.11,1.0,1.0,U71967,768
,0.0,0.0,0.0,0.0,0.0,0.0,0.0,0.0,0.22,0.12,1.0,1.0,U7950,768
,0.0,0.0,0.0,0.0,0.0,0.0,0.0,0.0,0.16,0.13,1.0,1.0,U9230,768
,0.0,0.0,0.0,0.0,0.0,0.0,0.0,0.0,0.16,0.1,1.0,1.0,U77416,768
,0.0,0.0,0.0,0.0,0.0,0.0,0.0,0.0,0.2,0.11,1.0,1.0,U88586,768
,0.0,0.0,0.0,0.0,0.0,0.0,0.0,0.0,0.22,0.12,1.0,1.0,U72692,768
,0.0,0.0,0.0,0.0,0.0,0.0,0.0,0.0,0.24,0.14,1.0,1.0,U46332,0
,0.0,0.0,0.0,0.0,0.0,0.0,0.0,0.0,0.14,0.1,1.0,1.0,U36108,768
,0.0,0.0,0.0,0.0,0.0,0.0,0.0,0.0,0.14,0.09,1.0,1.0,U78644,768
,0.0,0.0,0.0,0.0,0.0,0.0,0.0,0.0,0.18,0.1,1.0,1.0,U382,768
,0.0,0.0,0.0,0.0,0.0,0.0,0.0,0.0,0.12,0.08,1.0,1.0,U72982,768
,0.0,0.0,0.0,0.0,0.0,0.0,0.0,0.0,0.12,0.08,1.0,1.0,U40495,768
,0.0,0.0,0.0,0.0,0.0,0.0,0.0,0.0,0.18,0.1,1.0,1.0,U3107,768
,0.0,0.0,0.0,0.0,0.0,0.0,0.0,0.0,0.04,0.02,1.0,1.0,U76668,768
,0.0,0.0,0.0,0.0,0.0,0.0,0.0,0.0,0.08,0.08,1.0,1.0,U12226,768
,0.0,0.0,0.0,0.0,0.0,0.0,0.0,0.0,0.2,0.11,1.0,1.0,U72003,768
,0.0,0.0,0.0,0.0,0.0,0.0,0.0,0.0,0.12,0.08,1.0,1.0,U74130,768
,0.0,0.0,0.0,0.0,0.0,0.0,0.0,0.0,0.16,0.09,1.0,1.0,U609,768
,0.0,0.0,0.0,0.0,0.0,0.0,0.0,0.0,0.12,0.08,1.0,1.0,U77328,768
,0.0,0.0,0.0,0.0,0.0,0.0,0.0,0.0,0.06,0.05,1.0,1.0,U20001,768
,0.0,0.0,0.0,0.0,0.0,0.0,0.0,0.0,0.1,0.08,1.0,1.0,U69498,768
0.1658291457286432,0.005988023952095809,0.0,0.0,0.0,0.0,0.0,0.0,1.0,0.02,0.02,1.0,1.0,U73386,768
,0.0,0.0,0.0,0.0,0.0,0.0,0.0,0.0,0.02,0.03,1.0,1.0,U3289,768
,0.0,0.0,0.0,0.0,0.0,0.0,0.0,0.0,0.1,0.06,1.0,1.0,U78943,768
0.035175879396984924,0.0051813471502590676,0.0,0.0,0.0,0.0,0.0,0.0,0.3333333333333333,0.2,0.11,1.0,1.0,U45969,768
,0.0,0.0,0.0,0.0,0.0,0.0,0.0,0.0,0.04,0.02,1.0,1.0,U60237,768
,0.0,0.0,0.0,0.0,0.0,0.0,0.0,0.0,0.14,0.09,1.0,1.0,U83071,768
,0.0,0.0,0.0,0.0,0.0,0.0,0.0,0.0,0.1,0.06,1.0,1.0,U54218,768
,0.0,0.0,0.0,0.0,0.0,0.0,0.0,0.0,0.08,0.05,1.0,1.0,U77659,768
,0.0,0.0,0.0,0.0,0.0,0.0,0.0,0.0,0.12,0.1,1.0,1.0,U49330,768
,0.0,0.0,0.0,0.0,0.0,0.0,0.0,0.0,0.14,0.07,1.0,1.0,U8989,768
,0.0,0.0,0.0,0.0,0.0,0.0,0.0,0.0,0.14,0.09,1.0,1.0,U39239,768
,0.0,0.0,0.0,0.0,0.0,0.0,0.0,0.0,0.22,0.11,1.0,1.0,U58451,768
,0.0,0.0,0.0,0.0,0.0,0.0,0.0,0.0,0.08,0.07,1.0,1.0,U86330,768
,0.0,0.0,0.0,0.0,0.0,0.0,0.0,0.0,0.16,0.1,1.0,1.0,U15683,768
,0.0,0.0,0.0,0.0,0.0,0.0,0.0,0.0,0.08,0.06,1.0,1.0,U20856,768
0.9246231155778895,0.0625,0.0,0.0,0.0,0.0,0.3333333333333333,0.3333333333333333,0.3333333333333333,0.14,0.11,1.0,1.0,U63743,768
,0.0,0.0,0.0,0.0,0.0,0.0,0.0,0.0,0.12,0.09,1.0,1.0,U72058,768
,0.0,0.0,0.0,0.0,0.0,0.0,0.0,0.0,0.08,0.06,1.0,1.0,U80862,768
,0.0,0.0,0.0,0.0,0.0,0.0,0.0,0.0,0.08,0.04,1.0,1.0,U23601,768
,0.0,0.0,0.0,0.0,0.0,0.0,0.0,0.0,0.08,0.07,1.0,1.0,U65743,768
0.5979899497487438,0.012345679012345678,0.0,0.0,0.0,0.0,0.0,0.25,0.25,0.1,0.09,1.0,1.0,U68212,768
,0.0,0.0,0.0,0.0,0.0,0.0,0.0,0.0,0.1,0.06,1.0,1.0,U92991,768
,0.0,0.0,0.0,0.0,0.0,0.0,0.0,0.0,0.08,0.08,1.0,1.0,U31220,768
,0.0,0.0,0.0,0.0,0.0,0.0,0.0,0.0,0.18,0.12,1.0,1.0,U2626,768
,0.0,0.0,0.0,0.0,0.0,0.0,0.0,0.0,0.08,0.07,1.0,1.0,U37947,768
,0.0,0.0,0.0,0.0,0.0,0.0,0.0,0.0,0.14,0.08,1.0,1.0,U93155,768
,0.0,0.0,0.0,0.0,0.0,0.0,0.0,0.0,0.08,0.06,1.0,1.0,U48280,768
,0.0,0.0,0.0,0.0,0.0,0.0,0.0,0.0,0.12,0.07,1.0,1.0,U49931,768
,0.0,0.0,0.0,0.0,0.0,0.0,0.0,0.0,0.22,0.12,1.0,1.0,U74762,768
,0.0,0.0,0.0,0.0,0.0,0.0,0.0,0.0,0.2,0.13,1.0,1.0,U6386,768
,0.0,0.0,0.0,0.0,0.0,0.0,0.0,0.0,0.06,0.04,1.0,1.0,U57710,768
,0.0,0.0,0.0,0.0,0.0,0.0,0.0,0.0,0.02,0.01,1.0,1.0,U78626,768
,0.0,0.0,0.0,0.0,0.0,0.0,0.0,0.0,0.1,0.08,1.0,1.0,U71255,768
,0.0,0.0,0.0,0.0,0.0,0.0,0.0,0.0,0.2,0.11,1.0,1.0,U26787,768
,0.0,0.0,0.0,0.0,0.0,0.0,0.0,0.0,0.2,0.11,1.0,1.0,U27639,768
,0.0,0.0,0.0,0.0,0.0,0.0,0.0,0.0,0.14,0.09,1.0,1.0,U38917,768
,0.0,0.0,0.0,0.0,0.0,0.0,0.0,0.0,0.02,0.02,1.0,1.0,U49010,768
,0.0,0.0,0.0,0.0,0.0,0.0,0.0,0.0,0.08,0.04,1.0,1.0,U27736,768
,0.0,0.0,0.0,0.0,0.0,0.0,0.0,0.0,0.14,0.09,1.0,1.0,U10700,768
0.5728643216080402,0.011627906976744186,0.0,0.0,0.0,0.0,0.0,0.3333333333333333,0.3333333333333333,0.18,0.12,1.0,1.0,U83804,768
,0.0,0.0,0.0,0.0,0.0,0.0,0.0,0.0,0.12,0.07,1.0,1.0,U25068,768
,0.0,0.0,0.0,0.0,0.0,0.0,0.0,0.0,0.12,0.06,1.0,1.0,U40491,768
,0.0,0.0,0.0,0.0,0.0,0.0,0.0,0.0,0.14,0.08,1.0,1.0,U31624,768
,0.0,0.0,0.0,0.0,0.0,0.0,0.0,0.0,0.08,0.05,1.0,1.0,U93588,768
,0.0,0.0,0.0,0.0,0.0,0.0,0.0,0.0,0.12,0.12,1.0,1.0,U35141,768
,0.0,0.0,0.0,0.0,0.0,0.0,0.0,0.0,0.14,0.08,1.0,1.0,U93633,768
,0.0,0.0,0.0,0.0,0.0,0.0,0.0,0.0,0.18,0.1,1.0,1.0,U36743,768
,0.0,0.0,0.0,0.0,0.0,0.0,0.0,0.0,0.24,0.14,1.0,1.0,U41109,0
,0.0,0.0,0.0,0.0,0.0,0.0,0.0,0.0,0.04,0.02,1.0,1.0,U3416,768
,0.0,0.0,0.0,0.0,0.0,0.0,0.0,0.0,0.12,0.09,1.0,1.0,U26692,768
,0.0,0.0,0.0,0.0,0.0,0.0,0.0,0.0,0.02,0.01,1.0,1.0,U27262,768
,0.0,0.0,0.0,0.0,0.0,0.0,0.0,0.0,0.14,0.08,1.0,1.0,U91846,768
,0.0,0.0,0.0,0.0,0.0,0.0,0.0,0.0,0.08,0.05,1.0,1.0,U32232,768
,0.0,0.0,0.0,0.0,0.0,0.0,0.0,0.0,0.14,0.14,1.0,1.0,U8538,768
,0.0,0.0,0.0,0.0,0.0,0.0,0.0,0.0,0.16,0.12,1.0,1.0,U48683,768
,0.0,0.0,0.0,0.0,0.0,0.0,0.0,0.0,0.06,0.03,1.0,1.0,U78428,768
,0.0,0.0,0.0,0.0,0.0,0.0,0.0,0.0,0.22,0.11,1.0,1.0,U92650,768
,0.0,0.0,0.0,0.0,0.0,0.0,0.0,0.0,0.16,0.13,1.0,1.0,U9160,768
,0.0,0.0,0.0,0.0,0.0,0.0,0.0,0.0,0.14,0.1,1.0,1.0,U58813,768
,0.0,0.0,0.0,0.0,0.0,0.0,0.0,0.0,0.18,0.11,1.0,1.0,U39219,768
0.696969696969697,0.029411764705882353,0.0,0.0,0.0,0.0,0.5,1.0,1.0,0.18,0.1,1.0,1.0,U28451,768
,0.0,0.0,0.0,0.0,0.0,0.0,0.0,0.0,0.24,0.13,1.0,1.0,U41454,0
,0.0,0.0,0.0,0.0,0.0,0.0,0.0,0.0,0.2,0.12,1.0,1.0,U22712,768
,0.0,0.0,0.0,0.0,0.0,0.0,0.0,0.0,0.12,0.1,1.0,1.0,U11357,768
,0.0,0.0,0.0,0.0,0.0,0.0,0.0,0.0,0.26,0.14,1.0,1.0,U82895,0
,0.0,0.0,0.0,0.0,0.0,0.0,0.0,0.0,0.2,0.13,1.0,1.0,U11014,768
,0.0,0.0,0.0,0.0,0.0,0.0,0.0,0.0,0.2,0.12,1.0,1.0,U7378,768
,0.0,0.0,0.0,0.0,0.0,0.0,0.0,0.0,0.14,0.09,1.0,1.0,U67383,768
,0.0,0.0,0.0,0.0,0.0,0.0,0.0,0.0,0.08,0.04,1.0,1.0,U33597,768
,0.0,0.0,0.0,0.0,0.0,0.0,0.0,0.0,0.18,0.1,1.0,1.0,U62071,768
,0.0,0.0,0.0,0.0,0.0,0.0,0.0,0.0,0.16,0.1,1.0,1.0,U38100,768
,0.0,0.0,0.0,0.0,0.0,0.0,0.0,0.0,0.2,0.1,1.0,1.0,U69740,768
,0.0,0.0,0.0,0.0,0.0,0.0,0.0,0.0,0.2,0.12,1.0,1.0,U37973,768
,0.0,0.0,0.0,0.0,0.0,0.0,0.0,0.0,0.12,0.09,1.0,1.0,U56672,768
,0.0,0.0,0.0,0.0,0.0,0.0,0.0,0.0,0.18,0.09,1.0,1.0,U18454,768
,0.0,0.0,0.0,0.0,0.0,0.0,0.0,0.0,0.14,0.1,1.0,1.0,U45074,768
,0.0,0.0,0.0,0.0,0.0,0.0,0.0,0.0,0.06,0.03,1.0,1.0,U81250,768
,0.0,0.0,0.0,0.0,0.0,0.0,0.0,0.0,0.22,0.12,1.0,1.0,U82799,0
,0.0,0.0,0.0,0.0,0.0,0.0,0.0,0.0,0.02,0.04,1.0,1.0,U12108,768
,0.0,0.0,0.0,0.0,0.0,0.0,0.0,0.0,0.08,0.09,1.0,1.0,U29504,768
,0.0,0.0,0.0,0.0,0.0,0.0,0.0,0.0,0.14,0.09,1.0,1.0,U58274,768
,0.0,0.0,0.0,0.0,0.0,0.0,0.0,0.0,0.18,0.1,1.0,1.0,U87903,768
0.44221105527638194,0.008928571428571428,0.0,0.0,0.0,0.0,0.0,0.0,0.3333333333333333,0.24,0.13,1.0,1.0,U39537,768
,0.0,0.0,0.0,0.0,0.0,0.0,0.0,0.0,0.1,0.08,1.0,1.0,U22069,768
,0.0,0.0,0.0,0.0,0.0,0.0,0.0,0.0,0.18,0.13,1.0,1.0,U28523,768
,0.0,0.0,0.0,0.0,0.0,0.0,0.0,0.0,0.04,0.02,1.0,1.0,U27664,768
,0.0,0.0,0.0,0.0,0.0,0.0,0.0,0.0,0.14,0.12,1.0,1.0,U32421,768
,0.0,0.0,0.0,0.0,0.0,0.0,0.0,0.0,0.18,0.11,1.0,1.0,U43653,768
,0.0,0.0,0.0,0.0,0.0,0.0,0.0,0.0,0.2,0.1,1.0,1.0,U43306,768
,0.0,0.0,0.0,0.0,0.0,0.0,0.0,0.0,0.2,0.11,1.0,1.0,U35804,768
,0.0,0.0,0.0,0.0,0.0,0.0,0.0,0.0,0.18,0.1,1.0,1.0,U52951,768
,0.0,0.0,0.0,0.0,0.0,0.0,0.0,0.0,0.14,0.11,1.0,1.0,U38627,768
,0.0,0.0,0.0,0.0,0.0,0.0,0.0,0.0,0.16,0.09,1.0,1.0,U63126,768
,0.0,0.0,0.0,0.0,0.0,0.0,0.0,0.0,0.08,0.09,1.0,1.0,U32824,768
,0.0,0.0,0.0,0.0,0.0,0.0,0.0,0.0,0.2,0.12,1.0,1.0,U73220,768
,0.0,0.0,0.0,0.0,0.0,0.0,0.0,0.0,0.18,0.1,1.0,1.0,U41801,768
,0.0,0.0,0.0,0.0,0.0,0.0,0.0,0.0,0.2,0.12,1.0,1.0,U5752,768
,0.0,0.0,0.0,0.0,0.0,0.0,0.0,0.0,0.04,0.04,1.0,1.0,U67372,768
,0.0,0.0,0.0,0.0,0.0,0.0,0.0,0.0,0.22,0.14,1.0,1.0,U91003,0
,0.0,0.0,0.0,0.0,0.0,0.0,0.0,0.0,0.16,0.11,1.0,1.0,U31846,768
,0.0,0.0,0.0,0.0,0.0,0.0,0.0,0.0,0.18,0.09,1.0,1.0,U38035,768
,0.0,0.0,0.0,0.0,0.0,0.0,0.0,0.0,0.14,0.1,1.0,1.0,U75354,768
,0.0,0.0,0.0,0.0,0.0,0.0,0.0,0.0,0.18,0.12,1.0,1.0,U20138,768
,0.0,0.0,0.0,0.0,0.0,0.0,0.0,0.0,0.14,0.1,1.0,1.0,U90934,768
,0.0,0.0,0.0,0.0,0.0,0.0,0.0,0.0,0.02,0.03,1.0,1.0,U3213,768
0.24120603015075376,0.006578947368421052,0.0,0.0,0.0,0.0,0.0,0.0,0.1,0.18,0.13,1.0,1.0,U26081,768
,0.0,0.0,0.0,0.0,0.0,0.0,0.0,0.0,0.16,0.11,1.0,1.0,U4606,768
,0.0,0.0,0.0,0.0,0.0,0.0,0.0,0.0,0.04,0.07,1.0,1.0,U53441,768
,0.0,0.0,0.0,0.0,0.0,0.0,0.0,0.0,0.16,0.09,1.0,1.0,U34883,768
,0.0,0.0,0.0,0.0,0.0,0.0,0.0,0.0,0.18,0.11,1.0,1.0,U24158,768
,0.0,0.0,0.0,0.0,0.0,0.0,0.0,0.0,0.22,0.11,1.0,1.0,U76566,768
,0.0,0.0,0.0,0.0,0.0,0.0,0.0,0.0,0.04,0.04,1.0,1.0,U77084,768
,0.0,0.0,0.0,0.0,0.0,0.0,0.0,0.0,0.06,0.04,1.0,1.0,U70725,768
,0.0,0.0,0.0,0.0,0.0,0.0,0.0,0.0,0.14,0.08,1.0,1.0,U76671,768
,0.0,0.0,0.0,0.0,0.0,0.0,0.0,0.0,0.14,0.11,1.0,1.0,U81272,768
,0.0,0.0,0.0,0.0,0.0,0.0,0.0,0.0,0.14,0.09,1.0,1.0,U23646,768
,0.0,0.0,0.0,0.0,0.0,0.0,0.0,0.0,0.1,0.1,1.0,1.0,U51871,768
,0.0,0.0,0.0,0.0,0.0,0.0,0.0,0.0,0.16,0.13,1.0,1.0,U98,768
,0.0,0.0,0.0,0.0,0.0,0.0,0.0,0.0,0.16,0.11,1.0,1.0,U57567,768
,0.0,0.0,0.0,0.0,0.0,0.0,0.0,0.0,0.06,0.04,1.0,1.0,U53878,768
,0.0,0.0,0.0,0.0,0.0,0.0,0.0,0.0,0.12,0.07,1.0,1.0,U26469,768
,0.0,0.0,0.0,0.0,0.0,0.0,0.0,0.0,0.12,0.07,1.0,1.0,U23994,768
,0.0,0.0,0.0,0.0,0.0,0.0,0.0,0.0,0.18,0.1,1.0,1.0,U26209,768
,0.0,0.0,0.0,0.0,0.0,0.0,0.0,0.0,0.06,0.06,1.0,1.0,U31240,768
,0.0,0.0,0.0,0.0,0.0,0.0,0.0,0.0,0.08,0.06,1.0,1.0,U56894,768
,0.0,0.0,0.0,0.0,0.0,0.0,0.0,0.0,0.18,0.1,1.0,1.0,U81494,768
,0.0,0.0,0.0,0.0,0.0,0.0,0.0,0.0,0.2,0.12,1.0,1.0,U57535,768
,0.0,0.0,0.0,0.0,0.0,0.0,0.0,0.0,0.16,0.12,1.0,1.0,U61321,768
,0.0,0.0,0.0,0.0,0.0,0.0,0.0,0.0,0.16,0.1,1.0,1.0,U43892,768
,0.0,0.0,0.0,0.0,0.0,0.0,0.0,0.0,0.06,0.05,1.0,1.0,U5252,768
,0.0,0.0,0.0,0.0,0.0,0.0,0.0,0.0,0.22,0.12,1.0,1.0,U48700,768
,0.0,0.0,0.0,0.0,0.0,0.0,0.0,0.0,0.2,0.11,1.0,1.0,U17430,768
,0.0,0.0,0.0,0.0,0.0,0.0,0.0,0.0,0.18,0.1,1.0,1.0,U1266,768
,0.0,0.0,0.0,0.0,0.0,0.0,0.0,0.0,0.1,0.05,1.0,1.0,U62753,768
,0.0,0.0,0.0,0.0,0.0,0.0,0.0,0.0,0.14,0.11,1.0,1.0,U5273,768
,0.0,0.0,0.0,0.0,0.0,0.0,0.0,0.0,0.2,0.12,1.0,1.0,U8796,768
,0.0,0.0,0.0,0.0,0.0,0.0,0.0,0.0,0.24,0.14,1.0,1.0,U68125,0
,0.0,0.0,0.0,0.0,0.0,0.0,0.0,0.0,0.24,0.14,1.0,1.0,U4411,0
,0.0,0.0,0.0,0.0,0.0,0.0,0.0,0.0,0.16,0.12,1.0,1.0,U93793,768
,0.0,0.0,0.0,0.0,0.0,0.0,0.0,0.0,0.12,0.08,1.0,1.0,U49449,768
,0.0,0.0,0.0,0.0,0.0,0.0,0.0,0.0,0.12,0.1,1.0,1.0,U5374,768
,0.0,0.0,0.0,0.0,0.0,0.0,0.0,0.0,0.14,0.09,1.0,1.0,U4472,768
,0.0,0.0,0.0,0.0,0.0,0.0,0.0,0.0,0.18,0.12,1.0,1.0,U57874,768
0.20100502512562815,0.00625,0.0,0.0,0.0,0.0,0.0,0.0,1.0,0.04,0.06,1.0,1.0,U69415,768
,0.0,0.0,0.0,0.0,0.0,0.0,0.0,0.0,0.1,0.07,1.0,1.0,U62755,768
,0.0,0.0,0.0,0.0,0.0,0.0,0.0,0.0,0.14,0.11,1.0,1.0,U52556,768
,0.0,0.0,0.0,0.0,0.0,0.0,0.0,0.0,0.14,0.11,1.0,1.0,U55074,768
,0.0,0.0,0.0,0.0,0.0,0.0,0.0,0.0,0.12,0.1,1.0,1.0,U39037,768
,0.0,0.0,0.0,0.0,0.0,0.0,0.0,0.0,0.16,0.11,1.0,1.0,U92731,768
,0.0,0.0,0.0,0.0,0.0,0.0,0.0,0.0,0.2,0.1,1.0,1.0,U70300,768
0.8894472361809045,0.043478260869565216,0.0,0.0,0.0,0.0,1.0,1.0,1.0,0.02,0.01,1.0,1.0,U41497,768
,0.0,0.0,0.0,0.0,0.0,0.0,0.0,0.0,0.14,0.11,1.0,1.0,U81526,768
,0.0,0.0,0.0,0.0,0.0,0.0,0.0,0.0,0.1,0.09,1.0,1.0,U15469,768
,0.0,0.0,0.0,0.0,0.0,0.0,0.0,0.0,0.06,0.04,1.0,1.0,U92611,768
,0.0,0.0,0.0,0.0,0.0,0.0,0.0,0.0,0.16,0.09,1.0,1.0,U42570,768
,0.0,0.0,0.0,0.0,0.0,0.0,0.0,0.0,0.16,0.09,1.0,1.0,U68776,768
,0.0,0.0,0.0,0.0,0.0,0.0,0.0,0.0,0.04,0.03,1.0,1.0,U80455,768
,0.0,0.0,0.0,0.0,0.0,0.0,0.0,0.0,0.04,0.02,1.0,1.0,U78722,768
,0.0,0.0,0.0,0.0,0.0,0.0,0.0,0.0,0.12,0.1,1.0,1.0,U58286,768
,0.0,0.0,0.0,0.0,0.0,0.0,0.0,0.0,0.08,0.08,1.0,1.0,U2974,768
,0.0,0.0,0.0,0.0,0.0,0.0,0.0,0.0,0.24,0.14,1.0,1.0,U72281,768
,0.0,0.0,0.0,0.0,0.0,0.0,0.0,0.0,0.12,0.06,1.0,1.0,U78380,768
0.8442211055276382,0.03125,0.0,0.0,0.0,0.0,1.0,1.0,1.0,0.12,0.09,1.0,1.0,U8666,768
,0.0,0.0,0.0,0.0,0.0,0.0,0.0,0.0,0.1,0.09,1.0,1.0,U37001,768
0.7688442211055276,0.02127659574468085,0.0,0.0,0.0,0.0,1.0,1.0,1.0,0.12,0.09,1.0,1.0,U63701,768
,0.0,0.0,0.0,0.0,0.0,0.0,0.0,0.0,0.18,0.11,1.0,1.0,U26536,768
,0.0,0.0,0.0,0.0,0.0,0.0,0.0,0.0,0.18,0.11,1.0,1.0,U52912,768
0.04020100502512563,0.005208333333333333,0.0,0.0,0.0,0.0,0.0,0.0,1.0,0.02,0.01,1.0,1.0,U92241,768
,0.0,0.0,0.0,0.0,0.0,0.0,0.0,0.0,0.16,0.09,1.0,1.0,U67524,768
,0.0,0.0,0.0,0.0,0.0,0.0,0.0,0.0,0.04,0.03,1.0,1.0,U83600,768
0.8944723618090452,0.045454545454545456,0.0,0.0,0.0,0.0,0.25,0.25,0.25,0.2,0.12,1.0,1.0,U67859,768
,0.0,0.0,0.0,0.0,0.0,0.0,0.0,0.0,0.14,0.11,1.0,1.0,U48894,768
,0.0,0.0,0.0,0.0,0.0,0.0,0.0,0.0,0.2,0.11,1.0,1.0,U59330,768
,0.0,0.0,0.0,0.0,0.0,0.0,0.0,0.0,0.2,0.13,1.0,1.0,U67508,768
,0.0,0.0,0.0,0.0,0.0,0.0,0.0,0.0,0.2,0.11,1.0,1.0,U26357,768
,0.0,0.0,0.0,0.0,0.0,0.0,0.0,0.0,0.18,0.1,1.0,1.0,U34203,768
0.6432160804020101,0.013888888888888888,0.0,0.0,0.0,0.0,0.0,0.3333333333333333,0.3333333333333333,0.2,0.1,1.0,1.0,U10451,768
,0.0,0.0,0.0,0.0,0.0,0.0,0.0,0.0,0.02,0.03,1.0,1.0,U66418,768
,0.0,0.0,0.0,0.0,0.0,0.0,0.0,0.0,0.16,0.11,1.0,1.0,U11895,768
,0.0,0.0,0.0,0.0,0.0,0.0,0.0,0.0,0.16,0.1,1.0,1.0,U16131,768
,0.0,0.0,0.0,0.0,0.0,0.0,0.0,0.0,0.1,0.05,1.0,1.0,U24775,768
,0.0,0.0,0.0,0.0,0.0,0.0,0.0,0.0,0.16,0.1,1.0,1.0,U1083,768
,0.0,0.0,0.0,0.0,0.0,0.0,0.0,0.0,0.24,0.14,1.0,1.0,U12403,0
,0.0,0.0,0.0,0.0,0.0,0.0,0.0,0.0,0.18,0.12,1.0,1.0,U22938,768
,0.0,0.0,0.0,0.0,0.0,0.0,0.0,0.0,0.18,0.11,1.0,1.0,U89832,768
,0.0,0.0,0.0,0.0,0.0,0.0,0.0,0.0,0.18,0.11,1.0,1.0,U24161,768
,0.0,0.0,0.0,0.0,0.0,0.0,0.0,0.0,0.08,0.09,1.0,1.0,U22954,768
,0.0,0.0,0.0,0.0,0.0,0.0,0.0,0.0,0.16,0.08,1.0,1.0,U19880,768
,0.0,0.0,0.0,0.0,0.0,0.0,0.0,0.0,0.14,0.09,1.0,1.0,U68843,768
,0.0,0.0,0.0,0.0,0.0,0.0,0.0,0.0,0.18,0.11,1.0,1.0,U58282,768
,0.0,0.0,0.0,0.0,0.0,0.0,0.0,0.0,0.14,0.08,1.0,1.0,U66358,768
,0.0,0.0,0.0,0.0,0.0,0.0,0.0,0.0,0.1,0.1,1.0,1.0,U70985,768
,0.0,0.0,0.0,0.0,0.0,0.0,0.0,0.0,0.08,0.04,1.0,1.0,U78101,768
,0.0,0.0,0.0,0.0,0.0,0.0,0.0,0.0,0.16,0.09,1.0,1.0,U64280,768
,0.0,0.0,0.0,0.0,0.0,0.0,0.0,0.0,0.2,0.1,1.0,1.0,U11185,768
,0.0,0.0,0.0,0.0,0.0,0.0,0.0,0.0,0.22,0.13,1.0,1.0,U28048,768
,0.0,0.0,0.0,0.0,0.0,0.0,0.0,0.0,0.14,0.08,1.0,1.0,U21776,768
,0.0,0.0,0.0,0.0,0.0,0.0,0.0,0.0,0.18,0.1,1.0,1.0,U51964,768
,0.0,0.0,0.0,0.0,0.0,0.0,0.0,0.0,0.16,0.1,1.0,1.0,U21942,768
,0.0,0.0,0.0,0.0,0.0,0.0,0.0,0.0,0.12,0.09,1.0,1.0,U8852,768
,0.0,0.0,0.0,0.0,0.0,0.0,0.0,0.0,0.14,0.09,1.0,1.0,U44225,768
,0.0,0.0,0.0,0.0,0.0,0.0,0.0,0.0,0.12,0.11,1.0,1.0,U18266,768
,0.0,0.0,0.0,0.0,0.0,0.0,0.0,0.0,0.1,0.07,1.0,1.0,U82564,768
,0.0,0.0,0.0,0.0,0.0,0.0,0.0,0.0,0.2,0.13,1.0,1.0,U60965,768
,0.0,0.0,0.0,0.0,0.0,0.0,0.0,0.0,0.08,0.08,1.0,1.0,U77990,768
,0.0,0.0,0.0,0.0,0.0,0.0,0.0,0.0,0.24,0.14,1.0,1.0,U8310,768
,0.0,0.0,0.0,0.0,0.0,0.0,0.0,0.0,0.2,0.1,1.0,1.0,U76535,768
,0.0,0.0,0.0,0.0,0.0,0.0,0.0,0.0,0.16,0.08,1.0,1.0,U45719,768
,0.0,0.0,0.0,0.0,0.0,0.0,0.0,0.0,0.02,0.04,1.0,1.0,U82866,768
,0.0,0.0,0.0,0.0,0.0,0.0,0.0,0.0,0.2,0.1,1.0,1.0,U77699,768
,0.0,0.0,0.0,0.0,0.0,0.0,0.0,0.0,0.18,0.11,1.0,1.0,U56190,768
,0.0,0.0,0.0,0.0,0.0,0.0,0.0,0.0,0.06,0.04,1.0,1.0,U55636,768
,0.0,0.0,0.0,0.0,0.0,0.0,0.0,0.0,0.18,0.11,1.0,1.0,U87258,768
,0.0,0.0,0.0,0.0,0.0,0.0,0.0,0.0,0.18,0.1,1.0,1.0,U88053,768
,0.0,0.0,0.0,0.0,0.0,0.0,0.0,0.0,0.16,0.09,1.0,1.0,U65059,768
,0.0,0.0,0.0,0.0,0.0,0.0,0.0,0.0,0.1,0.07,1.0,1.0,U45608,768
,0.0,0.0,0.0,0.0,0.0,0.0,0.0,0.0,0.16,0.11,1.0,1.0,U27961,768
,0.0,0.0,0.0,0.0,0.0,0.0,0.0,0.0,0.12,0.1,1.0,1.0,U4432,768
,0.0,0.0,0.0,0.0,0.0,0.0,0.0,0.0,0.16,0.1,1.0,1.0,U87788,768
,0.0,0.0,0.0,0.0,0.0,0.0,0.0,0.0,0.18,0.12,1.0,1.0,U52675,768
,0.0,0.0,0.0,0.0,0.0,0.0,0.0,0.0,0.1,0.05,1.0,1.0,U43658,768
,0.0,0.0,0.0,0.0,0.0,0.0,0.0,0.0,0.06,0.04,1.0,1.0,U10195,768
,0.0,0.0,0.0,0.0,0.0,0.0,0.0,0.0,0.06,0.05,1.0,1.0,U17028,768
,0.0,0.0,0.0,0.0,0.0,0.0,0.0,0.0,0.2,0.13,1.0,1.0,U18104,768
,0.0,0.0,0.0,0.0,0.0,0.0,0.0,0.0,0.2,0.13,1.0,1.0,U49700,768
,0.0,0.0,0.0,0.0,0.0,0.0,0.0,0.0,0.16,0.1,1.0,1.0,U19999,768
,0.0,0.0,0.0,0.0,0.0,0.0,0.0,0.0,0.08,0.07,1.0,1.0,U32875,768
,0.0,0.0,0.0,0.0,0.0,0.0,0.0,0.0,0.06,0.05,1.0,1.0,U28097,768
,0.0,0.0,0.0,0.0,0.0,0.0,0.0,0.0,0.18,0.1,1.0,1.0,U61943,768
,0.0,0.0,0.0,0.0,0.0,0.0,0.0,0.0,0.1,0.08,1.0,1.0,U11320,768
,0.0,0.0,0.0,0.0,0.0,0.0,0.0,0.0,0.08,0.05,1.0,1.0,U50756,768
,0.0,0.0,0.0,0.0,0.0,0.0,0.0,0.0,0.14,0.09,1.0,1.0,U7132,768
,0.0,0.0,0.0,0.0,0.0,0.0,0.0,0.0,0.2,0.12,1.0,1.0,U43001,768
,0.0,0.0,0.0,0.0,0.0,0.0,0.0,0.0,0.12,0.06,1.0,1.0,U33976,768
,0.0,0.0,0.0,0.0,0.0,0.0,0.0,0.0,0.22,0.11,1.0,1.0,U3249,768
,0.0,0.0,0.0,0.0,0.0,0.0,0.0,0.0,0.1,0.07,1.0,1.0,U24138,768
,0.0,0.0,0.0,0.0,0.0,0.0,0.0,0.0,0.2,0.13,1.0,1.0,U32061,768
0.2914572864321608,0.007042253521126761,0.0,0.0,0.0,0.0,0.0,0.0,1.0,0.06,0.04,1.0,1.0,U55579,768
,0.0,0.0,0.0,0.0,0.0,0.0,0.0,0.0,0.06,0.05,1.0,1.0,U22226,768
,0.0,0.0,0.0,0.0,0.0,0.0,0.0,0.0,0.08,0.08,1.0,1.0,U670,768
0.9597989949748744,0.1111111111111111,0.0,0.3010299956639812,0.0,0.5,0.5,0.5,0.5,0.2,0.12,1.0,1.0,U88424,768
,0.0,0.0,0.0,0.0,0.0,0.0,0.0,0.0,0.1,0.07,1.0,1.0,U19392,768
,0.0,0.0,0.0,0.0,0.0,0.0,0.0,0.0,0.2,0.12,1.0,1.0,U19128,768
,0.0,0.0,0.0,0.0,0.0,0.0,0.0,0.0,0.06,0.06,1.0,1.0,U10862,768
,0.0,0.0,0.0,0.0,0.0,0.0,0.0,0.0,0.16,0.12,1.0,1.0,U57103,768
,0.0,0.0,0.0,0.0,0.0,0.0,0.0,0.0,0.18,0.1,1.0,1.0,U57268,768
,0.0,0.0,0.0,0.0,0.0,0.0,0.0,0.0,0.18,0.11,1.0,1.0,U71855,768
,0.0,0.0,0.0,0.0,0.0,0.0,0.0,0.0,0.18,0.1,1.0,1.0,U8830,768
,0.0,0.0,0.0,0.0,0.0,0.0,0.0,0.0,0.18,0.1,1.0,1.0,U74843,768
,0.0,0.0,0.0,0.0,0.0,0.0,0.0,0.0,0.14,0.08,1.0,1.0,U48049,768
,0.0,0.0,0.0,0.0,0.0,0.0,0.0,0.0,0.1,0.07,1.0,1.0,U53765,768
0.7688442211055276,0.02127659574468085,0.0,0.0,0.0,0.0,1.0,1.0,1.0,0.06,0.03,1.0,1.0,U76557,768
,0.0,0.0,0.0,0.0,0.0,0.0,0.0,0.0,0.22,0.12,1.0,1.0,U1217,768
,0.0,0.0,0.0,0.0,0.0,0.0,0.0,0.0,0.2,0.13,1.0,1.0,U61970,768
,0.0,0.0,0.0,0.0,0.0,0.0,0.0,0.0,0.2,0.13,1.0,1.0,U33854,768
,0.0,0.0,0.0,0.0,0.0,0.0,0.0,0.0,0.18,0.11,1.0,1.0,U87001,768
,0.0,0.0,0.0,0.0,0.0,0.0,0.0,0.0,0.18,0.09,1.0,1.0,U30423,768
,0.0,0.0,0.0,0.0,0.0,0.0,0.0,0.0,0.2,0.11,1.0,1.0,U27344,768
,0.0,0.0,0.0,0.0,0.0,0.0,0.0,0.0,0.18,0.12,1.0,1.0,U89968,768
,0.0,0.0,0.0,0.0,0.0,0.0,0.0,0.0,0.12,0.08,1.0,1.0,U54037,768
,0.0,0.0,0.0,0.0,0.0,0.0,0.0,0.0,0.16,0.1,1.0,1.0,U85799,768
,0.0,0.0,0.0,0.0,0.0,0.0,0.0,0.0,0.16,0.08,1.0,1.0,U86221,768
,0.0,0.0,0.0,0.0,0.0,0.0,0.0,0.0,0.14,0.09,1.0,1.0,U62842,768
,0.0,0.0,0.0,0.0,0.0,0.0,0.0,0.0,0.14,0.1,1.0,1.0,U79089,768
,0.0,0.0,0.0,0.0,0.0,0.0,0.0,0.0,0.18,0.11,1.0,1.0,U53415,768
,0.0,0.0,0.0,0.0,0.0,0.0,0.0,0.0,0.18,0.12,1.0,1.0,U87051,768
,0.0,0.0,0.0,0.0,0.0,0.0,0.0,0.0,0.16,0.08,1.0,1.0,U16794,768
,0.0,0.0,0.0,0.0,0.0,0.0,0.0,0.0,0.04,0.02,1.0,1.0,U8598,768
,0.0,0.0,0.0,0.0,0.0,0.0,0.0,0.0,0.14,0.11,1.0,1.0,U92288,768
,0.0,0.0,0.0,0.0,0.0,0.0,0.0,0.0,0.22,0.12,1.0,1.0,U30941,768
,0.0,0.0,0.0,0.0,0.0,0.0,0.0,0.0,0.18,0.11,1.0,1.0,U39290,768
,0.0,0.0,0.0,0.0,0.0,0.0,0.0,0.0,0.12,0.09,1.0,1.0,U60822,768
,0.0,0.0,0.0,0.0,0.0,0.0,0.0,0.0,0.14,0.09,1.0,1.0,U8977,768
,0.0,0.0,0.0,0.0,0.0,0.0,0.0,0.0,0.1,0.09,1.0,1.0,U51806,768
,0.0,0.0,0.0,0.0,0.0,0.0,0.0,0.0,0.16,0.09,1.0,1.0,U16037,768
,0.0,0.0,0.0,0.0,0.0,0.0,0.0,0.0,0.14,0.08,1.0,1.0,U44098,768
,0.0,0.0,0.0,0.0,0.0,0.0,0.0,0.0,0.14,0.11,1.0,1.0,U6190,768
,0.0,0.0,0.0,0.0,0.0,0.0,0.0,0.0,0.14,0.11,1.0,1.0,U32895,768
,0.0,0.0,0.0,0.0,0.0,0.0,0.0,0.0,0.1,0.06,1.0,1.0,U32913,768
,0.0,0.0,0.0,0.0,0.0,0.0,0.0,0.0,0.18,0.13,1.0,1.0,U36421,768
,0.0,0.0,0.0,0.0,0.0,0.0,0.0,0.0,0.18,0.12,1.0,1.0,U56921,768
0.6532663316582915,0.014285714285714285,0.0,0.0,0.0,0.0,0.0,0.5,0.5,0.14,0.12,1.0,1.0,U90107,768
,0.0,0.0,0.0,0.0,0.0,0.0,0.0,0.0,0.14,0.12,1.0,1.0,U33659,768
,0.0,0.0,0.0,0.0,0.0,0.0,0.0,0.0,0.16,0.1,1.0,1.0,U60604,768
,0.0,0.0,0.0,0.0,0.0,0.0,0.0,0.0,0.2,0.1,1.0,1.0,U78742,768
,0.0,0.0,0.0,0.0,0.0,0.0,0.0,0.0,0.16,0.11,1.0,1.0,U82556,768
,0.0,0.0,0.0,0.0,0.0,0.0,0.0,0.0,0.02,0.01,1.0,1.0,U12146,768
,0.0,0.0,0.0,0.0,0.0,0.0,0.0,0.0,0.18,0.12,1.0,1.0,U155,768
,0.0,0.0,0.0,0.0,0.0,0.0,0.0,0.0,0.14,0.1,1.0,1.0,U6081,768
0.18090452261306533,0.006097560975609756,0.0,0.0,0.0,0.0,0.0,0.0,0.1111111111111111,0.2,0.11,1.0,1.0,U78145,768
,0.0,0.0,0.0,0.0,0.0,0.0,0.0,0.0,0.1,0.09,1.0,1.0,U86776,768
,0.0,0.0,0.0,0.0,0.0,0.0,0.0,0.0,0.12,0.08,1.0,1.0,U56468,768
,0.0,0.0,0.0,0.0,0.0,0.0,0.0,0.0,0.1,0.07,1.0,1.0,U82939,768
,0.0,0.0,0.0,0.0,0.0,0.0,0.0,0.0,0.16,0.09,1.0,1.0,U69346,768
,0.0,0.0,0.0,0.0,0.0,0.0,0.0,0.0,0.14,0.09,1.0,1.0,U36728,768
,0.0,0.0,0.0,0.0,0.0,0.0,0.0,0.0,0.14,0.1,1.0,1.0,U7247,768
0.21608040201005024,0.006369426751592357,0.0,0.0,0.0,0.0,0.0,0.0,0.5,0.18,0.13,1.0,1.0,U46741,768
,0.0,0.0,0.0,0.0,0.0,0.0,0.0,0.0,0.2,0.13,1.0,1.0,U71876,768
,0.0,0.0,0.0,0.0,0.0,0.0,0.0,0.0,0.14,0.1,1.0,1.0,U50939,768
,0.0,0.0,0.0,0.0,0.0,0.0,0.0,0.0,0.14,0.11,1.0,1.0,U32132,768
,0.0,0.0,0.0,0.0,0.0,0.0,0.0,0.0,0.2,0.11,1.0,1.0,U14651,0
,0.0,0.0,0.0,0.0,0.0,0.0,0.0,0.0,0.14,0.07,1.0,1.0,U57282,768
,0.0,0.0,0.0,0.0,0.0,0.0,0.0,0.0,0.22,0.11,1.0,1.0,U82003,768
,0.0,0.0,0.0,0.0,0.0,0.0,0.0,0.0,0.1,0.1,1.0,1.0,U92012,768
,0.0,0.0,0.0,0.0,0.0,0.0,0.0,0.0,0.14,0.09,1.0,1.0,U62312,768
,0.0,0.0,0.0,0.0,0.0,0.0,0.0,0.0,0.12,0.11,1.0,1.0,U88635,768
,0.0,0.0,0.0,0.0,0.0,0.0,0.0,0.0,0.18,0.11,1.0,1.0,U69772,768
,0.0,0.0,0.0,0.0,0.0,0.0,0.0,0.0,0.12,0.1,1.0,1.0,U82652,768
,0.0,0.0,0.0,0.0,0.0,0.0,0.0,0.0,0.02,0.02,1.0,1.0,U5858,768
,0.0,0.0,0.0,0.0,0.0,0.0,0.0,0.0,0.14,0.08,1.0,1.0,U22425,768
,0.0,0.0,0.0,0.0,0.0,0.0,0.0,0.0,0.08,0.06,1.0,1.0,U12623,768
,0.0,0.0,0.0,0.0,0.0,0.0,0.0,0.0,0.2,0.11,1.0,1.0,U226,768
,0.0,0.0,0.0,0.0,0.0,0.0,0.0,0.0,0.2,0.11,1.0,1.0,U49097,768
,0.0,0.0,0.0,0.0,0.0,0.0,0.0,0.0,0.12,0.1,1.0,1.0,U57878,768
,0.0,0.0,0.0,0.0,0.0,0.0,0.0,0.0,0.14,0.11,1.0,1.0,U33690,768
,0.0,0.0,0.0,0.0,0.0,0.0,0.0,0.0,0.14,0.09,1.0,1.0,U9324,768
,0.0,0.0,0.0,0.0,0.0,0.0,0.0,0.0,0.18,0.11,1.0,1.0,U59143,768
,0.0,0.0,0.0,0.0,0.0,0.0,0.0,0.0,0.08,0.06,1.0,1.0,U42343,768
,0.0,0.0,0.0,0.0,0.0,0.0,0.0,0.0,0.18,0.13,1.0,1.0,U57131,768
,0.0,0.0,0.0,0.0,0.0,0.0,0.0,0.0,0.06,0.04,1.0,1.0,U91983,768
,0.0,0.0,0.0,0.0,0.0,0.0,0.0,0.0,0.1,0.07,1.0,1.0,U85883,768
,0.0,0.0,0.0,0.0,0.0,0.0,0.0,0.0,0.08,0.05,1.0,1.0,U72644,768
,0.0,0.0,0.0,0.0,0.0,0.0,0.0,0.0,0.02,0.03,1.0,1.0,U39916,768
,0.0,0.0,0.0,0.0,0.0,0.0,0.0,0.0,0.16,0.09,1.0,1.0,U30498,768
,0.0,0.0,0.0,0.0,0.0,0.0,0.0,0.0,0.16,0.11,1.0,1.0,U8088,768
,0.0,0.0,0.0,0.0,0.0,0.0,0.0,0.0,0.08,0.06,1.0,1.0,U51655,768
,0.0,0.0,0.0,0.0,0.0,0.0,0.0,0.0,0.14,0.09,1.0,1.0,U22237,768
,0.0,0.0,0.0,0.0,0.0,0.0,0.0,0.0,0.22,0.11,1.0,1.0,U2602,768
,0.0,0.0,0.0,0.0,0.0,0.0,0.0,0.0,0.14,0.11,1.0,1.0,U88976,768
0.5879396984924623,0.012048192771084338,0.0,0.0,0.0,0.0,0.0,1.0,1.0,0.06,0.05,1.0,1.0,U78734,768
,0.0,0.0,0.0,0.0,0.0,0.0,0.0,0.0,0.26,0.13,1.0,1.0,U81556,0
,0.0,0.0,0.0,0.0,0.0,0.0,0.0,0.0,0.22,0.14,1.0,1.0,U34913,0
,0.0,0.0,0.0,0.0,0.0,0.0,0.0,0.0,0.22,0.13,1.0,1.0,U45903,0
,0.0,0.0,0.0,0.0,0.0,0.0,0.0,0.0,0.16,0.12,1.0,1.0,U3487,768
,0.0,0.0,0.0,0.0,0.0,0.0,0.0,0.0,0.14,0.11,1.0,1.0,U30215,768
,0.0,0.0,0.0,0.0,0.0,0.0,0.0,0.0,0.12,0.08,1.0,1.0,U85819,768
,0.0,0.0,0.0,0.0,0.0,0.0,0.0,0.0,0.1,0.08,1.0,1.0,U76816,768
,0.0,0.0,0.0,0.0,0.0,0.0,0.0,0.0,0.16,0.11,1.0,1.0,U38477,768
,0.0,0.0,0.0,0.0,0.0,0.0,0.0,0.0,0.2,0.13,1.0,1.0,U43309,768
,0.0,0.0,0.0,0.0,0.0,0.0,0.0,0.0,0.06,0.05,1.0,1.0,U83355,768
,0.0,0.0,0.0,0.0,0.0,0.0,0.0,0.0,0.2,0.12,1.0,1.0,U87639,768
,0.0,0.0,0.0,0.0,0.0,0.0,0.0,0.0,0.16,0.1,1.0,1.0,U73010,768
0.592964824120603,0.012195121951219513,0.0,0.0,0.0,0.0,0.0,1.0,1.0,0.18,0.1,1.0,1.0,U6896,768
0.7437185929648241,0.019230769230769232,0.0,0.0,0.0,0.0,0.0,1.0,1.0,0.1,0.07,1.0,1.0,U29623,768
,0.0,0.0,0.0,0.0,0.0,0.0,0.0,0.0,0.12,0.09,1.0,1.0,U5095,768
,0.0,0.0,0.0,0.0,0.0,0.0,0.0,0.0,0.06,0.04,1.0,1.0,U69229,768
,0.0,0.0,0.0,0.0,0.0,0.0,0.0,0.0,0.14,0.09,1.0,1.0,U37634,768
,0.0,0.0,0.0,0.0,0.0,0.0,0.0,0.0,0.2,0.12,1.0,1.0,U1597,768
,0.0,0.0,0.0,0.0,0.0,0.0,0.0,0.0,0.12,0.08,1.0,1.0,U3844,768
,0.0,0.0,0.0,0.0,0.0,0.0,0.0,0.0,0.2,0.13,1.0,1.0,U77867,768
,0.0,0.0,0.0,0.0,0.0,0.0,0.0,0.0,0.12,0.1,1.0,1.0,U28304,768
,0.0,0.0,0.0,0.0,0.0,0.0,0.0,0.0,0.14,0.1,1.0,1.0,U19056,768
,0.0,0.0,0.0,0.0,0.0,0.0,0.0,0.0,0.22,0.12,1.0,1.0,U93191,768
,0.0,0.0,0.0,0.0,0.0,0.0,0.0,0.0,0.2,0.11,1.0,1.0,U62590,768
,0.0,0.0,0.0,0.0,0.0,0.0,0.0,0.0,0.2,0.11,1.0,1.0,U77227,768
,0.0,0.0,0.0,0.0,0.0,0.0,0.0,0.0,0.2,0.12,1.0,1.0,U93810,768
,0.0,0.0,0.0,0.0,0.0,0.0,0.0,0.0,0.18,0.1,1.0,1.0,U15324,768
,0.0,0.0,0.0,0.0,0.0,0.0,0.0,0.0,0.14,0.1,1.0,1.0,U28744,768
,0.0,0.0,0.0,0.0,0.0,0.0,0.0,0.0,0.22,0.14,1.0,1.0,U63541,768
,0.0,0.0,0.0,0.0,0.0,0.0,0.0,0.0,0.16,0.11,1.0,1.0,U20493,768
,0.0,0.0,0.0,0.0,0.0,0.0,0.0,0.0,0.14,0.08,1.0,1.0,U49618,768
0.6482412060301508,0.014084507042253521,0.0,0.0,0.0,0.0,0.0,0.5,0.5,0.2,0.14,1.0,1.0,U71116,768
,0.0,0.0,0.0,0.0,0.0,0.0,0.0,0.0,0.16,0.09,1.0,1.0,U37825,768
,0.0,0.0,0.0,0.0,0.0,0.0,0.0,0.0,0.1,0.08,1.0,1.0,U71618,768
,0.0,0.0,0.0,0.0,0.0,0.0,0.0,0.0,0.1,0.05,1.0,1.0,U49305,768
,0.0,0.0,0.0,0.0,0.0,0.0,0.0,0.0,0.18,0.11,1.0,1.0,U78215,768
,0.0,0.0,0.0,0.0,0.0,0.0,0.0,0.0,0.04,0.03,1.0,1.0,U2393,768
,0.0,0.0,0.0,0.0,0.0,0.0,0.0,0.0,0.22,0.12,1.0,1.0,U65061,768
0.33668341708542715,0.007518796992481203,0.0,0.0,0.0,0.0,0.0,0.0,0.3333333333333333,0.2,0.1,1.0,1.0,U18262,768
,0.0,0.0,0.0,0.0,0.0,0.0,0.0,0.0,0.14,0.1,1.0,1.0,U29484,768
,0.0,0.0,0.0,0.0,0.0,0.0,0.0,0.0,0.14,0.09,1.0,1.0,U13919,768
,0.0,0.0,0.0,0.0,0.0,0.0,0.0,0.0,0.04,0.04,1.0,1.0,U80679,768
,0.0,0.0,0.0,0.0,0.0,0.0,0.0,0.0,0.06,0.04,1.0,1.0,U50524,768
,0.0,0.0,0.0,0.0,0.0,0.0,0.0,0.0,0.1,0.08,1.0,1.0,U91743,768
,0.0,0.0,0.0,0.0,0.0,0.0,0.0,0.0,0.22,0.13,1.0,1.0,U20420,768
,0.0,0.0,0.0,0.0,0.0,0.0,0.0,0.0,0.2,0.14,1.0,1.0,U80254,0
,0.0,0.0,0.0,0.0,0.0,0.0,0.0,0.0,0.18,0.1,1.0,1.0,U31103,768
,0.0,0.0,0.0,0.0,0.0,0.0,0.0,0.0,0.04,0.04,1.0,1.0,U73192,768
,0.0,0.0,0.0,0.0,0.0,0.0,0.0,0.0,0.18,0.1,1.0,1.0,U59751,768
,0.0,0.0,0.0,0.0,0.0,0.0,0.0,0.0,0.2,0.11,1.0,1.0,U36051,768
,0.0,0.0,0.0,0.0,0.0,0.0,0.0,0.0,0.06,0.05,1.0,1.0,U65473,768
,0.0,0.0,0.0,0.0,0.0,0.0,0.0,0.0,0.14,0.09,1.0,1.0,U57801,768
,0.0,0.0,0.0,0.0,0.0,0.0,0.0,0.0,0.14,0.11,1.0,1.0,U654,768
,0.0,0.0,0.0,0.0,0.0,0.0,0.0,0.0,0.14,0.07,1.0,1.0,U88781,768
,0.0,0.0,0.0,0.0,0.0,0.0,0.0,0.0,0.18,0.11,1.0,1.0,U63447,768
,0.0,0.0,0.0,0.0,0.0,0.0,0.0,0.0,0.2,0.1,1.0,1.0,U64206,768
,0.0,0.0,0.0,0.0,0.0,0.0,0.0,0.0,0.2,0.11,1.0,1.0,U42016,768
,0.0,0.0,0.0,0.0,0.0,0.0,0.0,0.0,0.18,0.12,1.0,1.0,U29898,768
,0.0,0.0,0.0,0.0,0.0,0.0,0.0,0.0,0.2,0.1,1.0,1.0,U19988,768
,0.0,0.0,0.0,0.0,0.0,0.0,0.0,0.0,0.18,0.1,1.0,1.0,U5796,768
,0.0,0.0,0.0,0.0,0.0,0.0,0.0,0.0,0.16,0.11,1.0,1.0,U21657,768
,0.0,0.0,0.0,0.0,0.0,0.0,0.0,0.0,0.22,0.12,1.0,1.0,U82168,768
,0.0,0.0,0.0,0.0,0.0,0.0,0.0,0.0,0.18,0.1,1.0,1.0,U36597,768
0.40703517587939697,0.008403361344537815,0.0,0.0,0.0,0.0,0.0,0.0,0.2,0.22,0.14,1.0,1.0,U57989,768
,0.0,0.0,0.0,0.0,0.0,0.0,0.0,0.0,0.16,0.12,1.0,1.0,U24667,768
,0.0,0.0,0.0,0.0,0.0,0.0,0.0,0.0,0.16,0.1,1.0,1.0,U35777,768
,0.0,0.0,0.0,0.0,0.0,0.0,0.0,0.0,0.18,0.1,1.0,1.0,U47168,768
,0.0,0.0,0.0,0.0,0.0,0.0,0.0,0.0,0.16,0.1,1.0,1.0,U38280,768
,0.0,0.0,0.0,0.0,0.0,0.0,0.0,0.0,0.08,0.06,1.0,1.0,U59268,768
,0.0,0.0,0.0,0.0,0.0,0.0,0.0,0.0,0.06,0.04,1.0,1.0,U38844,768
,0.0,0.0,0.0,0.0,0.0,0.0,0.0,0.0,0.2,0.12,1.0,1.0,U54386,768
,0.0,0.0,0.0,0.0,0.0,0.0,0.0,0.0,0.2,0.1,1.0,1.0,U21343,768
,0.0,0.0,0.0,0.0,0.0,0.0,0.0,0.0,0.2,0.11,1.0,1.0,U55491,768
,0.0,0.0,0.0,0.0,0.0,0.0,0.0,0.0,0.2,0.12,1.0,1.0,U12683,768
,0.0,0.0,0.0,0.0,0.0,0.0,0.0,0.0,0.14,0.1,1.0,1.0,U17359,768
,0.0,0.0,0.0,0.0,0.0,0.0,0.0,0.0,0.18,0.1,1.0,1.0,U7667,768
,0.0,0.0,0.0,0.0,0.0,0.0,0.0,0.0,0.16,0.1,1.0,1.0,U92939,768
,0.0,0.0,0.0,0.0,0.0,0.0,0.0,0.0,0.12,0.09,1.0,1.0,U37986,768
,0.0,0.0,0.0,0.0,0.0,0.0,0.0,0.0,0.16,0.11,1.0,1.0,U38571,768
,0.0,0.0,0.0,0.0,0.0,0.0,0.0,0.0,0.06,0.03,1.0,1.0,U64453,768
,0.0,0.0,0.0,0.0,0.0,0.0,0.0,0.0,0.2,0.12,1.0,1.0,U33006,768
,0.0,0.0,0.0,0.0,0.0,0.0,0.0,0.0,0.04,0.02,1.0,1.0,U91987,768
,0.0,0.0,0.0,0.0,0.0,0.0,0.0,0.0,0.16,0.11,1.0,1.0,U56031,768
,0.0,0.0,0.0,0.0,0.0,0.0,0.0,0.0,0.22,0.12,1.0,1.0,U58546,768
,0.0,0.0,0.0,0.0,0.0,0.0,0.0,0.0,0.16,0.1,1.0,1.0,U80416,768
,0.0,0.0,0.0,0.0,0.0,0.0,0.0,0.0,0.04,0.03,1.0,1.0,U33075,768
,0.0,0.0,0.0,0.0,0.0,0.0,0.0,0.0,0.18,0.11,1.0,1.0,U41075,768
,0.0,0.0,0.0,0.0,0.0,0.0,0.0,0.0,0.1,0.08,1.0,1.0,U17828,768
,0.0,0.0,0.0,0.0,0.0,0.0,0.0,0.0,0.22,0.12,1.0,1.0,U45322,768
,0.0,0.0,0.0,0.0,0.0,0.0,0.0,0.0,0.18,0.1,1.0,1.0,U85902,768
0.8140703517587939,0.02631578947368421,0.0,0.0,0.0,0.0,0.5,0.5,0.5,0.1,0.07,1.0,1.0,U52932,768
,0.0,0.0,0.0,0.0,0.0,0.0,0.0,0.0,0.22,0.12,1.0,1.0,U57711,768
,0.0,0.0,0.0,0.0,0.0,0.0,0.0,0.0,0.08,0.06,1.0,1.0,U81280,768
,0.0,0.0,0.0,0.0,0.0,0.0,0.0,0.0,0.16,0.09,1.0,1.0,U19123,768
,0.0,0.0,0.0,0.0,0.0,0.0,0.0,0.0,0.2,0.13,1.0,1.0,U329,768
,0.0,0.0,0.0,0.0,0.0,0.0,0.0,0.0,0.18,0.1,1.0,1.0,U48631,768
,0.0,0.0,0.0,0.0,0.0,0.0,0.0,0.0,0.18,0.11,1.0,1.0,U29326,768
0.9748743718592965,0.16666666666666666,0.0,0.3562071871080222,0.0,1.0,1.0,1.0,1.0,0.22,0.11,1.0,1.0,U16134,768
,0.0,0.0,0.0,0.0,0.0,0.0,0.0,0.0,0.12,0.08,1.0,1.0,U65824,768
,0.0,0.0,0.0,0.0,0.0,0.0,0.0,0.0,0.02,0.01,1.0,1.0,U7790,768
,0.0,0.0,0.0,0.0,0.0,0.0,0.0,0.0,0.18,0.12,1.0,1.0,U43814,0
,0.0,0.0,0.0,0.0,0.0,0.0,0.0,0.0,0.08,0.08,1.0,1.0,U64503,768
,0.0,0.0,0.0,0.0,0.0,0.0,0.0,0.0,0.14,0.09,1.0,1.0,U77189,768
,0.0,0.0,0.0,0.0,0.0,0.0,0.0,0.0,0.18,0.13,1.0,1.0,U10386,0
,0.0,0.0,0.0,0.0,0.0,0.0,0.0,0.0,0.18,0.13,1.0,1.0,U18250,768
,0.0,0.0,0.0,0.0,0.0,0.0,0.0,0.0,0.1,0.07,1.0,1.0,U78900,768
,0.0,0.0,0.0,0.0,0.0,0.0,0.0,0.0,0.04,0.03,1.0,1.0,U36273,768
,0.0,0.0,0.0,0.0,0.0,0.0,0.0,0.0,0.18,0.09,1.0,1.0,U14318,768
,0.0,0.0,0.0,0.0,0.0,0.0,0.0,0.0,0.16,0.11,1.0,1.0,U24321,768
0.7939698492462312,0.023809523809523808,0.0,0.0,0.0,0.0,0.16666666666666666,0.16666666666666666,0.16666666666666666,0.18,0.09,1.0,1.0,U87619,768
,0.0,0.0,0.0,0.0,0.0,0.0,0.0,0.0,0.16,0.12,1.0,1.0,U88199,768
,0.0,0.0,0.0,0.0,0.0,0.0,0.0,0.0,0.22,0.12,1.0,1.0,U16064,768
,0.0,0.0,0.0,0.0,0.0,0.0,0.0,0.0,0.12,0.11,1.0,1.0,U8787,768
,0.0,0.0,0.0,0.0,0.0,0.0,0.0,0.0,0.2,0.1,1.0,1.0,U44377,768
,0.0,0.0,0.0,0.0,0.0,0.0,0.0,0.0,0.2,0.12,1.0,1.0,U86724,768
,0.0,0.0,0.0,0.0,0.0,0.0,0.0,0.0,0.04,0.02,1.0,1.0,U11473,768
,0.0,0.0,0.0,0.0,0.0,0.0,0.0,0.0,0.08,0.05,1.0,1.0,U24340,768
,0.0,0.0,0.0,0.0,0.0,0.0,0.0,0.0,0.22,0.12,1.0,1.0,U50289,0
,0.0,0.0,0.0,0.0,0.0,0.0,0.0,0.0,0.18,0.13,1.0,1.0,U48126,768
,0.0,0.0,0.0,0.0,0.0,0.0,0.0,0.0,0.1,0.06,1.0,1.0,U78683,768
,0.0,0.0,0.0,0.0,0.0,0.0,0.0,0.0,0.16,0.09,1.0,1.0,U79817,768
,0.0,0.0,0.0,0.0,0.0,0.0,0.0,0.0,0.16,0.11,1.0,1.0,U80704,768
,0.0,0.0,0.0,0.0,0.0,0.0,0.0,0.0,0.14,0.08,1.0,1.0,U70556,768
,0.0,0.0,0.0,0.0,0.0,0.0,0.0,0.0,0.16,0.1,1.0,1.0,U37664,768
,0.0,0.0,0.0,0.0,0.0,0.0,0.0,0.0,0.1,0.06,1.0,1.0,U21137,768
,0.0,0.0,0.0,0.0,0.0,0.0,0.0,0.0,0.14,0.08,1.0,1.0,U64814,768
,0.0,0.0,0.0,0.0,0.0,0.0,0.0,0.0,0.06,0.04,1.0,1.0,U54987,768
,0.0,0.0,0.0,0.0,0.0,0.0,0.0,0.0,0.18,0.11,1.0,1.0,U7836,768
,0.0,0.0,0.0,0.0,0.0,0.0,0.0,0.0,0.1,0.07,1.0,1.0,U64546,768
,0.0,0.0,0.0,0.0,0.0,0.0,0.0,0.0,0.16,0.08,1.0,1.0,U34359,768
,0.0,0.0,0.0,0.0,0.0,0.0,0.0,0.0,0.14,0.12,1.0,1.0,U39056,768
,0.0,0.0,0.0,0.0,0.0,0.0,0.0,0.0,0.16,0.09,1.0,1.0,U89709,768
,0.0,0.0,0.0,0.0,0.0,0.0,0.0,0.0,0.2,0.11,1.0,1.0,U2333,768
,0.0,0.0,0.0,0.0,0.0,0.0,0.0,0.0,0.08,0.06,1.0,1.0,U30662,768
,0.0,0.0,0.0,0.0,0.0,0.0,0.0,0.0,0.22,0.14,1.0,1.0,U68347,0
,0.0,0.0,0.0,0.0,0.0,0.0,0.0,0.0,0.2,0.13,1.0,1.0,U46645,768
,0.0,0.0,0.0,0.0,0.0,0.0,0.0,0.0,0.12,0.08,1.0,1.0,U92587,768
,0.0,0.0,0.0,0.0,0.0,0.0,0.0,0.0,0.18,0.11,1.0,1.0,U2859,768
,0.0,0.0,0.0,0.0,0.0,0.0,0.0,0.0,0.12,0.11,1.0,1.0,U34342,768
,0.0,0.0,0.0,0.0,0.0,0.0,0.0,0.0,0.14,0.1,1.0,1.0,U5957,768
,0.0,0.0,0.0,0.0,0.0,0.0,0.0,0.0,0.14,0.11,1.0,1.0,U46703,768
,0.0,0.0,0.0,0.0,0.0,0.0,0.0,0.0,0.14,0.12,1.0,1.0,U43097,768
,0.0,0.0,0.0,0.0,0.0,0.0,0.0,0.0,0.12,0.09,1.0,1.0,U19958,768
,0.0,0.0,0.0,0.0,0.0,0.0,0.0,0.0,0.12,0.09,1.0,1.0,U17253,768
,0.0,0.0,0.0,0.0,0.0,0.0,0.0,0.0,0.12,0.11,1.0,1.0,U77196,768
,0.0,0.0,0.0,0.0,0.0,0.0,0.0,0.0,0.16,0.08,1.0,1.0,U4570,768
,0.0,0.0,0.0,0.0,0.0,0.0,0.0,0.0,0.16,0.1,1.0,1.0,U4880,768
,0.0,0.0,0.0,0.0,0.0,0.0,0.0,0.0,0.06,0.06,1.0,1.0,U80066,768
,0.0,0.0,0.0,0.0,0.0,0.0,0.0,0.0,0.14,0.11,1.0,1.0,U66039,768
,0.0,0.0,0.0,0.0,0.0,0.0,0.0,0.0,0.04,0.02,1.0,1.0,U20319,768
,0.0,0.0,0.0,0.0,0.0,0.0,0.0,0.0,0.2,0.1,1.0,1.0,U25433,768
,0.0,0.0,0.0,0.0,0.0,0.0,0.0,0.0,0.2,0.11,1.0,1.0,U72808,768
,0.0,0.0,0.0,0.0,0.0,0.0,0.0,0.0,0.06,0.04,1.0,1.0,U11157,768
,0.0,0.0,0.0,0.0,0.0,0.0,0.0,0.0,0.2,0.11,1.0,1.0,U18931,768
0.8391959798994975,0.030303030303030304,0.0,0.0,0.0,0.0,0.3333333333333333,0.3333333333333333,0.3333333333333333,0.18,0.1,1.0,1.0,U55012,768
,0.0,0.0,0.0,0.0,0.0,0.0,0.0,0.0,0.14,0.09,1.0,1.0,U11892,768
,0.0,0.0,0.0,0.0,0.0,0.0,0.0,0.0,0.18,0.11,1.0,1.0,U67795,768
,0.0,0.0,0.0,0.0,0.0,0.0,0.0,0.0,0.12,0.08,1.0,1.0,U51794,768
,0.0,0.0,0.0,0.0,0.0,0.0,0.0,0.0,0.14,0.12,1.0,1.0,U92571,768
,0.0,0.0,0.0,0.0,0.0,0.0,0.0,0.0,0.2,0.11,1.0,1.0,U49162,768
,0.0,0.0,0.0,0.0,0.0,0.0,0.0,0.0,0.16,0.09,1.0,1.0,U6738,768
,0.0,0.0,0.0,0.0,0.0,0.0,0.0,0.0,0.2,0.11,1.0,1.0,U56973,768
,0.0,0.0,0.0,0.0,0.0,0.0,0.0,0.0,0.18,0.1,1.0,1.0,U1945,768
0.2914572864321608,0.007042253521126761,0.0,0.0,0.0,0.0,0.0,0.0,0.5,0.14,0.1,1.0,1.0,U73146,768
,0.0,0.0,0.0,0.0,0.0,0.0,0.0,0.0,0.2,0.12,1.0,1.0,U30497,768
,0.0,0.0,0.0,0.0,0.0,0.0,0.0,0.0,0.18,0.12,1.0,1.0,U34255,768
,0.0,0.0,0.0,0.0,0.0,0.0,0.0,0.0,0.18,0.11,1.0,1.0,U88524,768
,0.0,0.0,0.0,0.0,0.0,0.0,0.0,0.0,0.02,0.02,1.0,1.0,U47421,768
,0.0,0.0,0.0,0.0,0.0,0.0,0.0,0.0,0.08,0.04,1.0,1.0,U76945,768
,0.0,0.0,0.0,0.0,0.0,0.0,0.0,0.0,0.08,0.07,1.0,1.0,U21151,768
,0.0,0.0,0.0,0.0,0.0,0.0,0.0,0.0,0.18,0.11,1.0,1.0,U47845,768
,0.0,0.0,0.0,0.0,0.0,0.0,0.0,0.0,0.06,0.03,1.0,1.0,U36479,768
,0.0,0.0,0.0,0.0,0.0,0.0,0.0,0.0,0.14,0.09,1.0,1.0,U3173,768
,0.0,0.0,0.0,0.0,0.0,0.0,0.0,0.0,0.18,0.11,1.0,1.0,U49667,768
,0.0,0.0,0.0,0.0,0.0,0.0,0.0,0.0,0.22,0.13,1.0,1.0,U56991,0
,0.0,0.0,0.0,0.0,0.0,0.0,0.0,0.0,0.14,0.08,1.0,1.0,U28648,768
,0.0,0.0,0.0,0.0,0.0,0.0,0.0,0.0,0.2,0.12,1.0,1.0,U85073,768
,0.0,0.0,0.0,0.0,0.0,0.0,0.0,0.0,0.08,0.08,1.0,1.0,U53892,768
,0.0,0.0,0.0,0.0,0.0,0.0,0.0,0.0,0.18,0.1,1.0,1.0,U2642,768
,0.0,0.0,0.0,0.0,0.0,0.0,0.0,0.0,0.16,0.11,1.0,1.0,U2294,768
,0.0,0.0,0.0,0.0,0.0,0.0,0.0,0.0,0.14,0.09,1.0,1.0,U74803,768
,0.0,0.0,0.0,0.0,0.0,0.0,0.0,0.0,0.22,0.11,1.0,1.0,U40439,768
,0.0,0.0,0.0,0.0,0.0,0.0,0.0,0.0,0.14,0.1,1.0,1.0,U7662,768
,0.0,0.0,0.0,0.0,0.0,0.0,0.0,0.0,0.08,0.04,1.0,1.0,U3601,768
,0.0,0.0,0.0,0.0,0.0,0.0,0.0,0.0,0.18,0.1,1.0,1.0,U36038,768
0.4371859296482412,0.008849557522123894,0.0,0.0,0.0,0.0,0.0,0.0,0.5,0.04,0.03,1.0,1.0,U85296,768
,0.0,0.0,0.0,0.0,0.0,0.0,0.0,0.0,0.2,0.12,1.0,1.0,U39374,768
,0.0,0.0,0.0,0.0,0.0,0.0,0.0,0.0,0.12,0.09,1.0,1.0,U67235,768
,0.0,0.0,0.0,0.0,0.0,0.0,0.0,0.0,0.04,0.02,1.0,1.0,U15588,768
,0.0,0.0,0.0,0.0,0.0,0.0,0.0,0.0,0.18,0.11,1.0,1.0,U35738,0
,0.0,0.0,0.0,0.0,0.0,0.0,0.0,0.0,0.18,0.1,1.0,1.0,U19675,768
,0.0,0.0,0.0,0.0,0.0,0.0,0.0,0.0,0.06,0.04,1.0,1.0,U66091,768
,0.0,0.0,0.0,0.0,0.0,0.0,0.0,0.0,0.2,0.12,1.0,1.0,U32469,0
,0.0,0.0,0.0,0.0,0.0,0.0,0.0,0.0,0.02,0.02,1.0,1.0,U18748,768
,0.0,0.0,0.0,0.0,0.0,0.0,0.0,0.0,0.1,0.08,1.0,1.0,U58159,768
,0.0,0.0,0.0,0.0,0.0,0.0,0.0,0.0,0.08,0.07,1.0,1.0,U35928,768
,0.0,0.0,0.0,0.0,0.0,0.0,0.0,0.0,0.18,0.11,1.0,1.0,U70607,768
,0.0,0.0,0.0,0.0,0.0,0.0,0.0,0.0,0.14,0.09,1.0,1.0,U61234,768
,0.0,0.0,0.0,0.0,0.0,0.0,0.0,0.0,0.08,0.05,1.0,1.0,U37572,768
,0.0,0.0,0.0,0.0,0.0,0.0,0.0,0.0,0.24,0.12,1.0,1.0,U85607,768
,0.0,0.0,0.0,0.0,0.0,0.0,0.0,0.0,0.2,0.11,1.0,1.0,U48747,768
,0.0,0.0,0.0,0.0,0.0,0.0,0.0,0.0,0.16,0.09,1.0,1.0,U23707,768
,0.0,0.0,0.0,0.0,0.0,0.0,0.0,0.0,0.04,0.04,1.0,1.0,U6119,768
,0.0,0.0,0.0,0.0,0.0,0.0,0.0,0.0,0.06,0.03,1.0,1.0,U28257,768
,0.0,0.0,0.0,0.0,0.0,0.0,0.0,0.0,0.22,0.12,1.0,1.0,U56544,0
,0.0,0.0,0.0,0.0,0.0,0.0,0.0,0.0,0.2,0.1,1.0,1.0,U30554,768
,0.0,0.0,0.0,0.0,0.0,0.0,0.0,0.0,0.22,0.12,1.0,1.0,U30587,768
,0.0,0.0,0.0,0.0,0.0,0.0,0.0,0.0,0.14,0.09,1.0,1.0,U64236,768
0.7085427135678392,0.01694915254237288,0.0,0.0,0.0,0.0,0.0,0.5,0.5,0.18,0.11,1.0,1.0,U80901,768
,0.0,0.0,0.0,0.0,0.0,0.0,0.0,0.0,0.14,0.08,1.0,1.0,U37507,768
,0.0,0.0,0.0,0.0,0.0,0.0,0.0,0.0,0.22,0.13,1.0,1.0,U83660,0
,0.0,0.0,0.0,0.0,0.0,0.0,0.0,0.0,0.08,0.07,1.0,1.0,U44402,768
,0.0,0.0,0.0,0.0,0.0,0.0,0.0,0.0,0.16,0.1,1.0,1.0,U66242,768
,0.0,0.0,0.0,0.0,0.0,0.0,0.0,0.0,0.2,0.1,1.0,1.0,U20715,768
,0.0,0.0,0.0,0.0,0.0,0.0,0.0,0.0,0.14,0.08,1.0,1.0,U79881,768
,0.0,0.0,0.0,0.0,0.0,0.0,0.0,0.0,0.1,0.07,1.0,1.0,U33134,768
,0.0,0.0,0.0,0.0,0.0,0.0,0.0,0.0,0.18,0.1,1.0,1.0,U2566,768
,0.0,0.0,0.0,0.0,0.0,0.0,0.0,0.0,0.08,0.04,1.0,1.0,U12183,768
,0.0,0.0,0.0,0.0,0.0,0.0,0.0,0.0,0.18,0.1,1.0,1.0,U59370,768
,0.0,0.0,0.0,0.0,0.0,0.0,0.0,0.0,0.12,0.1,1.0,1.0,U35898,768
,0.0,0.0,0.0,0.0,0.0,0.0,0.0,0.0,0.12,0.09,1.0,1.0,U45132,768
,0.0,0.0,0.0,0.0,0.0,0.0,0.0,0.0,0.16,0.11,1.0,1.0,U49896,768
,0.0,0.0,0.0,0.0,0.0,0.0,0.0,0.0,0.14,0.09,1.0,1.0,U35297,768
,0.0,0.0,0.0,0.0,0.0,0.0,0.0,0.0,0.18,0.1,1.0,1.0,U85746,768
,0.0,0.0,0.0,0.0,0.0,0.0,0.0,0.0,0.2,0.12,1.0,1.0,U59059,0
,0.0,0.0,0.0,0.0,0.0,0.0,0.0,0.0,0.18,0.12,1.0,1.0,U65346,768
,0.0,0.0,0.0,0.0,0.0,0.0,0.0,0.0,0.14,0.1,1.0,1.0,U68381,768
0.507537688442211,0.010101010101010102,0.0,0.0,0.0,0.0,0.0,0.1111111111111111,0.1111111111111111,0.22,0.12,1.0,1.0,U38563,768
,0.0,0.0,0.0,0.0,0.0,0.0,0.0,0.0,0.2,0.1,1.0,1.0,U55966,768
,0.0,0.0,0.0,0.0,0.0,0.0,0.0,0.0,0.2,0.11,1.0,1.0,U88157,768
,0.0,0.0,0.0,0.0,0.0,0.0,0.0,0.0,0.14,0.09,1.0,1.0,U16705,768
,0.0,0.0,0.0,0.0,0.0,0.0,0.0,0.0,0.2,0.11,1.0,1.0,U26880,768
,0.0,0.0,0.0,0.0,0.0,0.0,0.0,0.0,0.14,0.09,1.0,1.0,U59138,768
,0.0,0.0,0.0,0.0,0.0,0.0,0.0,0.0,0.12,0.1,1.0,1.0,U15775,768
,0.0,0.0,0.0,0.0,0.0,0.0,0.0,0.0,0.14,0.09,1.0,1.0,U32784,768
,0.0,0.0,0.0,0.0,0.0,0.0,0.0,0.0,0.22,0.11,1.0,1.0,U25395,768
,0.0,0.0,0.0,0.0,0.0,0.0,0.0,0.0,0.1,0.05,1.0,1.0,U60481,768
,0.0,0.0,0.0,0.0,0.0,0.0,0.0,0.0,0.16,0.1,1.0,1.0,U17065,768
,0.0,0.0,0.0,0.0,0.0,0.0,0.0,0.0,0.22,0.12,1.0,1.0,U3498,0
,0.0,0.0,0.0,0.0,0.0,0.0,0.0,0.0,0.12,0.08,1.0,1.0,U7714,768
,0.0,0.0,0.0,0.0,0.0,0.0,0.0,0.0,0.18,0.11,1.0,1.0,U87007,768
,0.0,0.0,0.0,0.0,0.0,0.0,0.0,0.0,0.18,0.12,1.0,1.0,U53425,768
,0.0,0.0,0.0,0.0,0.0,0.0,0.0,0.0,0.2,0.13,1.0,1.0,U58740,768
,0.0,0.0,0.0,0.0,0.0,0.0,0.0,0.0,0.18,0.11,1.0,1.0,U57713,768
,0.0,0.0,0.0,0.0,0.0,0.0,0.0,0.0,0.22,0.13,1.0,1.0,U71851,768
,0.0,0.0,0.0,0.0,0.0,0.0,0.0,0.0,0.02,0.01,1.0,1.0,U52399,768
,0.0,0.0,0.0,0.0,0.0,0.0,0.0,0.0,0.24,0.12,1.0,1.0,U47866,0
,0.0,0.0,0.0,0.0,0.0,0.0,0.0,0.0,0.12,0.08,1.0,1.0,U36738,768
,0.0,0.0,0.0,0.0,0.0,0.0,0.0,0.0,0.12,0.08,1.0,1.0,U72296,768
,0.0,0.0,0.0,0.0,0.0,0.0,0.0,0.0,0.24,0.13,1.0,1.0,U52121,768
,0.0,0.0,0.0,0.0,0.0,0.0,0.0,0.0,0.16,0.11,1.0,1.0,U69681,768
,0.0,0.0,0.0,0.0,0.0,0.0,0.0,0.0,0.14,0.08,1.0,1.0,U91657,768
,0.0,0.0,0.0,0.0,0.0,0.0,0.0,0.0,0.1,0.08,1.0,1.0,U38312,768
,0.0,0.0,0.0,0.0,0.0,0.0,0.0,0.0,0.08,0.06,1.0,1.0,U57066,768
,0.0,0.0,0.0,0.0,0.0,0.0,0.0,0.0,0.12,0.08,1.0,1.0,U52355,768
,0.0,0.0,0.0,0.0,0.0,0.0,0.0,0.0,0.18,0.12,1.0,1.0,U38648,768
,0.0,0.0,0.0,0.0,0.0,0.0,0.0,0.0,0.1,0.08,1.0,1.0,U34440,768
,0.0,0.0,0.0,0.0,0.0,0.0,0.0,0.0,0.2,0.11,1.0,1.0,U79530,768
,0.0,0.0,0.0,0.0,0.0,0.0,0.0,0.0,0.04,0.02,1.0,1.0,U79116,768
,0.0,0.0,0.0,0.0,0.0,0.0,0.0,0.0,0.08,0.07,1.0,1.0,U80680,768
,0.0,0.0,0.0,0.0,0.0,0.0,0.0,0.0,0.08,0.07,1.0,1.0,U70731,768
,0.0,0.0,0.0,0.0,0.0,0.0,0.0,0.0,0.12,0.08,1.0,1.0,U42511,768
,0.0,0.0,0.0,0.0,0.0,0.0,0.0,0.0,0.2,0.12,1.0,1.0,U41820,768
,0.0,0.0,0.0,0.0,0.0,0.0,0.0,0.0,0.16,0.11,1.0,1.0,U57919,768
,0.0,0.0,0.0,0.0,0.0,0.0,0.0,0.0,0.14,0.1,1.0,1.0,U89894,768
,0.0,0.0,0.0,0.0,0.0,0.0,0.0,0.0,0.14,0.09,1.0,1.0,U53154,768
,0.0,0.0,0.0,0.0,0.0,0.0,0.0,0.0,0.22,0.14,1.0,1.0,U16373,0
,0.0,0.0,0.0,0.0,0.0,0.0,0.0,0.0,0.16,0.08,1.0,1.0,U27384,768
,0.0,0.0,0.0,0.0,0.0,0.0,0.0,0.0,0.22,0.12,1.0,1.0,U7887,768
,0.0,0.0,0.0,0.0,0.0,0.0,0.0,0.0,0.14,0.1,1.0,1.0,U3967,768
,0.0,0.0,0.0,0.0,0.0,0.0,0.0,0.0,0.22,0.13,1.0,1.0,U55279,768
,0.0,0.0,0.0,0.0,0.0,0.0,0.0,0.0,0.18,0.1,1.0,1.0,U28307,768
,0.0,0.0,0.0,0.0,0.0,0.0,0.0,0.0,0.2,0.1,1.0,1.0,U22867,768
,0.0,0.0,0.0,0.0,0.0,0.0,0.0,0.0,0.08,0.04,1.0,1.0,U61040,768
,0.0,0.0,0.0,0.0,0.0,0.0,0.0,0.0,0.12,0.1,1.0,1.0,U67589,768
,0.0,0.0,0.0,0.0,0.0,0.0,0.0,0.0,0.18,0.1,1.0,1.0,U69899,768
,0.0,0.0,0.0,0.0,0.0,0.0,0.0,0.0,0.2,0.11,1.0,1.0,U162,768
,0.0,0.0,0.0,0.0,0.0,0.0,0.0,0.0,0.14,0.11,1.0,1.0,U31059,768
,0.0,0.0,0.0,0.0,0.0,0.0,0.0,0.0,0.14,0.11,1.0,1.0,U83731,768
,0.0,0.0,0.0,0.0,0.0,0.0,0.0,0.0,0.14,0.1,1.0,1.0,U57328,768
,0.0,0.0,0.0,0.0,0.0,0.0,0.0,0.0,0.16,0.09,1.0,1.0,U29108,768
,0.0,0.0,0.0,0.0,0.0,0.0,0.0,0.0,0.06,0.03,1.0,1.0,U34923,768
,0.0,0.0,0.0,0.0,0.0,0.0,0.0,0.0,0.18,0.11,1.0,1.0,U81094,768
,0.0,0.0,0.0,0.0,0.0,0.0,0.0,0.0,0.18,0.11,1.0,1.0,U82479,768
,0.0,0.0,0.0,0.0,0.0,0.0,0.0,0.0,0.2,0.11,1.0,1.0,U6633,768
,0.0,0.0,0.0,0.0,0.0,0.0,0.0,0.0,0.16,0.11,1.0,1.0,U3356,768
,0.0,0.0,0.0,0.0,0.0,0.0,0.0,0.0,0.06,0.06,1.0,1.0,U12818,768
,0.0,0.0,0.0,0.0,0.0,0.0,0.0,0.0,0.14,0.1,1.0,1.0,U29060,768
,0.0,0.0,0.0,0.0,0.0,0.0,0.0,0.0,0.16,0.1,1.0,1.0,U87008,768
,0.0,0.0,0.0,0.0,0.0,0.0,0.0,0.0,0.14,0.1,1.0,1.0,U15908,768
,0.0,0.0,0.0,0.0,0.0,0.0,0.0,0.0,0.14,0.1,1.0,1.0,U44028,768
,0.0,0.0,0.0,0.0,0.0,0.0,0.0,0.0,0.16,0.09,1.0,1.0,U69647,768
,0.0,0.0,0.0,0.0,0.0,0.0,0.0,0.0,0.04,0.02,1.0,1.0,U90335,768
,0.0,0.0,0.0,0.0,0.0,0.0,0.0,0.0,0.22,0.14,1.0,1.0,U83990,768
,0.0,0.0,0.0,0.0,0.0,0.0,0.0,0.0,0.08,0.07,1.0,1.0,U85694,768
,0.0,0.0,0.0,0.0,0.0,0.0,0.0,0.0,0.18,0.11,1.0,1.0,U24439,768
,0.0,0.0,0.0,0.0,0.0,0.0,0.0,0.0,0.2,0.12,1.0,1.0,U35803,768
,0.0,0.0,0.0,0.0,0.0,0.0,0.0,0.0,0.22,0.11,1.0,1.0,U59929,0
,0.0,0.0,0.0,0.0,0.0,0.0,0.0,0.0,0.24,0.14,1.0,1.0,U6791,0
,0.0,0.0,0.0,0.0,0.0,0.0,0.0,0.0,0.04,0.02,1.0,1.0,U41261,768
,0.0,0.0,0.0,0.0,0.0,0.0,0.0,0.0,0.14,0.09,1.0,1.0,U78750,768
,0.0,0.0,0.0,0.0,0.0,0.0,0.0,0.0,0.08,0.05,1.0,1.0,U68669,768
,0.0,0.0,0.0,0.0,0.0,0.0,0.0,0.0,0.16,0.09,1.0,1.0,U19910,768
,0.0,0.0,0.0,0.0,0.0,0.0,0.0,0.0,0.1,0.07,1.0,1.0,U85284,768
,0.0,0.0,0.0,0.0,0.0,0.0,0.0,0.0,0.18,0.12,1.0,1.0,U40038,768
,0.0,0.0,0.0,0.0,0.0,0.0,0.0,0.0,0.16,0.1,1.0,1.0,U56962,768
,0.0,0.0,0.0,0.0,0.0,0.0,0.0,0.0,0.24,0.13,1.0,1.0,U38859,768
,0.0,0.0,0.0,0.0,0.0,0.0,0.0,0.0,0.08,0.05,1.0,1.0,U31652,768
0.4120603015075377,0.00847457627118644,0.0,0.0,0.0,0.0,0.0,0.0,0.25,0.12,0.08,1.0,1.0,U92233,768
,0.0,0.0,0.0,0.0,0.0,0.0,0.0,0.0,0.2,0.11,1.0,1.0,U25213,768
,0.0,0.0,0.0,0.0,0.0,0.0,0.0,0.0,0.16,0.12,1.0,1.0,U21615,768
,0.0,0.0,0.0,0.0,0.0,0.0,0.0,0.0,0.2,0.1,1.0,1.0,U76540,768
,0.0,0.0,0.0,0.0,0.0,0.0,0.0,0.0,0.16,0.09,1.0,1.0,U14434,768
,0.0,0.0,0.0,0.0,0.0,0.0,0.0,0.0,0.16,0.1,1.0,1.0,U81000,768
,0.0,0.0,0.0,0.0,0.0,0.0,0.0,0.0,0.2,0.11,1.0,1.0,U52259,768
,0.0,0.0,0.0,0.0,0.0,0.0,0.0,0.0,0.12,0.1,1.0,1.0,U64837,768
,0.0,0.0,0.0,0.0,0.0,0.0,0.0,0.0,0.1,0.08,1.0,1.0,U28562,768
,0.0,0.0,0.0,0.0,0.0,0.0,0.0,0.0,0.16,0.11,1.0,1.0,U79896,768
,0.0,0.0,0.0,0.0,0.0,0.0,0.0,0.0,0.2,0.13,1.0,1.0,U51406,768
,0.0,0.0,0.0,0.0,0.0,0.0,0.0,0.0,0.24,0.14,1.0,1.0,U26607,768
,0.0,0.0,0.0,0.0,0.0,0.0,0.0,0.0,0.18,0.11,1.0,1.0,U44530,768
,0.0,0.0,0.0,0.0,0.0,0.0,0.0,0.0,0.18,0.11,1.0,1.0,U11453,768
,0.0,0.0,0.0,0.0,0.0,0.0,0.0,0.0,0.16,0.11,1.0,1.0,U57634,768
,0.0,0.0,0.0,0.0,0.0,0.0,0.0,0.0,0.16,0.12,1.0,1.0,U12958,768
,0.0,0.0,0.0,0.0,0.0,0.0,0.0,0.0,0.16,0.11,1.0,1.0,U91897,768
,0.0,0.0,0.0,0.0,0.0,0.0,0.0,0.0,0.2,0.11,1.0,1.0,U78412,768
,0.0,0.0,0.0,0.0,0.0,0.0,0.0,0.0,0.18,0.1,1.0,1.0,U3277,768
,0.0,0.0,0.0,0.0,0.0,0.0,0.0,0.0,0.18,0.12,1.0,1.0,U19478,768
,0.0,0.0,0.0,0.0,0.0,0.0,0.0,0.0,0.16,0.08,1.0,1.0,U32054,768
,0.0,0.0,0.0,0.0,0.0,0.0,0.0,0.0,0.08,0.04,1.0,1.0,U64825,768
,0.0,0.0,0.0,0.0,0.0,0.0,0.0,0.0,0.02,0.01,1.0,1.0,U88608,768
,0.0,0.0,0.0,0.0,0.0,0.0,0.0,0.0,0.02,0.02,1.0,1.0,U22486,768
,0.0,0.0,0.0,0.0,0.0,0.0,0.0,0.0,0.16,0.1,1.0,1.0,U22079,768
,0.0,0.0,0.0,0.0,0.0,0.0,0.0,0.0,0.14,0.09,1.0,1.0,U39728,768
,0.0,0.0,0.0,0.0,0.0,0.0,0.0,0.0,0.08,0.05,1.0,1.0,U18040,768
,0.0,0.0,0.0,0.0,0.0,0.0,0.0,0.0,0.1,0.09,1.0,1.0,U65497,768
,0.0,0.0,0.0,0.0,0.0,0.0,0.0,0.0,0.08,0.06,1.0,1.0,U90567,768
,0.0,0.0,0.0,0.0,0.0,0.0,0.0,0.0,0.1,0.07,1.0,1.0,U46589,768
,0.0,0.0,0.0,0.0,0.0,0.0,0.0,0.0,0.18,0.1,1.0,1.0,U60015,768
0.03015075376884422,0.005154639175257732,0.0,0.0,0.0,0.0,0.0,0.0,1.0,0.02,0.02,1.0,1.0,U42143,768
,0.0,0.0,0.0,0.0,0.0,0.0,0.0,0.0,0.12,0.09,1.0,1.0,U79893,768
,0.0,0.0,0.0,0.0,0.0,0.0,0.0,0.0,0.16,0.12,1.0,1.0,U35990,768
,0.0,0.0,0.0,0.0,0.0,0.0,0.0,0.0,0.06,0.05,1.0,1.0,U31709,768
,0.0,0.0,0.0,0.0,0.0,0.0,0.0,0.0,0.16,0.09,1.0,1.0,U38989,768
,0.0,0.0,0.0,0.0,0.0,0.0,0.0,0.0,0.1,0.07,1.0,1.0,U10455,768
,0.0,0.0,0.0,0.0,0.0,0.0,0.0,0.0,0.16,0.11,1.0,1.0,U26123,768
,0.0,0.0,0.0,0.0,0.0,0.0,0.0,0.0,0.08,0.08,1.0,1.0,U4074,768
,0.0,0.0,0.0,0.0,0.0,0.0,0.0,0.0,0.14,0.12,1.0,1.0,U13669,768
,0.0,0.0,0.0,0.0,0.0,0.0,0.0,0.0,0.12,0.09,1.0,1.0,U66922,768
,0.0,0.0,0.0,0.0,0.0,0.0,0.0,0.0,0.18,0.12,1.0,1.0,U33479,768
,0.0,0.0,0.0,0.0,0.0,0.0,0.0,0.0,0.18,0.1,1.0,1.0,U61224,768
,0.0,0.0,0.0,0.0,0.0,0.0,0.0,0.0,0.14,0.1,1.0,1.0,U64877,768
,0.0,0.0,0.0,0.0,0.0,0.0,0.0,0.0,0.16,0.11,1.0,1.0,U22793,768
,0.0,0.0,0.0,0.0,0.0,0.0,0.0,0.0,0.02,0.01,1.0,1.0,U80236,768
,0.0,0.0,0.0,0.0,0.0,0.0,0.0,0.0,0.2,0.11,1.0,1.0,U92418,768
,0.0,0.0,0.0,0.0,0.0,0.0,0.0,0.0,0.14,0.09,1.0,1.0,U32118,768
,0.0,0.0,0.0,0.0,0.0,0.0,0.0,0.0,0.08,0.06,1.0,1.0,U75259,768
,0.0,0.0,0.0,0.0,0.0,0.0,0.0,0.0,0.04,0.04,1.0,1.0,U12912,768
,0.0,0.0,0.0,0.0,0.0,0.0,0.0,0.0,0.04,0.02,1.0,1.0,U16067,768
,0.0,0.0,0.0,0.0,0.0,0.0,0.0,0.0,0.04,0.02,1.0,1.0,U71171,768
,0.0,0.0,0.0,0.0,0.0,0.0,0.0,0.0,0.12,0.1,1.0,1.0,U13216,768
,0.0,0.0,0.0,0.0,0.0,0.0,0.0,0.0,0.18,0.11,1.0,1.0,U90279,768
,0.0,0.0,0.0,0.0,0.0,0.0,0.0,0.0,0.14,0.13,1.0,1.0,U16791,768
,0.0,0.0,0.0,0.0,0.0,0.0,0.0,0.0,0.18,0.11,1.0,1.0,U53487,768
,0.0,0.0,0.0,0.0,0.0,0.0,0.0,0.0,0.18,0.1,1.0,1.0,U88931,768
,0.0,0.0,0.0,0.0,0.0,0.0,0.0,0.0,0.18,0.11,1.0,1.0,U14098,768
,0.0,0.0,0.0,0.0,0.0,0.0,0.0,0.0,0.18,0.1,1.0,1.0,U20394,768
,0.0,0.0,0.0,0.0,0.0,0.0,0.0,0.0,0.08,0.07,1.0,1.0,U41307,768
,0.0,0.0,0.0,0.0,0.0,0.0,0.0,0.0,0.2,0.12,1.0,1.0,U5438,768
,0.0,0.0,0.0,0.0,0.0,0.0,0.0,0.0,0.1,0.07,1.0,1.0,U92831,768
,0.0,0.0,0.0,0.0,0.0,0.0,0.0,0.0,0.04,0.05,1.0,1.0,U82276,768
,0.0,0.0,0.0,0.0,0.0,0.0,0.0,0.0,0.18,0.1,1.0,1.0,U13933,768
,0.0,0.0,0.0,0.0,0.0,0.0,0.0,0.0,0.2,0.12,1.0,1.0,U26863,768
,0.0,0.0,0.0,0.0,0.0,0.0,0.0,0.0,0.14,0.11,1.0,1.0,U47726,768
,0.0,0.0,0.0,0.0,0.0,0.0,0.0,0.0,0.18,0.12,1.0,1.0,U40131,768
,0.0,0.0,0.0,0.0,0.0,0.0,0.0,0.0,0.1,0.08,1.0,1.0,U58961,768
,0.0,0.0,0.0,0.0,0.0,0.0,0.0,0.0,0.12,0.09,1.0,1.0,U13582,768
,0.0,0.0,0.0,0.0,0.0,0.0,0.0,0.0,0.18,0.1,1.0,1.0,U83350,768
,0.0,0.0,0.0,0.0,0.0,0.0,0.0,0.0,0.16,0.09,1.0,1.0,U85341,768
,0.0,0.0,0.0,0.0,0.0,0.0,0.0,0.0,0.2,0.12,1.0,1.0,U29889,768
,0.0,0.0,0.0,0.0,0.0,0.0,0.0,0.0,0.16,0.12,1.0,1.0,U346,768
,0.0,0.0,0.0,0.0,0.0,0.0,0.0,0.0,0.18,0.12,1.0,1.0,U40904,768
,0.0,0.0,0.0,0.0,0.0,0.0,0.0,0.0,0.12,0.09,1.0,1.0,U60597,768
,0.0,0.0,0.0,0.0,0.0,0.0,0.0,0.0,0.16,0.09,1.0,1.0,U55046,768
0.5226130653266332,0.010416666666666666,0.0,0.0,0.0,0.0,0.0,1.0,1.0,0.12,0.06,1.0,1.0,U46557,768
,0.0,0.0,0.0,0.0,0.0,0.0,0.0,0.0,0.08,0.08,1.0,1.0,U15161,768
,0.0,0.0,0.0,0.0,0.0,0.0,0.0,0.0,0.18,0.12,1.0,1.0,U39098,0
,0.0,0.0,0.0,0.0,0.0,0.0,0.0,0.0,0.2,0.12,1.0,1.0,U89195,768
,0.0,0.0,0.0,0.0,0.0,0.0,0.0,0.0,0.16,0.08,1.0,1.0,U29950,768
,0.0,0.0,0.0,0.0,0.0,0.0,0.0,0.0,0.04,0.05,1.0,1.0,U44912,768
,0.0,0.0,0.0,0.0,0.0,0.0,0.0,0.0,0.04,0.02,1.0,1.0,U14354,768
0.40703517587939697,0.008403361344537815,0.0,0.0,0.0,0.0,0.0,0.0,0.16666666666666666,0.2,0.1,1.0,1.0,U71275,768
,0.0,0.0,0.0,0.0,0.0,0.0,0.0,0.0,0.04,0.03,1.0,1.0,U2869,768
,0.0,0.0,0.0,0.0,0.0,0.0,0.0,0.0,0.08,0.05,1.0,1.0,U22278,768
,0.0,0.0,0.0,0.0,0.0,0.0,0.0,0.0,0.04,0.05,1.0,1.0,U87726,768
,0.0,0.0,0.0,0.0,0.0,0.0,0.0,0.0,0.22,0.11,1.0,1.0,U71300,768
,0.0,0.0,0.0,0.0,0.0,0.0,0.0,0.0,0.22,0.12,1.0,1.0,U56194,768
,0.0,0.0,0.0,0.0,0.0,0.0,0.0,0.0,0.12,0.09,1.0,1.0,U32581,768
,0.0,0.0,0.0,0.0,0.0,0.0,0.0,0.0,0.18,0.12,1.0,1.0,U2291,768
,0.0,0.0,0.0,0.0,0.0,0.0,0.0,0.0,0.18,0.1,1.0,1.0,U1312,768
,0.0,0.0,0.0,0.0,0.0,0.0,0.0,0.0,0.18,0.11,1.0,1.0,U45258,768
,0.0,0.0,0.0,0.0,0.0,0.0,0.0,0.0,0.16,0.11,1.0,1.0,U15591,768
,0.0,0.0,0.0,0.0,0.0,0.0,0.0,0.0,0.2,0.12,1.0,1.0,U8357,768
,0.0,0.0,0.0,0.0,0.0,0.0,0.0,0.0,0.16,0.12,1.0,1.0,U52656,768
,0.0,0.0,0.0,0.0,0.0,0.0,0.0,0.0,0.22,0.12,1.0,1.0,U91407,768
,0.0,0.0,0.0,0.0,0.0,0.0,0.0,0.0,0.06,0.04,1.0,1.0,U4132,768
,0.0,0.0,0.0,0.0,0.0,0.0,0.0,0.0,0.14,0.08,1.0,1.0,U2459,768
,0.0,0.0,0.0,0.0,0.0,0.0,0.0,0.0,0.02,0.01,1.0,1.0,U62446,768
,0.0,0.0,0.0,0.0,0.0,0.0,0.0,0.0,0.06,0.03,1.0,1.0,U35011,768
,0.0,0.0,0.0,0.0,0.0,0.0,0.0,0.0,0.14,0.09,1.0,1.0,U42260,768
,0.0,0.0,0.0,0.0,0.0,0.0,0.0,0.0,0.14,0.1,1.0,1.0,U82373,768
,0.0,0.0,0.0,0.0,0.0,0.0,0.0,0.0,0.08,0.04,1.0,1.0,U46652,768
,0.0,0.0,0.0,0.0,0.0,0.0,0.0,0.0,0.22,0.13,1.0,1.0,U38904,768
,0.0,0.0,0.0,0.0,0.0,0.0,0.0,0.0,0.2,0.11,1.0,1.0,U72741,768
,0.0,0.0,0.0,0.0,0.0,0.0,0.0,0.0,0.16,0.11,1.0,1.0,U64691,768
,0.0,0.0,0.0,0.0,0.0,0.0,0.0,0.0,0.14,0.09,1.0,1.0,U56589,768
0.3813131313131313,0.009523809523809525,0.0,0.0,0.0,0.0,0.0,0.0,0.6666666666666666,0.22,0.12,1.0,1.0,U38487,768
,0.0,0.0,0.0,0.0,0.0,0.0,0.0,0.0,0.12,0.1,1.0,1.0,U72134,768
,0.0,0.0,0.0,0.0,0.0,0.0,0.0,0.0,0.08,0.05,1.0,1.0,U6062,768
,0.0,0.0,0.0,0.0,0.0,0.0,0.0,0.0,0.22,0.12,1.0,1.0,U19177,768
,0.0,0.0,0.0,0.0,0.0,0.0,0.0,0.0,0.16,0.12,1.0,1.0,U74962,768
,0.0,0.0,0.0,0.0,0.0,0.0,0.0,0.0,0.04,0.03,1.0,1.0,U744,768
,0.0,0.0,0.0,0.0,0.0,0.0,0.0,0.0,0.04,0.03,1.0,1.0,U70854,768
,0.0,0.0,0.0,0.0,0.0,0.0,0.0,0.0,0.14,0.07,1.0,1.0,U62239,768
,0.0,0.0,0.0,0.0,0.0,0.0,0.0,0.0,0.1,0.08,1.0,1.0,U23483,768
0.8944723618090452,0.045454545454545456,0.0,0.0,0.0,0.0,0.2,0.2,0.2,0.16,0.12,1.0,1.0,U30041,768
,0.0,0.0,0.0,0.0,0.0,0.0,0.0,0.0,0.18,0.13,1.0,1.0,U55852,768
,0.0,0.0,0.0,0.0,0.0,0.0,0.0,0.0,0.08,0.07,1.0,1.0,U71545,768
,0.0,0.0,0.0,0.0,0.0,0.0,0.0,0.0,0.08,0.05,1.0,1.0,U76979,768
,0.0,0.0,0.0,0.0,0.0,0.0,0.0,0.0,0.14,0.1,1.0,1.0,U24162,768
,0.0,0.0,0.0,0.0,0.0,0.0,0.0,0.0,0.22,0.12,1.0,1.0,U54866,768
,0.0,0.0,0.0,0.0,0.0,0.0,0.0,0.0,0.18,0.11,1.0,1.0,U1922,768
,0.0,0.0,0.0,0.0,0.0,0.0,0.0,0.0,0.12,0.08,1.0,1.0,U68045,768
,0.0,0.0,0.0,0.0,0.0,0.0,0.0,0.0,0.18,0.11,1.0,1.0,U31155,768
,0.0,0.0,0.0,0.0,0.0,0.0,0.0,0.0,0.16,0.1,1.0,1.0,U62873,768
,0.0,0.0,0.0,0.0,0.0,0.0,0.0,0.0,0.18,0.11,1.0,1.0,U36343,768
,0.0,0.0,0.0,0.0,0.0,0.0,0.0,0.0,0.12,0.09,1.0,1.0,U8590,768
,0.0,0.0,0.0,0.0,0.0,0.0,0.0,0.0,0.2,0.11,1.0,1.0,U59073,768
,0.0,0.0,0.0,0.0,0.0,0.0,0.0,0.0,0.16,0.08,1.0,1.0,U15834,768
,0.0,0.0,0.0,0.0,0.0,0.0,0.0,0.0,0.18,0.1,1.0,1.0,U63476,768
,0.0,0.0,0.0,0.0,0.0,0.0,0.0,0.0,0.12,0.1,1.0,1.0,U11801,768
,0.0,0.0,0.0,0.0,0.0,0.0,0.0,0.0,0.16,0.12,1.0,1.0,U5756,768
,0.0,0.0,0.0,0.0,0.0,0.0,0.0,0.0,0.06,0.03,1.0,1.0,U50504,768
,0.0,0.0,0.0,0.0,0.0,0.0,0.0,0.0,0.22,0.12,1.0,1.0,U16921,768
,0.0,0.0,0.0,0.0,0.0,0.0,0.0,0.0,0.18,0.11,1.0,1.0,U26744,768
,0.0,0.0,0.0,0.0,0.0,0.0,0.0,0.0,0.08,0.08,1.0,1.0,U1103,768
,0.0,0.0,0.0,0.0,0.0,0.0,0.0,0.0,0.18,0.11,1.0,1.0,U23371,768
,0.0,0.0,0.0,0.0,0.0,0.0,0.0,0.0,0.26,0.13,1.0,1.0,U1917,0
,0.0,0.0,0.0,0.0,0.0,0.0,0.0,0.0,0.24,0.13,1.0,1.0,U53112,768
,0.0,0.0,0.0,0.0,0.0,0.0,0.0,0.0,0.08,0.08,1.0,1.0,U20336,768
,0.0,0.0,0.0,0.0,0.0,0.0,0.0,0.0,0.18,0.12,1.0,1.0,U30488,768
,0.0,0.0,0.0,0.0,0.0,0.0,0.0,0.0,0.2,0.13,1.0,1.0,U75622,768
,0.0,0.0,0.0,0.0,0.0,0.0,0.0,0.0,0.24,0.14,1.0,1.0,U868,0
,0.0,0.0,0.0,0.0,0.0,0.0,0.0,0.0,0.14,0.09,1.0,1.0,U45997,768
,0.0,0.0,0.0,0.0,0.0,0.0,0.0,0.0,0.16,0.11,1.0,1.0,U65046,768
,0.0,0.0,0.0,0.0,0.0,0.0,0.0,0.0,0.08,0.07,1.0,1.0,U68899,768
0.949748743718593,0.09090909090909091,0.0,0.0,0.0,0.0,1.0,1.0,1.0,0.18,0.11,1.0,1.0,U89267,768
,0.0,0.0,0.0,0.0,0.0,0.0,0.0,0.0,0.18,0.11,1.0,1.0,U20899,768
,0.0,0.0,0.0,0.0,0.0,0.0,0.0,0.0,0.08,0.04,1.0,1.0,U31219,768
,0.0,0.0,0.0,0.0,0.0,0.0,0.0,0.0,0.04,0.02,1.0,1.0,U35002,768
,0.0,0.0,0.0,0.0,0.0,0.0,0.0,0.0,0.12,0.1,1.0,1.0,U60271,768
,0.0,0.0,0.0,0.0,0.0,0.0,0.0,0.0,0.18,0.12,1.0,1.0,U90112,768
,0.0,0.0,0.0,0.0,0.0,0.0,0.0,0.0,0.16,0.1,1.0,1.0,U89783,768
,0.0,0.0,0.0,0.0,0.0,0.0,0.0,0.0,0.18,0.11,1.0,1.0,U91218,768
,0.0,0.0,0.0,0.0,0.0,0.0,0.0,0.0,0.1,0.07,1.0,1.0,U91173,768
,0.0,0.0,0.0,0.0,0.0,0.0,0.0,0.0,0.18,0.12,1.0,1.0,U63523,768
,0.0,0.0,0.0,0.0,0.0,0.0,0.0,0.0,0.1,0.06,1.0,1.0,U81673,768
,0.0,0.0,0.0,0.0,0.0,0.0,0.0,0.0,0.18,0.12,1.0,1.0,U53091,768
,0.0,0.0,0.0,0.0,0.0,0.0,0.0,0.0,0.22,0.12,1.0,1.0,U55215,768
,0.0,0.0,0.0,0.0,0.0,0.0,0.0,0.0,0.2,0.1,1.0,1.0,U66017,768
,0.0,0.0,0.0,0.0,0.0,0.0,0.0,0.0,0.12,0.1,1.0,1.0,U50986,768
,0.0,0.0,0.0,0.0,0.0,0.0,0.0,0.0,0.08,0.06,1.0,1.0,U92409,768
,0.0,0.0,0.0,0.0,0.0,0.0,0.0,0.0,0.16,0.1,1.0,1.0,U11511,768
,0.0,0.0,0.0,0.0,0.0,0.0,0.0,0.0,0.18,0.1,1.0,1.0,U57687,768
,0.0,0.0,0.0,0.0,0.0,0.0,0.0,0.0,0.18,0.11,1.0,1.0,U7501,768
,0.0,0.0,0.0,0.0,0.0,0.0,0.0,0.0,0.1,0.08,1.0,1.0,U16068,768
,0.0,0.0,0.0,0.0,0.0,0.0,0.0,0.0,0.12,0.06,1.0,1.0,U46368,768
,0.0,0.0,0.0,0.0,0.0,0.0,0.0,0.0,0.18,0.11,1.0,1.0,U247,768
,0.0,0.0,0.0,0.0,0.0,0.0,0.0,0.0,0.22,0.11,1.0,1.0,U11672,768
,0.0,0.0,0.0,0.0,0.0,0.0,0.0,0.0,0.04,0.02,1.0,1.0,U7110,768
,0.0,0.0,0.0,0.0,0.0,0.0,0.0,0.0,0.14,0.13,1.0,1.0,U61243,768
,0.0,0.0,0.0,0.0,0.0,0.0,0.0,0.0,0.16,0.09,1.0,1.0,U8343,768
,0.0,0.0,0.0,0.0,0.0,0.0,0.0,0.0,0.08,0.06,1.0,1.0,U66079,768
,0.0,0.0,0.0,0.0,0.0,0.0,0.0,0.0,0.14,0.09,1.0,1.0,U53239,768
,0.0,0.0,0.0,0.0,0.0,0.0,0.0,0.0,0.16,0.11,1.0,1.0,U55641,768
,0.0,0.0,0.0,0.0,0.0,0.0,0.0,0.0,0.18,0.12,1.0,1.0,U8853,768
,0.0,0.0,0.0,0.0,0.0,0.0,0.0,0.0,0.02,0.02,1.0,1.0,U16530,768
,0.0,0.0,0.0,0.0,0.0,0.0,0.0,0.0,0.14,0.1,1.0,1.0,U22807,768
,0.0,0.0,0.0,0.0,0.0,0.0,0.0,0.0,0.16,0.12,1.0,1.0,U3282,768
,0.0,0.0,0.0,0.0,0.0,0.0,0.0,0.0,0.1,0.07,1.0,1.0,U72289,768
,0.0,0.0,0.0,0.0,0.0,0.0,0.0,0.0,0.14,0.11,1.0,1.0,U7938,768
,0.0,0.0,0.0,0.0,0.0,0.0,0.0,0.0,0.18,0.09,1.0,1.0,U47007,768
,0.0,0.0,0.0,0.0,0.0,0.0,0.0,0.0,0.04,0.02,1.0,1.0,U5572,768
,0.0,0.0,0.0,0.0,0.0,0.0,0.0,0.0,0.2,0.11,1.0,1.0,U35764,768
,0.0,0.0,0.0,0.0,0.0,0.0,0.0,0.0,0.16,0.09,1.0,1.0,U74860,768
,0.0,0.0,0.0,0.0,0.0,0.0,0.0,0.0,0.18,0.11,1.0,1.0,U71475,768
,0.0,0.0,0.0,0.0,0.0,0.0,0.0,0.0,0.18,0.09,1.0,1.0,U7556,768
,0.0,0.0,0.0,0.0,0.0,0.0,0.0,0.0,0.18,0.12,1.0,1.0,U63084,768
,0.0,0.0,0.0,0.0,0.0,0.0,0.0,0.0,0.2,0.11,1.0,1.0,U17582,768
,0.0,0.0,0.0,0.0,0.0,0.0,0.0,0.0,0.1,0.08,1.0,1.0,U49480,768
,0.0,0.0,0.0,0.0,0.0,0.0,0.0,0.0,0.2,0.11,1.0,1.0,U60596,768
,0.0,0.0,0.0,0.0,0.0,0.0,0.0,0.0,0.22,0.12,1.0,1.0,U59418,768
,0.0,0.0,0.0,0.0,0.0,0.0,0.0,0.0,0.18,0.11,1.0,1.0,U31537,768
0.005025125628140704,0.005025125628140704,0.0,0.0,0.0,0.0,0.0,0.0,1.0,0.16,0.11,1.0,1.0,U53223,768
,0.0,0.0,0.0,0.0,0.0,0.0,0.0,0.0,0.02,0.02,1.0,1.0,U92564,768
,0.0,0.0,0.0,0.0,0.0,0.0,0.0,0.0,0.18,0.11,1.0,1.0,U25632,768
,0.0,0.0,0.0,0.0,0.0,0.0,0.0,0.0,0.08,0.05,1.0,1.0,U91559,768
,0.0,0.0,0.0,0.0,0.0,0.0,0.0,0.0,0.18,0.09,1.0,1.0,U79436,768
,0.0,0.0,0.0,0.0,0.0,0.0,0.0,0.0,0.2,0.11,1.0,1.0,U50330,768
,0.0,0.0,0.0,0.0,0.0,0.0,0.0,0.0,0.16,0.12,1.0,1.0,U78170,768
,0.0,0.0,0.0,0.0,0.0,0.0,0.0,0.0,0.22,0.12,1.0,1.0,U7374,768
,0.0,0.0,0.0,0.0,0.0,0.0,0.0,0.0,0.2,0.11,1.0,1.0,U62519,768
,0.0,0.0,0.0,0.0,0.0,0.0,0.0,0.0,0.16,0.1,1.0,1.0,U74042,768
,0.0,0.0,0.0,0.0,0.0,0.0,0.0,0.0,0.12,0.08,1.0,1.0,U93921,768
,0.0,0.0,0.0,0.0,0.0,0.0,0.0,0.0,0.12,0.08,1.0,1.0,U43337,768
,0.0,0.0,0.0,0.0,0.0,0.0,0.0,0.0,0.16,0.11,1.0,1.0,U39801,768
,0.0,0.0,0.0,0.0,0.0,0.0,0.0,0.0,0.16,0.09,1.0,1.0,U81031,768
,0.0,0.0,0.0,0.0,0.0,0.0,0.0,0.0,0.16,0.1,1.0,1.0,U34539,768
,0.0,0.0,0.0,0.0,0.0,0.0,0.0,0.0,0.16,0.11,1.0,1.0,U59755,768
,0.0,0.0,0.0,0.0,0.0,0.0,0.0,0.0,0.1,0.07,1.0,1.0,U84764,768
,0.0,0.0,0.0,0.0,0.0,0.0,0.0,0.0,0.2,0.12,1.0,1.0,U84362,768
,0.0,0.0,0.0,0.0,0.0,0.0,0.0,0.0,0.18,0.1,1.0,1.0,U66139,768
,0.0,0.0,0.0,0.0,0.0,0.0,0.0,0.0,0.1,0.09,1.0,1.0,U766,768
,0.0,0.0,0.0,0.0,0.0,0.0,0.0,0.0,0.2,0.12,1.0,1.0,U57488,768
,0.0,0.0,0.0,0.0,0.0,0.0,0.0,0.0,0.18,0.12,1.0,1.0,U82627,768
,0.0,0.0,0.0,0.0,0.0,0.0,0.0,0.0,0.14,0.11,1.0,1.0,U93916,768
,0.0,0.0,0.0,0.0,0.0,0.0,0.0,0.0,0.18,0.1,1.0,1.0,U41235,768
,0.0,0.0,0.0,0.0,0.0,0.0,0.0,0.0,0.08,0.06,1.0,1.0,U69857,768
,0.0,0.0,0.0,0.0,0.0,0.0,0.0,0.0,0.08,0.07,1.0,1.0,U55785,768
,0.0,0.0,0.0,0.0,0.0,0.0,0.0,0.0,0.12,0.07,1.0,1.0,U89119,768
,0.0,0.0,0.0,0.0,0.0,0.0,0.0,0.0,0.14,0.12,1.0,1.0,U56016,768
0.7336683417085427,0.018518518518518517,0.0,0.0,0.0,0.0,0.0,0.5,0.5,0.02,0.02,1.0,1.0,U28333,768
,0.0,0.0,0.0,0.0,0.0,0.0,0.0,0.0,0.16,0.1,1.0,1.0,U51094,768
,0.0,0.0,0.0,0.0,0.0,0.0,0.0,0.0,0.18,0.13,1.0,1.0,U54347,768
,0.0,0.0,0.0,0.0,0.0,0.0,0.0,0.0,0.12,0.09,1.0,1.0,U53220,768
,0.0,0.0,0.0,0.0,0.0,0.0,0.0,0.0,0.12,0.1,1.0,1.0,U70798,768
,0.0,0.0,0.0,0.0,0.0,0.0,0.0,0.0,0.16,0.11,1.0,1.0,U88953,768
,0.0,0.0,0.0,0.0,0.0,0.0,0.0,0.0,0.12,0.07,1.0,1.0,U79548,768
,0.0,0.0,0.0,0.0,0.0,0.0,0.0,0.0,0.22,0.14,1.0,1.0,U28274,0
,0.0,0.0,0.0,0.0,0.0,0.0,0.0,0.0,0.1,0.08,1.0,1.0,U5051,768
,0.0,0.0,0.0,0.0,0.0,0.0,0.0,0.0,0.04,0.05,1.0,1.0,U62973,768
,0.0,0.0,0.0,0.0,0.0,0.0,0.0,0.0,0.2,0.1,1.0,1.0,U61413,768
,0.0,0.0,0.0,0.0,0.0,0.0,0.0,0.0,0.04,0.03,1.0,1.0,U69950,768
,0.0,0.0,0.0,0.0,0.0,0.0,0.0,0.0,0.1,0.12,1.0,1.0,U20601,768
,0.0,0.0,0.0,0.0,0.0,0.0,0.0,0.0,0.16,0.12,1.0,1.0,U11474,768
,0.0,0.0,0.0,0.0,0.0,0.0,0.0,0.0,0.14,0.09,1.0,1.0,U55908,768
,0.0,0.0,0.0,0.0,0.0,0.0,0.0,0.0,0.16,0.1,1.0,1.0,U86688,768
,0.0,0.0,0.0,0.0,0.0,0.0,0.0,0.0,0.16,0.09,1.0,1.0,U53669,768
,0.0,0.0,0.0,0.0,0.0,0.0,0.0,0.0,0.04,0.02,1.0,1.0,U58112,768
,0.0,0.0,0.0,0.0,0.0,0.0,0.0,0.0,0.22,0.12,1.0,1.0,U86131,768
,0.0,0.0,0.0,0.0,0.0,0.0,0.0,0.0,0.1,0.07,1.0,1.0,U55105,768
,0.0,0.0,0.0,0.0,0.0,0.0,0.0,0.0,0.2,0.13,1.0,1.0,U64796,0
,0.0,0.0,0.0,0.0,0.0,0.0,0.0,0.0,0.12,0.1,1.0,1.0,U66440,768
,0.0,0.0,0.0,0.0,0.0,0.0,0.0,0.0,0.1,0.06,1.0,1.0,U21217,768
,0.0,0.0,0.0,0.0,0.0,0.0,0.0,0.0,0.14,0.12,1.0,1.0,U18276,768
,0.0,0.0,0.0,0.0,0.0,0.0,0.0,0.0,0.08,0.05,1.0,1.0,U30365,768
,0.0,0.0,0.0,0.0,0.0,0.0,0.0,0.0,0.14,0.12,1.0,1.0,U14081,768
,0.0,0.0,0.0,0.0,0.0,0.0,0.0,0.0,0.12,0.1,1.0,1.0,U58407,768
,0.0,0.0,0.0,0.0,0.0,0.0,0.0,0.0,0.1,0.06,1.0,1.0,U92529,768
,0.0,0.0,0.0,0.0,0.0,0.0,0.0,0.0,0.04,0.02,1.0,1.0,U1121,768
,0.0,0.0,0.0,0.0,0.0,0.0,0.0,0.0,0.12,0.07,1.0,1.0,U82671,768
,0.0,0.0,0.0,0.0,0.0,0.0,0.0,0.0,0.22,0.11,1.0,1.0,U87682,768
,0.0,0.0,0.0,0.0,0.0,0.0,0.0,0.0,0.1,0.05,1.0,1.0,U85305,768
,0.0,0.0,0.0,0.0,0.0,0.0,0.0,0.0,0.14,0.11,1.0,1.0,U49758,768
,0.0,0.0,0.0,0.0,0.0,0.0,0.0,0.0,0.06,0.03,1.0,1.0,U22763,768
,0.0,0.0,0.0,0.0,0.0,0.0,0.0,0.0,0.22,0.11,1.0,1.0,U27280,768
,0.0,0.0,0.0,0.0,0.0,0.0,0.0,0.0,0.02,0.01,1.0,1.0,U91219,768
,0.0,0.0,0.0,0.0,0.0,0.0,0.0,0.0,0.18,0.11,1.0,1.0,U4815,768
,0.0,0.0,0.0,0.0,0.0,0.0,0.0,0.0,0.16,0.12,1.0,1.0,U40929,768
,0.0,0.0,0.0,0.0,0.0,0.0,0.0,0.0,0.1,0.1,1.0,1.0,U68148,768
,0.0,0.0,0.0,0.0,0.0,0.0,0.0,0.0,0.12,0.07,1.0,1.0,U41536,768
,0.0,0.0,0.0,0.0,0.0,0.0,0.0,0.0,0.2,0.12,1.0,1.0,U55355,768
,0.0,0.0,0.0,0.0,0.0,0.0,0.0,0.0,0.2,0.11,1.0,1.0,U53938,768
,0.0,0.0,0.0,0.0,0.0,0.0,0.0,0.0,0.14,0.08,1.0,1.0,U3139,768
,0.0,0.0,0.0,0.0,0.0,0.0,0.0,0.0,0.18,0.11,1.0,1.0,U10075,768
,0.0,0.0,0.0,0.0,0.0,0.0,0.0,0.0,0.12,0.11,1.0,1.0,U16137,768
,0.0,0.0,0.0,0.0,0.0,0.0,0.0,0.0,0.14,0.08,1.0,1.0,U42644,768
,0.0,0.0,0.0,0.0,0.0,0.0,0.0,0.0,0.12,0.07,1.0,1.0,U37287,768
,0.0,0.0,0.0,0.0,0.0,0.0,0.0,0.0,0.14,0.08,1.0,1.0,U77287,768
,0.0,0.0,0.0,0.0,0.0,0.0,0.0,0.0,0.2,0.14,1.0,1.0,U72112,0
,0.0,0.0,0.0,0.0,0.0,0.0,0.0,0.0,0.16,0.14,1.0,1.0,U56062,768
,0.0,0.0,0.0,0.0,0.0,0.0,0.0,0.0,0.22,0.12,1.0,1.0,U77407,768
,0.0,0.0,0.0,0.0,0.0,0.0,0.0,0.0,0.16,0.09,1.0,1.0,U36733,768
,0.0,0.0,0.0,0.0,0.0,0.0,0.0,0.0,0.1,0.05,1.0,1.0,U25440,768
,0.0,0.0,0.0,0.0,0.0,0.0,0.0,0.0,0.14,0.12,1.0,1.0,U71877,768
,0.0,0.0,0.0,0.0,0.0,0.0,0.0,0.0,0.16,0.12,1.0,1.0,U87732,768
,0.0,0.0,0.0,0.0,0.0,0.0,0.0,0.0,0.08,0.05,1.0,1.0,U17825,768
,0.0,0.0,0.0,0.0,0.0,0.0,0.0,0.0,0.16,0.1,1.0,1.0,U35910,768
,0.0,0.0,0.0,0.0,0.0,0.0,0.0,0.0,0.14,0.09,1.0,1.0,U89104,768
,0.0,0.0,0.0,0.0,0.0,0.0,0.0,0.0,0.12,0.07,1.0,1.0,U66492,768
,0.0,0.0,0.0,0.0,0.0,0.0,0.0,0.0,0.12,0.1,1.0,1.0,U87704,768
,0.0,0.0,0.0,0.0,0.0,0.0,0.0,0.0,0.16,0.11,1.0,1.0,U72454,768
,0.0,0.0,0.0,0.0,0.0,0.0,0.0,0.0,0.16,0.1,1.0,1.0,U21472,768
,0.0,0.0,0.0,0.0,0.0,0.0,0.0,0.0,0.16,0.1,1.0,1.0,U19418,768
,0.0,0.0,0.0,0.0,0.0,0.0,0.0,0.0,0.1,0.07,1.0,1.0,U19812,768
,0.0,0.0,0.0,0.0,0.0,0.0,0.0,0.0,0.12,0.09,1.0,1.0,U9325,768
,0.0,0.0,0.0,0.0,0.0,0.0,0.0,0.0,0.08,0.05,1.0,1.0,U93634,768
,0.0,0.0,0.0,0.0,0.0,0.0,0.0,0.0,0.22,0.13,1.0,1.0,U36422,768
,0.0,0.0,0.0,0.0,0.0,0.0,0.0,0.0,0.14,0.09,1.0,1.0,U33318,768
,0.0,0.0,0.0,0.0,0.0,0.0,0.0,0.0,0.16,0.11,1.0,1.0,U64513,768
,0.0,0.0,0.0,0.0,0.0,0.0,0.0,0.0,0.08,0.09,1.0,1.0,U4798,768
,0.0,0.0,0.0,0.0,0.0,0.0,0.0,0.0,0.2,0.1,1.0,1.0,U19480,768
,0.0,0.0,0.0,0.0,0.0,0.0,0.0,0.0,0.12,0.11,1.0,1.0,U70882,768
,0.0,0.0,0.0,0.0,0.0,0.0,0.0,0.0,0.16,0.12,1.0,1.0,U28014,768
,0.0,0.0,0.0,0.0,0.0,0.0,0.0,0.0,0.1,0.06,1.0,1.0,U10729,768
,0.0,0.0,0.0,0.0,0.0,0.0,0.0,0.0,0.12,0.07,1.0,1.0,U51390,768
,0.0,0.0,0.0,0.0,0.0,0.0,0.0,0.0,0.16,0.11,1.0,1.0,U85397,768
,0.0,0.0,0.0,0.0,0.0,0.0,0.0,0.0,0.18,0.11,1.0,1.0,U26731,768
,0.0,0.0,0.0,0.0,0.0,0.0,0.0,0.0,0.04,0.04,1.0,1.0,U46550,768
,0.0,0.0,0.0,0.0,0.0,0.0,0.0,0.0,0.2,0.14,1.0,1.0,U78000,768
,0.0,0.0,0.0,0.0,0.0,0.0,0.0,0.0,0.2,0.11,1.0,1.0,U59475,768
,0.0,0.0,0.0,0.0,0.0,0.0,0.0,0.0,0.18,0.11,1.0,1.0,U90734,768
,0.0,0.0,0.0,0.0,0.0,0.0,0.0,0.0,0.18,0.12,1.0,1.0,U87554,768
,0.0,0.0,0.0,0.0,0.0,0.0,0.0,0.0,0.04,0.02,1.0,1.0,U69394,768
,0.0,0.0,0.0,0.0,0.0,0.0,0.0,0.0,0.18,0.1,1.0,1.0,U55477,768
,0.0,0.0,0.0,0.0,0.0,0.0,0.0,0.0,0.18,0.1,1.0,1.0,U26042,768
,0.0,0.0,0.0,0.0,0.0,0.0,0.0,0.0,0.1,0.06,1.0,1.0,U75943,768
,0.0,0.0,0.0,0.0,0.0,0.0,0.0,0.0,0.16,0.08,1.0,1.0,U34382,768
,0.0,0.0,0.0,0.0,0.0,0.0,0.0,0.0,0.04,0.03,1.0,1.0,U63809,768
0.7587939698492462,0.02040816326530612,0.0,0.0,0.0,0.0,0.1111111111111111,0.1111111111111111,0.1111111111111111,0.22,0.12,1.0,1.0,U88930,768
,0.0,0.0,0.0,0.0,0.0,0.0,0.0,0.0,0.18,0.11,1.0,1.0,U44620,768
,0.0,0.0,0.0,0.0,0.0,0.0,0.0,0.0,0.2,0.13,1.0,1.0,U14394,768
,0.0,0.0,0.0,0.0,0.0,0.0,0.0,0.0,0.22,0.12,1.0,1.0,U36198,768
,0.0,0.0,0.0,0.0,0.0,0.0,0.0,0.0,0.14,0.1,1.0,1.0,U171,768
,0.0,0.0,0.0,0.0,0.0,0.0,0.0,0.0,0.2,0.11,1.0,1.0,U48182,768
,0.0,0.0,0.0,0.0,0.0,0.0,0.0,0.0,0.18,0.12,1.0,1.0,U17689,768
,0.0,0.0,0.0,0.0,0.0,0.0,0.0,0.0,0.14,0.09,1.0,1.0,U40376,768
,0.0,0.0,0.0,0.0,0.0,0.0,0.0,0.0,0.14,0.11,1.0,1.0,U53244,768
,0.0,0.0,0.0,0.0,0.0,0.0,0.0,0.0,0.2,0.11,1.0,1.0,U43263,768
,0.0,0.0,0.0,0.0,0.0,0.0,0.0,0.0,0.2,0.13,1.0,1.0,U52706,768
,0.0,0.0,0.0,0.0,0.0,0.0,0.0,0.0,0.22,0.11,1.0,1.0,U59715,768
,0.0,0.0,0.0,0.0,0.0,0.0,0.0,0.0,0.1,0.07,1.0,1.0,U87851,768
,0.0,0.0,0.0,0.0,0.0,0.0,0.0,0.0,0.22,0.13,1.0,1.0,U89379,768
,0.0,0.0,0.0,0.0,0.0,0.0,0.0,0.0,0.18,0.12,1.0,1.0,U29508,768
,0.0,0.0,0.0,0.0,0.0,0.0,0.0,0.0,0.12,0.07,1.0,1.0,U15223,768
,0.0,0.0,0.0,0.0,0.0,0.0,0.0,0.0,0.12,0.07,1.0,1.0,U71373,768
,0.0,0.0,0.0,0.0,0.0,0.0,0.0,0.0,0.16,0.12,1.0,1.0,U19739,768
,0.0,0.0,0.0,0.0,0.0,0.0,0.0,0.0,0.12,0.12,1.0,1.0,U2908,768
,0.0,0.0,0.0,0.0,0.0,0.0,0.0,0.0,0.2,0.12,1.0,1.0,U80175,768
,0.0,0.0,0.0,0.0,0.0,0.0,0.0,0.0,0.04,0.02,1.0,1.0,U80670,768
0.18592964824120603,0.006134969325153374,0.0,0.0,0.0,0.0,0.0,0.0,1.0,0.06,0.05,1.0,1.0,U51249,768
,0.0,0.0,0.0,0.0,0.0,0.0,0.0,0.0,0.12,0.1,1.0,1.0,U61583,768
,0.0,0.0,0.0,0.0,0.0,0.0,0.0,0.0,0.08,0.08,1.0,1.0,U38658,768
,0.0,0.0,0.0,0.0,0.0,0.0,0.0,0.0,0.18,0.1,1.0,1.0,U10822,768
,0.0,0.0,0.0,0.0,0.0,0.0,0.0,0.0,0.1,0.05,1.0,1.0,U41793,768
,0.0,0.0,0.0,0.0,0.0,0.0,0.0,0.0,0.16,0.1,1.0,1.0,U22660,768
,0.0,0.0,0.0,0.0,0.0,0.0,0.0,0.0,0.16,0.08,1.0,1.0,U86316,768
,0.0,0.0,0.0,0.0,0.0,0.0,0.0,0.0,0.14,0.12,1.0,1.0,U67259,768
,0.0,0.0,0.0,0.0,0.0,0.0,0.0,0.0,0.22,0.11,1.0,1.0,U46541,768
,0.0,0.0,0.0,0.0,0.0,0.0,0.0,0.0,0.1,0.07,1.0,1.0,U73695,768
,0.0,0.0,0.0,0.0,0.0,0.0,0.0,0.0,0.18,0.11,1.0,1.0,U7786,768
,0.0,0.0,0.0,0.0,0.0,0.0,0.0,0.0,0.08,0.05,1.0,1.0,U66409,768
,0.0,0.0,0.0,0.0,0.0,0.0,0.0,0.0,0.08,0.05,1.0,1.0,U92069,768
,0.0,0.0,0.0,0.0,0.0,0.0,0.0,0.0,0.22,0.13,1.0,1.0,U81480,768
,0.0,0.0,0.0,0.0,0.0,0.0,0.0,0.0,0.16,0.11,1.0,1.0,U66847,768
,0.0,0.0,0.0,0.0,0.0,0.0,0.0,0.0,0.08,0.06,1.0,1.0,U77810,768
,0.0,0.0,0.0,0.0,0.0,0.0,0.0,0.0,0.08,0.06,1.0,1.0,U68940,768
,0.0,0.0,0.0,0.0,0.0,0.0,0.0,0.0,0.16,0.09,1.0,1.0,U67223,768
,0.0,0.0,0.0,0.0,0.0,0.0,0.0,0.0,0.16,0.11,1.0,1.0,U3285,768
,0.0,0.0,0.0,0.0,0.0,0.0,0.0,0.0,0.1,0.08,1.0,1.0,U69436,768
,0.0,0.0,0.0,0.0,0.0,0.0,0.0,0.0,0.02,0.05,1.0,1.0,U29672,768
,0.0,0.0,0.0,0.0,0.0,0.0,0.0,0.0,0.22,0.11,1.0,1.0,U26586,768
0.9346733668341709,0.07142857142857142,0.0,0.0,0.0,0.0,1.0,1.0,1.0,0.08,0.05,1.0,1.0,U42116,768
,0.0,0.0,0.0,0.0,0.0,0.0,0.0,0.0,0.22,0.13,1.0,1.0,U3664,768
,0.0,0.0,0.0,0.0,0.0,0.0,0.0,0.0,0.2,0.11,1.0,1.0,U40626,768
,0.0,0.0,0.0,0.0,0.0,0.0,0.0,0.0,0.2,0.12,1.0,1.0,U2792,768
,0.0,0.0,0.0,0.0,0.0,0.0,0.0,0.0,0.2,0.13,1.0,1.0,U70187,768
,0.0,0.0,0.0,0.0,0.0,0.0,0.0,0.0,0.2,0.11,1.0,1.0,U40674,768
,0.0,0.0,0.0,0.0,0.0,0.0,0.0,0.0,0.08,0.11,1.0,1.0,U44849,768
,0.0,0.0,0.0,0.0,0.0,0.0,0.0,0.0,0.14,0.12,1.0,1.0,U39441,768
,0.0,0.0,0.0,0.0,0.0,0.0,0.0,0.0,0.18,0.1,1.0,1.0,U81776,0
,0.0,0.0,0.0,0.0,0.0,0.0,0.0,0.0,0.22,0.13,1.0,1.0,U81126,0
,0.0,0.0,0.0,0.0,0.0,0.0,0.0,0.0,0.08,0.05,1.0,1.0,U49150,768
,0.0,0.0,0.0,0.0,0.0,0.0,0.0,0.0,0.06,0.05,1.0,1.0,U83976,768
,0.0,0.0,0.0,0.0,0.0,0.0,0.0,0.0,0.22,0.11,1.0,1.0,U69342,768
,0.0,0.0,0.0,0.0,0.0,0.0,0.0,0.0,0.08,0.07,1.0,1.0,U28302,768
,0.0,0.0,0.0,0.0,0.0,0.0,0.0,0.0,0.18,0.11,1.0,1.0,U35109,768
0.5778894472361809,0.011764705882352941,0.0,0.0,0.0,0.0,0.0,1.0,1.0,0.12,0.07,1.0,1.0,U74606,768
,0.0,0.0,0.0,0.0,0.0,0.0,0.0,0.0,0.16,0.09,1.0,1.0,U32568,768
,0.0,0.0,0.0,0.0,0.0,0.0,0.0,0.0,0.12,0.1,1.0,1.0,U31334,768
,0.0,0.0,0.0,0.0,0.0,0.0,0.0,0.0,0.18,0.11,1.0,1.0,U86893,768
,0.0,0.0,0.0,0.0,0.0,0.0,0.0,0.0,0.18,0.09,1.0,1.0,U82252,768
,0.0,0.0,0.0,0.0,0.0,0.0,0.0,0.0,0.1,0.09,1.0,1.0,U26369,768
,0.0,0.0,0.0,0.0,0.0,0.0,0.0,0.0,0.18,0.13,1.0,1.0,U50293,0
,0.0,0.0,0.0,0.0,0.0,0.0,0.0,0.0,0.18,0.11,1.0,1.0,U25666,768
,0.0,0.0,0.0,0.0,0.0,0.0,0.0,0.0,0.18,0.1,1.0,1.0,U69000,768
,0.0,0.0,0.0,0.0,0.0,0.0,0.0,0.0,0.22,0.13,1.0,1.0,U22419,768
,0.0,0.0,0.0,0.0,0.0,0.0,0.0,0.0,0.14,0.09,1.0,1.0,U3859,768
,0.0,0.0,0.0,0.0,0.0,0.0,0.0,0.0,0.12,0.1,1.0,1.0,U47412,768
,0.0,0.0,0.0,0.0,0.0,0.0,0.0,0.0,0.22,0.11,1.0,1.0,U90361,768
,0.0,0.0,0.0,0.0,0.0,0.0,0.0,0.0,0.08,0.04,1.0,1.0,U87466,768
,0.0,0.0,0.0,0.0,0.0,0.0,0.0,0.0,0.14,0.09,1.0,1.0,U47410,768
,0.0,0.0,0.0,0.0,0.0,0.0,0.0,0.0,0.02,0.03,1.0,1.0,U13899,768
,0.0,0.0,0.0,0.0,0.0,0.0,0.0,0.0,0.2,0.1,1.0,1.0,U2749,768
,0.0,0.0,0.0,0.0,0.0,0.0,0.0,0.0,0.14,0.1,1.0,1.0,U53242,768
,0.0,0.0,0.0,0.0,0.0,0.0,0.0,0.0,0.12,0.08,1.0,1.0,U59886,768
,0.0,0.0,0.0,0.0,0.0,0.0,0.0,0.0,0.16,0.11,1.0,1.0,U52805,768
,0.0,0.0,0.0,0.0,0.0,0.0,0.0,0.0,0.16,0.11,1.0,1.0,U90543,768
,0.0,0.0,0.0,0.0,0.0,0.0,0.0,0.0,0.18,0.12,1.0,1.0,U47477,768
,0.0,0.0,0.0,0.0,0.0,0.0,0.0,0.0,0.22,0.13,1.0,1.0,U89410,0
,0.0,0.0,0.0,0.0,0.0,0.0,0.0,0.0,0.22,0.11,1.0,1.0,U79133,768
,0.0,0.0,0.0,0.0,0.0,0.0,0.0,0.0,0.1,0.07,1.0,1.0,U54898,768
,0.0,0.0,0.0,0.0,0.0,0.0,0.0,0.0,0.02,0.01,1.0,1.0,U10061,768
,0.0,0.0,0.0,0.0,0.0,0.0,0.0,0.0,0.1,0.07,1.0,1.0,U68644,768
,0.0,0.0,0.0,0.0,0.0,0.0,0.0,0.0,0.14,0.1,1.0,1.0,U28979,768
,0.0,0.0,0.0,0.0,0.0,0.0,0.0,0.0,0.2,0.11,1.0,1.0,U60787,768
,0.0,0.0,0.0,0.0,0.0,0.0,0.0,0.0,0.14,0.1,1.0,1.0,U67651,768
,0.0,0.0,0.0,0.0,0.0,0.0,0.0,0.0,0.18,0.11,1.0,1.0,U13151,768
,0.0,0.0,0.0,0.0,0.0,0.0,0.0,0.0,0.2,0.11,1.0,1.0,U52211,768
,0.0,0.0,0.0,0.0,0.0,0.0,0.0,0.0,0.18,0.11,1.0,1.0,U13319,768
,0.0,0.0,0.0,0.0,0.0,0.0,0.0,0.0,0.14,0.09,1.0,1.0,U34879,768
,0.0,0.0,0.0,0.0,0.0,0.0,0.0,0.0,0.16,0.1,1.0,1.0,U58190,768
,0.0,0.0,0.0,0.0,0.0,0.0,0.0,0.0,0.14,0.1,1.0,1.0,U31631,768
,0.0,0.0,0.0,0.0,0.0,0.0,0.0,0.0,0.14,0.08,1.0,1.0,U8886,768
,0.0,0.0,0.0,0.0,0.0,0.0,0.0,0.0,0.18,0.1,1.0,1.0,U53975,768
1.0,1.0,1.0,1.0,1.0,1.0,1.0,1.0,1.0,0.2,0.12,1.0,1.0,U59373,768
,0.0,0.0,0.0,0.0,0.0,0.0,0.0,0.0,0.08,0.07,1.0,1.0,U52058,768
,0.0,0.0,0.0,0.0,0.0,0.0,0.0,0.0,0.14,0.09,1.0,1.0,U45974,768
,0.0,0.0,0.0,0.0,0.0,0.0,0.0,0.0,0.04,0.04,1.0,1.0,U20186,768
,0.0,0.0,0.0,0.0,0.0,0.0,0.0,0.0,0.08,0.06,1.0,1.0,U77183,768
,0.0,0.0,0.0,0.0,0.0,0.0,0.0,0.0,0.22,0.12,1.0,1.0,U93031,768
,0.0,0.0,0.0,0.0,0.0,0.0,0.0,0.0,0.06,0.04,1.0,1.0,U45001,768
,0.0,0.0,0.0,0.0,0.0,0.0,0.0,0.0,0.22,0.12,1.0,1.0,U57639,768
,0.0,0.0,0.0,0.0,0.0,0.0,0.0,0.0,0.14,0.13,1.0,1.0,U4240,768
,0.0,0.0,0.0,0.0,0.0,0.0,0.0,0.0,0.16,0.1,1.0,1.0,U22951,768
,0.0,0.0,0.0,0.0,0.0,0.0,0.0,0.0,0.18,0.09,1.0,1.0,U76072,768
,0.0,0.0,0.0,0.0,0.0,0.0,0.0,0.0,0.1,0.1,1.0,1.0,U13882,768
,0.0,0.0,0.0,0.0,0.0,0.0,0.0,0.0,0.16,0.12,1.0,1.0,U41159,768
,0.0,0.0,0.0,0.0,0.0,0.0,0.0,0.0,0.02,0.03,1.0,1.0,U2317,768
,0.0,0.0,0.0,0.0,0.0,0.0,0.0,0.0,0.12,0.11,1.0,1.0,U22450,768
,0.0,0.0,0.0,0.0,0.0,0.0,0.0,0.0,0.16,0.13,1.0,1.0,U46459,768
,0.0,0.0,0.0,0.0,0.0,0.0,0.0,0.0,0.14,0.1,1.0,1.0,U47158,768
0.31155778894472363,0.007246376811594203,0.0,0.0,0.0,0.0,0.0,0.0,0.25,0.1,0.08,1.0,1.0,U65009,768
,0.0,0.0,0.0,0.0,0.0,0.0,0.0,0.0,0.24,0.12,1.0,1.0,U41517,768
,0.0,0.0,0.0,0.0,0.0,0.0,0.0,0.0,0.16,0.09,1.0,1.0,U18032,768
,0.0,0.0,0.0,0.0,0.0,0.0,0.0,0.0,0.16,0.1,1.0,1.0,U34284,768
,0.0,0.0,0.0,0.0,0.0,0.0,0.0,0.0,0.04,0.02,1.0,1.0,U48627,768
,0.0,0.0,0.0,0.0,0.0,0.0,0.0,0.0,0.1,0.06,1.0,1.0,U79652,768
,0.0,0.0,0.0,0.0,0.0,0.0,0.0,0.0,0.18,0.1,1.0,1.0,U23232,768
,0.0,0.0,0.0,0.0,0.0,0.0,0.0,0.0,0.06,0.05,1.0,1.0,U43210,768
,0.0,0.0,0.0,0.0,0.0,0.0,0.0,0.0,0.1,0.09,1.0,1.0,U48191,768
,0.0,0.0,0.0,0.0,0.0,0.0,0.0,0.0,0.14,0.09,1.0,1.0,U3174,768
,0.0,0.0,0.0,0.0,0.0,0.0,0.0,0.0,0.18,0.11,1.0,1.0,U7007,768
,0.0,0.0,0.0,0.0,0.0,0.0,0.0,0.0,0.12,0.11,1.0,1.0,U51014,768
,0.0,0.0,0.0,0.0,0.0,0.0,0.0,0.0,0.12,0.06,1.0,1.0,U91151,768
,0.0,0.0,0.0,0.0,0.0,0.0,0.0,0.0,0.16,0.09,1.0,1.0,U69897,768
,0.0,0.0,0.0,0.0,0.0,0.0,0.0,0.0,0.02,0.02,1.0,1.0,U49608,768
,0.0,0.0,0.0,0.0,0.0,0.0,0.0,0.0,0.08,0.05,1.0,1.0,U15710,768
,0.0,0.0,0.0,0.0,0.0,0.0,0.0,0.0,0.14,0.07,1.0,1.0,U36799,768
,0.0,0.0,0.0,0.0,0.0,0.0,0.0,0.0,0.16,0.08,1.0,1.0,U38116,768
,0.0,0.0,0.0,0.0,0.0,0.0,0.0,0.0,0.24,0.12,1.0,1.0,U57772,768
,0.0,0.0,0.0,0.0,0.0,0.0,0.0,0.0,0.18,0.12,1.0,1.0,U70869,768
,0.0,0.0,0.0,0.0,0.0,0.0,0.0,0.0,0.18,0.11,1.0,1.0,U15633,768
,0.0,0.0,0.0,0.0,0.0,0.0,0.0,0.0,0.22,0.11,1.0,1.0,U68284,768
,0.0,0.0,0.0,0.0,0.0,0.0,0.0,0.0,0.12,0.11,1.0,1.0,U68366,768
0.38190954773869346,0.008064516129032258,0.0,0.0,0.0,0.0,0.0,0.0,0.5,0.18,0.09,1.0,1.0,U82995,768
,0.0,0.0,0.0,0.0,0.0,0.0,0.0,0.0,0.18,0.11,1.0,1.0,U62301,768
,0.0,0.0,0.0,0.0,0.0,0.0,0.0,0.0,0.12,0.07,1.0,1.0,U50030,768
,0.0,0.0,0.0,0.0,0.0,0.0,0.0,0.0,0.04,0.02,1.0,1.0,U70287,768
,0.0,0.0,0.0,0.0,0.0,0.0,0.0,0.0,0.08,0.05,1.0,1.0,U20555,768
,0.0,0.0,0.0,0.0,0.0,0.0,0.0,0.0,0.1,0.05,1.0,1.0,U15895,768
,0.0,0.0,0.0,0.0,0.0,0.0,0.0,0.0,0.16,0.09,1.0,1.0,U65017,768
,0.0,0.0,0.0,0.0,0.0,0.0,0.0,0.0,0.2,0.11,1.0,1.0,U92319,768
,0.0,0.0,0.0,0.0,0.0,0.0,0.0,0.0,0.2,0.12,1.0,1.0,U36911,768
,0.0,0.0,0.0,0.0,0.0,0.0,0.0,0.0,0.16,0.08,1.0,1.0,U60332,768
,0.0,0.0,0.0,0.0,0.0,0.0,0.0,0.0,0.18,0.11,1.0,1.0,U73319,768
,0.0,0.0,0.0,0.0,0.0,0.0,0.0,0.0,0.18,0.11,1.0,1.0,U27504,768
,0.0,0.0,0.0,0.0,0.0,0.0,0.0,0.0,0.12,0.08,1.0,1.0,U88823,768
,0.0,0.0,0.0,0.0,0.0,0.0,0.0,0.0,0.14,0.09,1.0,1.0,U92846,768
,0.0,0.0,0.0,0.0,0.0,0.0,0.0,0.0,0.14,0.1,1.0,1.0,U92295,768
,0.0,0.0,0.0,0.0,0.0,0.0,0.0,0.0,0.18,0.11,1.0,1.0,U76424,768
,0.0,0.0,0.0,0.0,0.0,0.0,0.0,0.0,0.1,0.09,1.0,1.0,U19470,768
,0.0,0.0,0.0,0.0,0.0,0.0,0.0,0.0,0.22,0.12,1.0,1.0,U93691,768
,0.0,0.0,0.0,0.0,0.0,0.0,0.0,0.0,0.08,0.05,1.0,1.0,U36834,768
,0.0,0.0,0.0,0.0,0.0,0.0,0.0,0.0,0.16,0.1,1.0,1.0,U41835,768
,0.0,0.0,0.0,0.0,0.0,0.0,0.0,0.0,0.06,0.03,1.0,1.0,U49211,768
,0.0,0.0,0.0,0.0,0.0,0.0,0.0,0.0,0.22,0.14,1.0,1.0,U39125,768
,0.0,0.0,0.0,0.0,0.0,0.0,0.0,0.0,0.22,0.13,1.0,1.0,U43269,768
,0.0,0.0,0.0,0.0,0.0,0.0,0.0,0.0,0.16,0.08,1.0,1.0,U57344,768
,0.0,0.0,0.0,0.0,0.0,0.0,0.0,0.0,0.16,0.09,1.0,1.0,U47186,768
,0.0,0.0,0.0,0.0,0.0,0.0,0.0,0.0,0.02,0.02,1.0,1.0,U90712,768
,0.0,0.0,0.0,0.0,0.0,0.0,0.0,0.0,0.2,0.12,1.0,1.0,U11536,768
,0.0,0.0,0.0,0.0,0.0,0.0,0.0,0.0,0.18,0.12,1.0,1.0,U31100,768
,0.0,0.0,0.0,0.0,0.0,0.0,0.0,0.0,0.2,0.1,1.0,1.0,U81712,768
,0.0,0.0,0.0,0.0,0.0,0.0,0.0,0.0,0.22,0.12,1.0,1.0,U4116,768
0.3417085427135678,0.007575757575757576,0.0,0.0,0.0,0.0,0.0,0.0,0.5,0.1,0.06,1.0,1.0,U6319,768
,0.0,0.0,0.0,0.0,0.0,0.0,0.0,0.0,0.2,0.13,1.0,1.0,U6483,768
,0.0,0.0,0.0,0.0,0.0,0.0,0.0,0.0,0.08,0.09,1.0,1.0,U49284,768
,0.0,0.0,0.0,0.0,0.0,0.0,0.0,0.0,0.16,0.11,1.0,1.0,U47895,768
,0.0,0.0,0.0,0.0,0.0,0.0,0.0,0.0,0.18,0.13,1.0,1.0,U46040,768
,0.0,0.0,0.0,0.0,0.0,0.0,0.0,0.0,0.18,0.12,1.0,1.0,U35871,768
,0.0,0.0,0.0,0.0,0.0,0.0,0.0,0.0,0.2,0.12,1.0,1.0,U71852,768
0.592964824120603,0.012195121951219513,0.0,0.0,0.0,0.0,0.0,1.0,1.0,0.04,0.03,1.0,1.0,U93475,768
,0.0,0.0,0.0,0.0,0.0,0.0,0.0,0.0,0.14,0.09,1.0,1.0,U77061,768
,0.0,0.0,0.0,0.0,0.0,0.0,0.0,0.0,0.16,0.12,1.0,1.0,U12265,768
,0.0,0.0,0.0,0.0,0.0,0.0,0.0,0.0,0.16,0.11,1.0,1.0,U20790,768
,0.0,0.0,0.0,0.0,0.0,0.0,0.0,0.0,0.1,0.07,1.0,1.0,U55140,768
,0.0,0.0,0.0,0.0,0.0,0.0,0.0,0.0,0.2,0.14,1.0,1.0,U78800,768
,0.0,0.0,0.0,0.0,0.0,0.0,0.0,0.0,0.2,0.11,1.0,1.0,U34143,768
,0.0,0.0,0.0,0.0,0.0,0.0,0.0,0.0,0.1,0.07,1.0,1.0,U89848,768
,0.0,0.0,0.0,0.0,0.0,0.0,0.0,0.0,0.2,0.12,1.0,1.0,U35213,768
,0.0,0.0,0.0,0.0,0.0,0.0,0.0,0.0,0.24,0.12,1.0,1.0,U30592,768
,0.0,0.0,0.0,0.0,0.0,0.0,0.0,0.0,0.18,0.11,1.0,1.0,U1966,768
,0.0,0.0,0.0,0.0,0.0,0.0,0.0,0.0,0.22,0.12,1.0,1.0,U71083,768
,0.0,0.0,0.0,0.0,0.0,0.0,0.0,0.0,0.1,0.06,1.0,1.0,U88068,768
,0.0,0.0,0.0,0.0,0.0,0.0,0.0,0.0,0.12,0.09,1.0,1.0,U88650,768
,0.0,0.0,0.0,0.0,0.0,0.0,0.0,0.0,0.16,0.1,1.0,1.0,U14267,768
,0.0,0.0,0.0,0.0,0.0,0.0,0.0,0.0,0.14,0.08,1.0,1.0,U19761,768
,0.0,0.0,0.0,0.0,0.0,0.0,0.0,0.0,0.1,0.08,1.0,1.0,U88232,768
,0.0,0.0,0.0,0.0,0.0,0.0,0.0,0.0,0.22,0.12,1.0,1.0,U90167,768
,0.0,0.0,0.0,0.0,0.0,0.0,0.0,0.0,0.04,0.02,1.0,1.0,U81592,768
,0.0,0.0,0.0,0.0,0.0,0.0,0.0,0.0,0.1,0.08,1.0,1.0,U84595,768
,0.0,0.0,0.0,0.0,0.0,0.0,0.0,0.0,0.08,0.04,1.0,1.0,U80012,768
,0.0,0.0,0.0,0.0,0.0,0.0,0.0,0.0,0.16,0.09,1.0,1.0,U89206,768
,0.0,0.0,0.0,0.0,0.0,0.0,0.0,0.0,0.16,0.09,1.0,1.0,U3287,768
,0.0,0.0,0.0,0.0,0.0,0.0,0.0,0.0,0.02,0.03,1.0,1.0,U63449,768
,0.0,0.0,0.0,0.0,0.0,0.0,0.0,0.0,0.14,0.09,1.0,1.0,U42685,768
,0.0,0.0,0.0,0.0,0.0,0.0,0.0,0.0,0.16,0.14,1.0,1.0,U16768,768
,0.0,0.0,0.0,0.0,0.0,0.0,0.0,0.0,0.22,0.12,1.0,1.0,U42627,768
,0.0,0.0,0.0,0.0,0.0,0.0,0.0,0.0,0.18,0.11,1.0,1.0,U42420,768
,0.0,0.0,0.0,0.0,0.0,0.0,0.0,0.0,0.02,0.02,1.0,1.0,U70925,768
,0.0,0.0,0.0,0.0,0.0,0.0,0.0,0.0,0.18,0.12,1.0,1.0,U83920,768
,0.0,0.0,0.0,0.0,0.0,0.0,0.0,0.0,0.14,0.1,1.0,1.0,U50487,768
,0.0,0.0,0.0,0.0,0.0,0.0,0.0,0.0,0.08,0.06,1.0,1.0,U76251,768
,0.0,0.0,0.0,0.0,0.0,0.0,0.0,0.0,0.18,0.11,1.0,1.0,U33409,768
,0.0,0.0,0.0,0.0,0.0,0.0,0.0,0.0,0.14,0.1,1.0,1.0,U8454,768
,0.0,0.0,0.0,0.0,0.0,0.0,0.0,0.0,0.14,0.09,1.0,1.0,U39937,768
,0.0,0.0,0.0,0.0,0.0,0.0,0.0,0.0,0.06,0.04,1.0,1.0,U69630,768
,0.0,0.0,0.0,0.0,0.0,0.0,0.0,0.0,0.02,0.01,1.0,1.0,U76560,768
,0.0,0.0,0.0,0.0,0.0,0.0,0.0,0.0,0.16,0.09,1.0,1.0,U79350,768
,0.0,0.0,0.0,0.0,0.0,0.0,0.0,0.0,0.1,0.09,1.0,1.0,U62179,768
,0.0,0.0,0.0,0.0,0.0,0.0,0.0,0.0,0.06,0.04,1.0,1.0,U93100,768
0.8341708542713567,0.029411764705882353,0.0,0.0,0.0,0.0,0.25,0.25,0.25,0.14,0.1,1.0,1.0,U3830,768
,0.0,0.0,0.0,0.0,0.0,0.0,0.0,0.0,0.18,0.1,1.0,1.0,U77523,768
,0.0,0.0,0.0,0.0,0.0,0.0,0.0,0.0,0.2,0.13,1.0,1.0,U82896,768
,0.0,0.0,0.0,0.0,0.0,0.0,0.0,0.0,0.2,0.12,1.0,1.0,U48288,768
,0.0,0.0,0.0,0.0,0.0,0.0,0.0,0.0,0.1,0.06,1.0,1.0,U59136,768
0.020100502512562814,0.00510204081632653,0.0,0.0,0.0,0.0,0.0,0.0,0.16666666666666666,0.16,0.08,1.0,1.0,U72963,768
,0.0,0.0,0.0,0.0,0.0,0.0,0.0,0.0,0.18,0.11,1.0,1.0,U79153,768
,0.0,0.0,0.0,0.0,0.0,0.0,0.0,0.0,0.18,0.12,1.0,1.0,U12727,768
,0.0,0.0,0.0,0.0,0.0,0.0,0.0,0.0,0.1,0.09,1.0,1.0,U1933,768
,0.0,0.0,0.0,0.0,0.0,0.0,0.0,0.0,0.16,0.1,1.0,1.0,U83750,768
,0.0,0.0,0.0,0.0,0.0,0.0,0.0,0.0,0.06,0.08,1.0,1.0,U65163,768
,0.0,0.0,0.0,0.0,0.0,0.0,0.0,0.0,0.14,0.08,1.0,1.0,U80573,768
,0.0,0.0,0.0,0.0,0.0,0.0,0.0,0.0,0.2,0.1,1.0,1.0,U12883,768
,0.0,0.0,0.0,0.0,0.0,0.0,0.0,0.0,0.1,0.08,1.0,1.0,U79166,768
,0.0,0.0,0.0,0.0,0.0,0.0,0.0,0.0,0.04,0.03,1.0,1.0,U66271,768
,0.0,0.0,0.0,0.0,0.0,0.0,0.0,0.0,0.18,0.13,1.0,1.0,U62558,768
,0.0,0.0,0.0,0.0,0.0,0.0,0.0,0.0,0.14,0.1,1.0,1.0,U17112,768
,0.0,0.0,0.0,0.0,0.0,0.0,0.0,0.0,0.18,0.11,1.0,1.0,U15827,768
,0.0,0.0,0.0,0.0,0.0,0.0,0.0,0.0,0.02,0.01,1.0,1.0,U84705,768
,0.0,0.0,0.0,0.0,0.0,0.0,0.0,0.0,0.08,0.07,1.0,1.0,U53076,768
,0.0,0.0,0.0,0.0,0.0,0.0,0.0,0.0,0.04,0.02,1.0,1.0,U34756,768
,0.0,0.0,0.0,0.0,0.0,0.0,0.0,0.0,0.24,0.14,1.0,1.0,U90839,768
,0.0,0.0,0.0,0.0,0.0,0.0,0.0,0.0,0.16,0.09,1.0,1.0,U91933,768
,0.0,0.0,0.0,0.0,0.0,0.0,0.0,0.0,0.16,0.09,1.0,1.0,U51078,768
,0.0,0.0,0.0,0.0,0.0,0.0,0.0,0.0,0.2,0.11,1.0,1.0,U5352,768
,0.0,0.0,0.0,0.0,0.0,0.0,0.0,0.0,0.22,0.11,1.0,1.0,U30519,768
,0.0,0.0,0.0,0.0,0.0,0.0,0.0,0.0,0.14,0.11,1.0,1.0,U5484,768
,0.0,0.0,0.0,0.0,0.0,0.0,0.0,0.0,0.08,0.06,1.0,1.0,U31069,768
,0.0,0.0,0.0,0.0,0.0,0.0,0.0,0.0,0.18,0.09,1.0,1.0,U80318,768
,0.0,0.0,0.0,0.0,0.0,0.0,0.0,0.0,0.08,0.08,1.0,1.0,U24137,768
,0.0,0.0,0.0,0.0,0.0,0.0,0.0,0.0,0.16,0.11,1.0,1.0,U22740,768
,0.0,0.0,0.0,0.0,0.0,0.0,0.0,0.0,0.18,0.1,1.0,1.0,U77216,0
,0.0,0.0,0.0,0.0,0.0,0.0,0.0,0.0,0.18,0.1,1.0,1.0,U71193,768
,0.0,0.0,0.0,0.0,0.0,0.0,0.0,0.0,0.06,0.05,1.0,1.0,U40510,768
,0.0,0.0,0.0,0.0,0.0,0.0,0.0,0.0,0.06,0.04,1.0,1.0,U63870,768
,0.0,0.0,0.0,0.0,0.0,0.0,0.0,0.0,0.1,0.06,1.0,1.0,U62109,768
,0.0,0.0,0.0,0.0,0.0,0.0,0.0,0.0,0.2,0.12,1.0,1.0,U75191,768
,0.0,0.0,0.0,0.0,0.0,0.0,0.0,0.0,0.16,0.08,1.0,1.0,U89862,768
,0.0,0.0,0.0,0.0,0.0,0.0,0.0,0.0,0.14,0.08,1.0,1.0,U28270,768
,0.0,0.0,0.0,0.0,0.0,0.0,0.0,0.0,0.04,0.02,1.0,1.0,U395,768
,0.0,0.0,0.0,0.0,0.0,0.0,0.0,0.0,0.22,0.13,1.0,1.0,U71584,768
,0.0,0.0,0.0,0.0,0.0,0.0,0.0,0.0,0.18,0.1,1.0,1.0,U28621,768
,0.0,0.0,0.0,0.0,0.0,0.0,0.0,0.0,0.06,0.03,1.0,1.0,U92625,768
,0.0,0.0,0.0,0.0,0.0,0.0,0.0,0.0,0.18,0.12,1.0,1.0,U17236,768
,0.0,0.0,0.0,0.0,0.0,0.0,0.0,0.0,0.06,0.03,1.0,1.0,U57569,768
,0.0,0.0,0.0,0.0,0.0,0.0,0.0,0.0,0.12,0.08,1.0,1.0,U72116,768
,0.0,0.0,0.0,0.0,0.0,0.0,0.0,0.0,0.08,0.06,1.0,1.0,U6040,768
,0.0,0.0,0.0,0.0,0.0,0.0,0.0,0.0,0.24,0.14,1.0,1.0,U29313,768
,0.0,0.0,0.0,0.0,0.0,0.0,0.0,0.0,0.14,0.12,1.0,1.0,U25850,768
,0.0,0.0,0.0,0.0,0.0,0.0,0.0,0.0,0.12,0.09,1.0,1.0,U4099,768
,0.0,0.0,0.0,0.0,0.0,0.0,0.0,0.0,0.18,0.12,1.0,1.0,U14484,768
,0.0,0.0,0.0,0.0,0.0,0.0,0.0,0.0,0.18,0.11,1.0,1.0,U4546,768
,0.0,0.0,0.0,0.0,0.0,0.0,0.0,0.0,0.04,0.02,1.0,1.0,U54242,768
,0.0,0.0,0.0,0.0,0.0,0.0,0.0,0.0,0.04,0.03,1.0,1.0,U9657,768
,0.0,0.0,0.0,0.0,0.0,0.0,0.0,0.0,0.1,0.06,1.0,1.0,U14521,768
,0.0,0.0,0.0,0.0,0.0,0.0,0.0,0.0,0.16,0.1,1.0,1.0,U85675,768
,0.0,0.0,0.0,0.0,0.0,0.0,0.0,0.0,0.02,0.01,1.0,1.0,U36532,768
,0.0,0.0,0.0,0.0,0.0,0.0,0.0,0.0,0.16,0.11,1.0,1.0,U23459,768
,0.0,0.0,0.0,0.0,0.0,0.0,0.0,0.0,0.22,0.11,1.0,1.0,U17972,768
,0.0,0.0,0.0,0.0,0.0,0.0,0.0,0.0,0.08,0.07,1.0,1.0,U27206,768
,0.0,0.0,0.0,0.0,0.0,0.0,0.0,0.0,0.24,0.13,1.0,1.0,U58004,0
,0.0,0.0,0.0,0.0,0.0,0.0,0.0,0.0,0.22,0.11,1.0,1.0,U5657,768
,0.0,0.0,0.0,0.0,0.0,0.0,0.0,0.0,0.16,0.11,1.0,1.0,U27759,768
,0.0,0.0,0.0,0.0,0.0,0.0,0.0,0.0,0.16,0.1,1.0,1.0,U21194,768
,0.0,0.0,0.0,0.0,0.0,0.0,0.0,0.0,0.2,0.11,1.0,1.0,U24006,768
,0.0,0.0,0.0,0.0,0.0,0.0,0.0,0.0,0.04,0.02,1.0,1.0,U1413,768
,0.0,0.0,0.0,0.0,0.0,0.0,0.0,0.0,0.14,0.11,1.0,1.0,U54035,768
,0.0,0.0,0.0,0.0,0.0,0.0,0.0,0.0,0.22,0.11,1.0,1.0,U23002,768
0.5778894472361809,0.011764705882352941,0.0,0.0,0.0,0.0,0.0,0.2,0.2,0.1,0.07,1.0,1.0,U2494,768
,0.0,0.0,0.0,0.0,0.0,0.0,0.0,0.0,0.12,0.08,1.0,1.0,U31182,768
,0.0,0.0,0.0,0.0,0.0,0.0,0.0,0.0,0.1,0.05,1.0,1.0,U92123,768
,0.0,0.0,0.0,0.0,0.0,0.0,0.0,0.0,0.04,0.02,1.0,1.0,U58150,768
,0.0,0.0,0.0,0.0,0.0,0.0,0.0,0.0,0.06,0.03,1.0,1.0,U27973,768
,0.0,0.0,0.0,0.0,0.0,0.0,0.0,0.0,0.16,0.1,1.0,1.0,U2762,768
,0.0,0.0,0.0,0.0,0.0,0.0,0.0,0.0,0.2,0.11,1.0,1.0,U93330,768
,0.0,0.0,0.0,0.0,0.0,0.0,0.0,0.0,0.06,0.05,1.0,1.0,U9341,768
0.9748743718592965,0.16666666666666666,0.0,0.3562071871080222,0.0,0.3333333333333333,0.3333333333333333,0.3333333333333333,0.3333333333333333,0.18,0.1,1.0,1.0,U10635,768
,0.0,0.0,0.0,0.0,0.0,0.0,0.0,0.0,0.18,0.1,1.0,1.0,U62638,768
,0.0,0.0,0.0,0.0,0.0,0.0,0.0,0.0,0.08,0.07,1.0,1.0,U31949,768
,0.0,0.0,0.0,0.0,0.0,0.0,0.0,0.0,0.14,0.1,1.0,1.0,U73982,768
,0.0,0.0,0.0,0.0,0.0,0.0,0.0,0.0,0.18,0.1,1.0,1.0,U72797,768
,0.0,0.0,0.0,0.0,0.0,0.0,0.0,0.0,0.14,0.07,1.0,1.0,U71357,768
,0.0,0.0,0.0,0.0,0.0,0.0,0.0,0.0,0.16,0.1,1.0,1.0,U55700,768
,0.0,0.0,0.0,0.0,0.0,0.0,0.0,0.0,0.16,0.13,1.0,1.0,U48167,768
,0.0,0.0,0.0,0.0,0.0,0.0,0.0,0.0,0.14,0.1,1.0,1.0,U39903,768
,0.0,0.0,0.0,0.0,0.0,0.0,0.0,0.0,0.16,0.11,1.0,1.0,U83163,768
,0.0,0.0,0.0,0.0,0.0,0.0,0.0,0.0,0.02,0.01,1.0,1.0,U53163,768
,0.0,0.0,0.0,0.0,0.0,0.0,0.0,0.0,0.18,0.1,1.0,1.0,U33757,768
,0.0,0.0,0.0,0.0,0.0,0.0,0.0,0.0,0.1,0.06,1.0,1.0,U22473,768
,0.0,0.0,0.0,0.0,0.0,0.0,0.0,0.0,0.1,0.08,1.0,1.0,U84694,768
,0.0,0.0,0.0,0.0,0.0,0.0,0.0,0.0,0.2,0.11,1.0,1.0,U44005,768
,0.0,0.0,0.0,0.0,0.0,0.0,0.0,0.0,0.26,0.14,1.0,1.0,U75509,0
,0.0,0.0,0.0,0.0,0.0,0.0,0.0,0.0,0.06,0.05,1.0,1.0,U12239,768
,0.0,0.0,0.0,0.0,0.0,0.0,0.0,0.0,0.14,0.1,1.0,1.0,U59744,768
,0.0,0.0,0.0,0.0,0.0,0.0,0.0,0.0,0.16,0.1,1.0,1.0,U7646,768
,0.0,0.0,0.0,0.0,0.0,0.0,0.0,0.0,0.22,0.12,1.0,1.0,U18960,768
,0.0,0.0,0.0,0.0,0.0,0.0,0.0,0.0,0.18,0.12,1.0,1.0,U49814,768
,0.0,0.0,0.0,0.0,0.0,0.0,0.0,0.0,0.16,0.13,1.0,1.0,U39339,768
,0.0,0.0,0.0,0.0,0.0,0.0,0.0,0.0,0.22,0.13,1.0,1.0,U43074,0
,0.0,0.0,0.0,0.0,0.0,0.0,0.0,0.0,0.16,0.09,1.0,1.0,U91536,768
,0.0,0.0,0.0,0.0,0.0,0.0,0.0,0.0,0.18,0.11,1.0,1.0,U89162,768
,0.0,0.0,0.0,0.0,0.0,0.0,0.0,0.0,0.08,0.05,1.0,1.0,U93424,768
,0.0,0.0,0.0,0.0,0.0,0.0,0.0,0.0,0.1,0.07,1.0,1.0,U49106,768
,0.0,0.0,0.0,0.0,0.0,0.0,0.0,0.0,0.2,0.13,1.0,1.0,U80841,768
,0.0,0.0,0.0,0.0,0.0,0.0,0.0,0.0,0.16,0.13,1.0,1.0,U82558,768
,0.0,0.0,0.0,0.0,0.0,0.0,0.0,0.0,0.2,0.12,1.0,1.0,U47401,768
,0.0,0.0,0.0,0.0,0.0,0.0,0.0,0.0,0.14,0.1,1.0,1.0,U32454,768
,0.0,0.0,0.0,0.0,0.0,0.0,0.0,0.0,0.16,0.11,1.0,1.0,U78723,768
,0.0,0.0,0.0,0.0,0.0,0.0,0.0,0.0,0.12,0.07,1.0,1.0,U8025,768
,0.0,0.0,0.0,0.0,0.0,0.0,0.0,0.0,0.12,0.08,1.0,1.0,U15753,768
,0.0,0.0,0.0,0.0,0.0,0.0,0.0,0.0,0.08,0.06,1.0,1.0,U89008,768
,0.0,0.0,0.0,0.0,0.0,0.0,0.0,0.0,0.18,0.12,1.0,1.0,U56773,768
,0.0,0.0,0.0,0.0,0.0,0.0,0.0,0.0,0.12,0.1,1.0,1.0,U86374,768
,0.0,0.0,0.0,0.0,0.0,0.0,0.0,0.0,0.14,0.08,1.0,1.0,U24378,768
,0.0,0.0,0.0,0.0,0.0,0.0,0.0,0.0,0.16,0.11,1.0,1.0,U39697,768
,0.0,0.0,0.0,0.0,0.0,0.0,0.0,0.0,0.1,0.1,1.0,1.0,U73147,768
,0.0,0.0,0.0,0.0,0.0,0.0,0.0,0.0,0.08,0.06,1.0,1.0,U58075,768
,0.0,0.0,0.0,0.0,0.0,0.0,0.0,0.0,0.14,0.09,1.0,1.0,U63680,768
,0.0,0.0,0.0,0.0,0.0,0.0,0.0,0.0,0.16,0.11,1.0,1.0,U29816,768
,0.0,0.0,0.0,0.0,0.0,0.0,0.0,0.0,0.06,0.06,1.0,1.0,U28679,768
,0.0,0.0,0.0,0.0,0.0,0.0,0.0,0.0,0.12,0.07,1.0,1.0,U6503,768
,0.0,0.0,0.0,0.0,0.0,0.0,0.0,0.0,0.14,0.09,1.0,1.0,U84890,768
,0.0,0.0,0.0,0.0,0.0,0.0,0.0,0.0,0.1,0.07,1.0,1.0,U80150,768
,0.0,0.0,0.0,0.0,0.0,0.0,0.0,0.0,0.16,0.12,1.0,1.0,U70466,768
,0.0,0.0,0.0,0.0,0.0,0.0,0.0,0.0,0.06,0.04,1.0,1.0,U21028,768
,0.0,0.0,0.0,0.0,0.0,0.0,0.0,0.0,0.18,0.11,1.0,1.0,U77139,768
0.4120603015075377,0.00847457627118644,0.0,0.0,0.0,0.0,0.0,0.0,0.5,0.12,0.09,1.0,1.0,U216,768
,0.0,0.0,0.0,0.0,0.0,0.0,0.0,0.0,0.04,0.02,1.0,1.0,U47902,768
,0.0,0.0,0.0,0.0,0.0,0.0,0.0,0.0,0.1,0.08,1.0,1.0,U40710,768
,0.0,0.0,0.0,0.0,0.0,0.0,0.0,0.0,0.06,0.04,1.0,1.0,U27243,768
,0.0,0.0,0.0,0.0,0.0,0.0,0.0,0.0,0.02,0.01,1.0,1.0,U68682,768
,0.0,0.0,0.0,0.0,0.0,0.0,0.0,0.0,0.14,0.11,1.0,1.0,U90087,0
0.8894472361809045,0.043478260869565216,0.0,0.0,0.0,0.0,1.0,1.0,1.0,0.1,0.12,1.0,1.0,U23157,768
,0.0,0.0,0.0,0.0,0.0,0.0,0.0,0.0,0.08,0.06,1.0,1.0,U61788,768
,0.0,0.0,0.0,0.0,0.0,0.0,0.0,0.0,0.22,0.13,1.0,1.0,U34053,0
,0.0,0.0,0.0,0.0,0.0,0.0,0.0,0.0,0.14,0.09,1.0,1.0,U1529,768
,0.0,0.0,0.0,0.0,0.0,0.0,0.0,0.0,0.18,0.1,1.0,1.0,U47856,768
,0.0,0.0,0.0,0.0,0.0,0.0,0.0,0.0,0.08,0.07,1.0,1.0,U90262,768
,0.0,0.0,0.0,0.0,0.0,0.0,0.0,0.0,0.12,0.09,1.0,1.0,U79840,768
,0.0,0.0,0.0,0.0,0.0,0.0,0.0,0.0,0.14,0.09,1.0,1.0,U63714,768
,0.0,0.0,0.0,0.0,0.0,0.0,0.0,0.0,0.16,0.12,1.0,1.0,U57629,768
,0.0,0.0,0.0,0.0,0.0,0.0,0.0,0.0,0.08,0.07,1.0,1.0,U25083,768
,0.0,0.0,0.0,0.0,0.0,0.0,0.0,0.0,0.16,0.11,1.0,1.0,U63698,768
,0.0,0.0,0.0,0.0,0.0,0.0,0.0,0.0,0.14,0.08,1.0,1.0,U22677,768
,0.0,0.0,0.0,0.0,0.0,0.0,0.0,0.0,0.04,0.04,1.0,1.0,U83175,768
,0.0,0.0,0.0,0.0,0.0,0.0,0.0,0.0,0.1,0.1,1.0,1.0,U75245,768
,0.0,0.0,0.0,0.0,0.0,0.0,0.0,0.0,0.12,0.11,1.0,1.0,U73657,768
0.37185929648241206,0.007936507936507936,0.0,0.0,0.0,0.0,0.0,0.0,0.3333333333333333,0.14,0.08,1.0,1.0,U5549,768
,0.0,0.0,0.0,0.0,0.0,0.0,0.0,0.0,0.12,0.09,1.0,1.0,U66587,768
,0.0,0.0,0.0,0.0,0.0,0.0,0.0,0.0,0.16,0.11,1.0,1.0,U49116,768
,0.0,0.0,0.0,0.0,0.0,0.0,0.0,0.0,0.2,0.12,1.0,1.0,U5137,768
,0.0,0.0,0.0,0.0,0.0,0.0,0.0,0.0,0.04,0.05,1.0,1.0,U49087,768
,0.0,0.0,0.0,0.0,0.0,0.0,0.0,0.0,0.18,0.1,1.0,1.0,U38854,768
,0.0,0.0,0.0,0.0,0.0,0.0,0.0,0.0,0.16,0.1,1.0,1.0,U89560,768
,0.0,0.0,0.0,0.0,0.0,0.0,0.0,0.0,0.2,0.11,1.0,1.0,U93171,768
,0.0,0.0,0.0,0.0,0.0,0.0,0.0,0.0,0.22,0.11,1.0,1.0,U88780,768
,0.0,0.0,0.0,0.0,0.0,0.0,0.0,0.0,0.08,0.04,1.0,1.0,U78562,768
,0.0,0.0,0.0,0.0,0.0,0.0,0.0,0.0,0.06,0.04,1.0,1.0,U36161,768
,0.0,0.0,0.0,0.0,0.0,0.0,0.0,0.0,0.14,0.1,1.0,1.0,U38404,768
,0.0,0.0,0.0,0.0,0.0,0.0,0.0,0.0,0.18,0.1,1.0,1.0,U36847,768
,0.0,0.0,0.0,0.0,0.0,0.0,0.0,0.0,0.2,0.1,1.0,1.0,U73925,768
,0.0,0.0,0.0,0.0,0.0,0.0,0.0,0.0,0.06,0.04,1.0,1.0,U41428,768
,0.0,0.0,0.0,0.0,0.0,0.0,0.0,0.0,0.18,0.11,1.0,1.0,U62228,768
,0.0,0.0,0.0,0.0,0.0,0.0,0.0,0.0,0.12,0.07,1.0,1.0,U3539,768
0.4371859296482412,0.008849557522123894,0.0,0.0,0.0,0.0,0.0,0.0,0.25,0.18,0.13,1.0,1.0,U6613,768
,0.0,0.0,0.0,0.0,0.0,0.0,0.0,0.0,0.08,0.08,1.0,1.0,U77033,768
,0.0,0.0,0.0,0.0,0.0,0.0,0.0,0.0,0.04,0.04,1.0,1.0,U79033,768
,0.0,0.0,0.0,0.0,0.0,0.0,0.0,0.0,0.22,0.12,1.0,1.0,U40218,0
,0.0,0.0,0.0,0.0,0.0,0.0,0.0,0.0,0.16,0.09,1.0,1.0,U24533,768
,0.0,0.0,0.0,0.0,0.0,0.0,0.0,0.0,0.12,0.07,1.0,1.0,U66794,768
,0.0,0.0,0.0,0.0,0.0,0.0,0.0,0.0,0.14,0.11,1.0,1.0,U67905,768
,0.0,0.0,0.0,0.0,0.0,0.0,0.0,0.0,0.08,0.04,1.0,1.0,U7543,768
,0.0,0.0,0.0,0.0,0.0,0.0,0.0,0.0,0.08,0.06,1.0,1.0,U91634,768
,0.0,0.0,0.0,0.0,0.0,0.0,0.0,0.0,0.24,0.14,1.0,1.0,U14025,768
,0.0,0.0,0.0,0.0,0.0,0.0,0.0,0.0,0.14,0.07,1.0,1.0,U64177,768
,0.0,0.0,0.0,0.0,0.0,0.0,0.0,0.0,0.2,0.12,1.0,1.0,U84704,768
,0.0,0.0,0.0,0.0,0.0,0.0,0.0,0.0,0.16,0.1,1.0,1.0,U8023,768
,0.0,0.0,0.0,0.0,0.0,0.0,0.0,0.0,0.18,0.12,1.0,1.0,U56450,768
,0.0,0.0,0.0,0.0,0.0,0.0,0.0,0.0,0.12,0.06,1.0,1.0,U9737,768
,0.0,0.0,0.0,0.0,0.0,0.0,0.0,0.0,0.16,0.09,1.0,1.0,U74633,768
,0.0,0.0,0.0,0.0,0.0,0.0,0.0,0.0,0.14,0.1,1.0,1.0,U37574,768
,0.0,0.0,0.0,0.0,0.0,0.0,0.0,0.0,0.2,0.12,1.0,1.0,U344,768
,0.0,0.0,0.0,0.0,0.0,0.0,0.0,0.0,0.12,0.11,1.0,1.0,U14213,768
,0.0,0.0,0.0,0.0,0.0,0.0,0.0,0.0,0.2,0.13,1.0,1.0,U69322,768
,0.0,0.0,0.0,0.0,0.0,0.0,0.0,0.0,0.06,0.03,1.0,1.0,U6202,768
,0.0,0.0,0.0,0.0,0.0,0.0,0.0,0.0,0.2,0.11,1.0,1.0,U88406,768
,0.0,0.0,0.0,0.0,0.0,0.0,0.0,0.0,0.2,0.12,1.0,1.0,U38531,768
,0.0,0.0,0.0,0.0,0.0,0.0,0.0,0.0,0.2,0.1,1.0,1.0,U66562,768
,0.0,0.0,0.0,0.0,0.0,0.0,0.0,0.0,0.22,0.13,1.0,1.0,U23591,768
,0.0,0.0,0.0,0.0,0.0,0.0,0.0,0.0,0.04,0.02,1.0,1.0,U36580,768
,0.0,0.0,0.0,0.0,0.0,0.0,0.0,0.0,0.06,0.07,1.0,1.0,U71274,768
,0.0,0.0,0.0,0.0,0.0,0.0,0.0,0.0,0.04,0.03,1.0,1.0,U3410,768
,0.0,0.0,0.0,0.0,0.0,0.0,0.0,0.0,0.1,0.05,1.0,1.0,U74445,768
,0.0,0.0,0.0,0.0,0.0,0.0,0.0,0.0,0.1,0.1,1.0,1.0,U10050,768
,0.0,0.0,0.0,0.0,0.0,0.0,0.0,0.0,0.14,0.11,1.0,1.0,U83985,768
,0.0,0.0,0.0,0.0,0.0,0.0,0.0,0.0,0.14,0.11,1.0,1.0,U51929,768
,0.0,0.0,0.0,0.0,0.0,0.0,0.0,0.0,0.02,0.02,1.0,1.0,U74112,768
,0.0,0.0,0.0,0.0,0.0,0.0,0.0,0.0,0.14,0.08,1.0,1.0,U77493,768
,0.0,0.0,0.0,0.0,0.0,0.0,0.0,0.0,0.2,0.13,1.0,1.0,U8060,768
,0.0,0.0,0.0,0.0,0.0,0.0,0.0,0.0,0.06,0.06,1.0,1.0,U63826,768
,0.0,0.0,0.0,0.0,0.0,0.0,0.0,0.0,0.24,0.12,1.0,1.0,U27737,768
,0.0,0.0,0.0,0.0,0.0,0.0,0.0,0.0,0.18,0.11,1.0,1.0,U26397,768
,0.0,0.0,0.0,0.0,0.0,0.0,0.0,0.0,0.04,0.03,1.0,1.0,U86281,768
,0.0,0.0,0.0,0.0,0.0,0.0,0.0,0.0,0.18,0.09,1.0,1.0,U54152,768
,0.0,0.0,0.0,0.0,0.0,0.0,0.0,0.0,0.18,0.12,1.0,1.0,U35551,768
,0.0,0.0,0.0,0.0,0.0,0.0,0.0,0.0,0.2,0.11,1.0,1.0,U92531,768
,0.0,0.0,0.0,0.0,0.0,0.0,0.0,0.0,0.24,0.13,1.0,1.0,U87145,768
,0.0,0.0,0.0,0.0,0.0,0.0,0.0,0.0,0.14,0.11,1.0,1.0,U10474,768
,0.0,0.0,0.0,0.0,0.0,0.0,0.0,0.0,0.16,0.1,1.0,1.0,U92040,768
,0.0,0.0,0.0,0.0,0.0,0.0,0.0,0.0,0.12,0.09,1.0,1.0,U12409,768
,0.0,0.0,0.0,0.0,0.0,0.0,0.0,0.0,0.18,0.11,1.0,1.0,U20192,768
0.5984848484848485,0.2,0.38685280723454163,0.38685280723454163,0.2,0.2,0.2,0.2,0.4,0.2,0.11,1.0,1.0,U28717,768
,0.0,0.0,0.0,0.0,0.0,0.0,0.0,0.0,0.18,0.11,1.0,1.0,U73846,768
,0.0,0.0,0.0,0.0,0.0,0.0,0.0,0.0,0.1,0.08,1.0,1.0,U74277,768
,0.0,0.0,0.0,0.0,0.0,0.0,0.0,0.0,0.06,0.09,1.0,1.0,U13683,768
0.5125628140703518,0.01020408163265306,0.0,0.0,0.0,0.0,0.0,1.0,1.0,0.14,0.08,1.0,1.0,U13537,768
,0.0,0.0,0.0,0.0,0.0,0.0,0.0,0.0,0.02,0.01,1.0,1.0,U91142,768
,0.0,0.0,0.0,0.0,0.0,0.0,0.0,0.0,0.14,0.11,1.0,1.0,U73283,768
,0.0,0.0,0.0,0.0,0.0,0.0,0.0,0.0,0.12,0.08,1.0,1.0,U66161,768
,0.0,0.0,0.0,0.0,0.0,0.0,0.0,0.0,0.2,0.1,1.0,1.0,U36277,768
,0.0,0.0,0.0,0.0,0.0,0.0,0.0,0.0,0.14,0.09,1.0,1.0,U13406,768
,0.0,0.0,0.0,0.0,0.0,0.0,0.0,0.0,0.04,0.04,1.0,1.0,U14623,768
,0.0,0.0,0.0,0.0,0.0,0.0,0.0,0.0,0.18,0.11,1.0,1.0,U19936,768
,0.0,0.0,0.0,0.0,0.0,0.0,0.0,0.0,0.1,0.06,1.0,1.0,U25215,768
,0.0,0.0,0.0,0.0,0.0,0.0,0.0,0.0,0.08,0.09,1.0,1.0,U35860,768
,0.0,0.0,0.0,0.0,0.0,0.0,0.0,0.0,0.24,0.13,1.0,1.0,U15281,768
,0.0,0.0,0.0,0.0,0.0,0.0,0.0,0.0,0.16,0.11,1.0,1.0,U54858,768
,0.0,0.0,0.0,0.0,0.0,0.0,0.0,0.0,0.1,0.08,1.0,1.0,U20262,768
,0.0,0.0,0.0,0.0,0.0,0.0,0.0,0.0,0.12,0.09,1.0,1.0,U36944,768
,0.0,0.0,0.0,0.0,0.0,0.0,0.0,0.0,0.26,0.13,1.0,1.0,U72021,0
,0.0,0.0,0.0,0.0,0.0,0.0,0.0,0.0,0.14,0.08,1.0,1.0,U13203,768
,0.0,0.0,0.0,0.0,0.0,0.0,0.0,0.0,0.22,0.13,1.0,1.0,U86425,0
,0.0,0.0,0.0,0.0,0.0,0.0,0.0,0.0,0.22,0.12,1.0,1.0,U6437,768
,0.0,0.0,0.0,0.0,0.0,0.0,0.0,0.0,0.12,0.09,1.0,1.0,U55998,768
,0.0,0.0,0.0,0.0,0.0,0.0,0.0,0.0,0.16,0.09,1.0,1.0,U36413,768
,0.0,0.0,0.0,0.0,0.0,0.0,0.0,0.0,0.24,0.12,1.0,1.0,U63364,768
,0.0,0.0,0.0,0.0,0.0,0.0,0.0,0.0,0.18,0.13,1.0,1.0,U5664,768
,0.0,0.0,0.0,0.0,0.0,0.0,0.0,0.0,0.22,0.12,1.0,1.0,U8435,768
,0.0,0.0,0.0,0.0,0.0,0.0,0.0,0.0,0.1,0.09,1.0,1.0,U48228,768
,0.0,0.0,0.0,0.0,0.0,0.0,0.0,0.0,0.02,0.02,1.0,1.0,U40934,768
,0.0,0.0,0.0,0.0,0.0,0.0,0.0,0.0,0.14,0.08,1.0,1.0,U15740,768
,0.0,0.0,0.0,0.0,0.0,0.0,0.0,0.0,0.16,0.11,1.0,1.0,U30242,768
,0.0,0.0,0.0,0.0,0.0,0.0,0.0,0.0,0.12,0.1,1.0,1.0,U35406,768
,0.0,0.0,0.0,0.0,0.0,0.0,0.0,0.0,0.14,0.11,1.0,1.0,U14410,768
,0.0,0.0,0.0,0.0,0.0,0.0,0.0,0.0,0.16,0.1,1.0,1.0,U70905,768
,0.0,0.0,0.0,0.0,0.0,0.0,0.0,0.0,0.12,0.07,1.0,1.0,U24655,768
,0.0,0.0,0.0,0.0,0.0,0.0,0.0,0.0,0.18,0.1,1.0,1.0,U61995,768
,0.0,0.0,0.0,0.0,0.0,0.0,0.0,0.0,0.16,0.1,1.0,1.0,U61260,768
,0.0,0.0,0.0,0.0,0.0,0.0,0.0,0.0,0.12,0.12,1.0,1.0,U52479,768
,0.0,0.0,0.0,0.0,0.0,0.0,0.0,0.0,0.12,0.11,1.0,1.0,U44073,768
,0.0,0.0,0.0,0.0,0.0,0.0,0.0,0.0,0.26,0.14,1.0,1.0,U57976,0
,0.0,0.0,0.0,0.0,0.0,0.0,0.0,0.0,0.18,0.11,1.0,1.0,U58027,768
,0.0,0.0,0.0,0.0,0.0,0.0,0.0,0.0,0.14,0.09,1.0,1.0,U60151,768
,0.0,0.0,0.0,0.0,0.0,0.0,0.0,0.0,0.18,0.11,1.0,1.0,U79061,768
,0.0,0.0,0.0,0.0,0.0,0.0,0.0,0.0,0.1,0.08,1.0,1.0,U85336,768
,0.0,0.0,0.0,0.0,0.0,0.0,0.0,0.0,0.18,0.11,1.0,1.0,U46833,768
,0.0,0.0,0.0,0.0,0.0,0.0,0.0,0.0,0.2,0.12,1.0,1.0,U6383,768
,0.0,0.0,0.0,0.0,0.0,0.0,0.0,0.0,0.04,0.02,1.0,1.0,U85714,768
,0.0,0.0,0.0,0.0,0.0,0.0,0.0,0.0,0.12,0.08,1.0,1.0,U8763,768
,0.0,0.0,0.0,0.0,0.0,0.0,0.0,0.0,0.18,0.1,1.0,1.0,U65912,768
,0.0,0.0,0.0,0.0,0.0,0.0,0.0,0.0,0.1,0.08,1.0,1.0,U74111,768
,0.0,0.0,0.0,0.0,0.0,0.0,0.0,0.0,0.14,0.11,1.0,1.0,U48225,768
,0.0,0.0,0.0,0.0,0.0,0.0,0.0,0.0,0.12,0.08,1.0,1.0,U21102,768
,0.0,0.0,0.0,0.0,0.0,0.0,0.0,0.0,0.14,0.12,1.0,1.0,U11277,768
,0.0,0.0,0.0,0.0,0.0,0.0,0.0,0.0,0.04,0.04,1.0,1.0,U69338,768
,0.0,0.0,0.0,0.0,0.0,0.0,0.0,0.0,0.18,0.1,1.0,1.0,U76000,768
,0.0,0.0,0.0,0.0,0.0,0.0,0.0,0.0,0.18,0.12,1.0,1.0,U11316,768
0.8090452261306532,0.02564102564102564,0.0,0.0,0.0,0.0,1.0,1.0,1.0,0.02,0.02,1.0,1.0,U70271,768
,0.0,0.0,0.0,0.0,0.0,0.0,0.0,0.0,0.14,0.08,1.0,1.0,U66948,768
,0.0,0.0,0.0,0.0,0.0,0.0,0.0,0.0,0.16,0.1,1.0,1.0,U70000,768
,0.0,0.0,0.0,0.0,0.0,0.0,0.0,0.0,0.26,0.13,1.0,1.0,U7316,0
,0.0,0.0,0.0,0.0,0.0,0.0,0.0,0.0,0.16,0.1,1.0,1.0,U88374,768
,0.0,0.0,0.0,0.0,0.0,0.0,0.0,0.0,0.16,0.09,1.0,1.0,U13132,768
,0.0,0.0,0.0,0.0,0.0,0.0,0.0,0.0,0.2,0.11,1.0,1.0,U88715,768
0.5628140703517588,0.011363636363636364,0.0,0.0,0.0,0.0,0.0,1.0,1.0,0.18,0.09,1.0,1.0,U32962,768
,0.0,0.0,0.0,0.0,0.0,0.0,0.0,0.0,0.16,0.11,1.0,1.0,U53584,768
,0.0,0.0,0.0,0.0,0.0,0.0,0.0,0.0,0.14,0.09,1.0,1.0,U1569,768
,0.0,0.0,0.0,0.0,0.0,0.0,0.0,0.0,0.1,0.1,1.0,1.0,U52670,768
,0.0,0.0,0.0,0.0,0.0,0.0,0.0,0.0,0.2,0.12,1.0,1.0,U30494,768
,0.0,0.0,0.0,0.0,0.0,0.0,0.0,0.0,0.12,0.07,1.0,1.0,U47073,768
,0.0,0.0,0.0,0.0,0.0,0.0,0.0,0.0,0.18,0.1,1.0,1.0,U59934,768
,0.0,0.0,0.0,0.0,0.0,0.0,0.0,0.0,0.12,0.08,1.0,1.0,U21426,768
,0.0,0.0,0.0,0.0,0.0,0.0,0.0,0.0,0.06,0.04,1.0,1.0,U32975,768
,0.0,0.0,0.0,0.0,0.0,0.0,0.0,0.0,0.2,0.11,1.0,1.0,U54252,768
,0.0,0.0,0.0,0.0,0.0,0.0,0.0,0.0,0.12,0.06,1.0,1.0,U8493,768
,0.0,0.0,0.0,0.0,0.0,0.0,0.0,0.0,0.18,0.12,1.0,1.0,U71621,768
,0.0,0.0,0.0,0.0,0.0,0.0,0.0,0.0,0.14,0.07,1.0,1.0,U43007,768
,0.0,0.0,0.0,0.0,0.0,0.0,0.0,0.0,0.18,0.1,1.0,1.0,U8769,768
,0.0,0.0,0.0,0.0,0.0,0.0,0.0,0.0,0.18,0.1,1.0,1.0,U16219,768
0.18592964824120603,0.006134969325153374,0.0,0.0,0.0,0.0,0.0,0.0,0.5,0.12,0.1,1.0,1.0,U70371,768
,0.0,0.0,0.0,0.0,0.0,0.0,0.0,0.0,0.06,0.05,1.0,1.0,U56298,768
,0.0,0.0,0.0,0.0,0.0,0.0,0.0,0.0,0.18,0.12,1.0,1.0,U8058,768
,0.0,0.0,0.0,0.0,0.0,0.0,0.0,0.0,0.22,0.12,1.0,1.0,U82867,768
,0.0,0.0,0.0,0.0,0.0,0.0,0.0,0.0,0.2,0.11,1.0,1.0,U29449,768
,0.0,0.0,0.0,0.0,0.0,0.0,0.0,0.0,0.18,0.12,1.0,1.0,U40806,768
,0.0,0.0,0.0,0.0,0.0,0.0,0.0,0.0,0.18,0.1,1.0,1.0,U70818,768
,0.0,0.0,0.0,0.0,0.0,0.0,0.0,0.0,0.16,0.09,1.0,1.0,U87769,768
,0.0,0.0,0.0,0.0,0.0,0.0,0.0,0.0,0.16,0.08,1.0,1.0,U84847,768
,0.0,0.0,0.0,0.0,0.0,0.0,0.0,0.0,0.22,0.13,1.0,1.0,U32734,768
,0.0,0.0,0.0,0.0,0.0,0.0,0.0,0.0,0.06,0.03,1.0,1.0,U79308,768
,0.0,0.0,0.0,0.0,0.0,0.0,0.0,0.0,0.18,0.1,1.0,1.0,U74749,768
,0.0,0.0,0.0,0.0,0.0,0.0,0.0,0.0,0.06,0.03,1.0,1.0,U45246,768
,0.0,0.0,0.0,0.0,0.0,0.0,0.0,0.0,0.14,0.09,1.0,1.0,U68035,768
,0.0,0.0,0.0,0.0,0.0,0.0,0.0,0.0,0.16,0.09,1.0,1.0,U41424,768
,0.0,0.0,0.0,0.0,0.0,0.0,0.0,0.0,0.06,0.06,1.0,1.0,U45134,768
,0.0,0.0,0.0,0.0,0.0,0.0,0.0,0.0,0.14,0.12,1.0,1.0,U9070,768
,0.0,0.0,0.0,0.0,0.0,0.0,0.0,0.0,0.12,0.08,1.0,1.0,U70608,768
,0.0,0.0,0.0,0.0,0.0,0.0,0.0,0.0,0.22,0.14,1.0,1.0,U78074,768
,0.0,0.0,0.0,0.0,0.0,0.0,0.0,0.0,0.08,0.06,1.0,1.0,U35352,768
,0.0,0.0,0.0,0.0,0.0,0.0,0.0,0.0,0.2,0.12,1.0,1.0,U17488,768
,0.0,0.0,0.0,0.0,0.0,0.0,0.0,0.0,0.02,0.02,1.0,1.0,U11994,768
,0.0,0.0,0.0,0.0,0.0,0.0,0.0,0.0,0.22,0.13,1.0,1.0,U17157,0
,0.0,0.0,0.0,0.0,0.0,0.0,0.0,0.0,0.16,0.08,1.0,1.0,U77698,768
,0.0,0.0,0.0,0.0,0.0,0.0,0.0,0.0,0.16,0.11,1.0,1.0,U3703,768
,0.0,0.0,0.0,0.0,0.0,0.0,0.0,0.0,0.14,0.1,1.0,1.0,U88337,768
,0.0,0.0,0.0,0.0,0.0,0.0,0.0,0.0,0.18,0.09,1.0,1.0,U15302,768
,0.0,0.0,0.0,0.0,0.0,0.0,0.0,0.0,0.2,0.12,1.0,1.0,U3265,768
,0.0,0.0,0.0,0.0,0.0,0.0,0.0,0.0,0.14,0.12,1.0,1.0,U34951,768
,0.0,0.0,0.0,0.0,0.0,0.0,0.0,0.0,0.2,0.12,1.0,1.0,U19873,768
,0.0,0.0,0.0,0.0,0.0,0.0,0.0,0.0,0.16,0.1,1.0,1.0,U28632,768
,0.0,0.0,0.0,0.0,0.0,0.0,0.0,0.0,0.22,0.11,1.0,1.0,U84235,768
,0.0,0.0,0.0,0.0,0.0,0.0,0.0,0.0,0.22,0.12,1.0,1.0,U13314,768
,0.0,0.0,0.0,0.0,0.0,0.0,0.0,0.0,0.18,0.11,1.0,1.0,U42413,768
,0.0,0.0,0.0,0.0,0.0,0.0,0.0,0.0,0.18,0.11,1.0,1.0,U49521,768
,0.0,0.0,0.0,0.0,0.0,0.0,0.0,0.0,0.16,0.09,1.0,1.0,U24020,768
,0.0,0.0,0.0,0.0,0.0,0.0,0.0,0.0,0.04,0.02,1.0,1.0,U8241,768
,0.0,0.0,0.0,0.0,0.0,0.0,0.0,0.0,0.16,0.11,1.0,1.0,U79383,768
,0.0,0.0,0.0,0.0,0.0,0.0,0.0,0.0,0.14,0.11,1.0,1.0,U59151,768
,0.0,0.0,0.0,0.0,0.0,0.0,0.0,0.0,0.06,0.04,1.0,1.0,U33713,768
0.36180904522613067,0.0078125,0.0,0.0,0.0,0.0,0.0,0.0,0.5,0.04,0.02,1.0,1.0,U60921,768
,0.0,0.0,0.0,0.0,0.0,0.0,0.0,0.0,0.18,0.1,1.0,1.0,U74881,768
,0.0,0.0,0.0,0.0,0.0,0.0,0.0,0.0,0.1,0.06,1.0,1.0,U11250,768
,0.0,0.0,0.0,0.0,0.0,0.0,0.0,0.0,0.22,0.12,1.0,1.0,U40535,0
,0.0,0.0,0.0,0.0,0.0,0.0,0.0,0.0,0.14,0.1,1.0,1.0,U54449,768
,0.0,0.0,0.0,0.0,0.0,0.0,0.0,0.0,0.22,0.12,1.0,1.0,U30072,768
,0.0,0.0,0.0,0.0,0.0,0.0,0.0,0.0,0.18,0.09,1.0,1.0,U82301,768
,0.0,0.0,0.0,0.0,0.0,0.0,0.0,0.0,0.16,0.08,1.0,1.0,U18670,768
,0.0,0.0,0.0,0.0,0.0,0.0,0.0,0.0,0.22,0.12,1.0,1.0,U58622,768
,0.0,0.0,0.0,0.0,0.0,0.0,0.0,0.0,0.16,0.1,1.0,1.0,U92868,768
,0.0,0.0,0.0,0.0,0.0,0.0,0.0,0.0,0.14,0.09,1.0,1.0,U58856,768
,0.0,0.0,0.0,0.0,0.0,0.0,0.0,0.0,0.14,0.09,1.0,1.0,U23816,768
,0.0,0.0,0.0,0.0,0.0,0.0,0.0,0.0,0.12,0.06,1.0,1.0,U66906,768
,0.0,0.0,0.0,0.0,0.0,0.0,0.0,0.0,0.2,0.13,1.0,1.0,U54371,768
,0.0,0.0,0.0,0.0,0.0,0.0,0.0,0.0,0.1,0.06,1.0,1.0,U53429,768
,0.0,0.0,0.0,0.0,0.0,0.0,0.0,0.0,0.18,0.1,1.0,1.0,U8282,768
,0.0,0.0,0.0,0.0,0.0,0.0,0.0,0.0,0.14,0.08,1.0,1.0,U30252,768
,0.0,0.0,0.0,0.0,0.0,0.0,0.0,0.0,0.12,0.11,1.0,1.0,U67343,768
,0.0,0.0,0.0,0.0,0.0,0.0,0.0,0.0,0.04,0.03,1.0,1.0,U64466,768
,0.0,0.0,0.0,0.0,0.0,0.0,0.0,0.0,0.14,0.11,1.0,1.0,U7228,768
,0.0,0.0,0.0,0.0,0.0,0.0,0.0,0.0,0.18,0.11,1.0,1.0,U69657,768
,0.0,0.0,0.0,0.0,0.0,0.0,0.0,0.0,0.1,0.06,1.0,1.0,U84351,768
,0.0,0.0,0.0,0.0,0.0,0.0,0.0,0.0,0.18,0.1,1.0,1.0,U18780,768
,0.0,0.0,0.0,0.0,0.0,0.0,0.0,0.0,0.14,0.1,1.0,1.0,U34989,768
,0.0,0.0,0.0,0.0,0.0,0.0,0.0,0.0,0.06,0.05,1.0,1.0,U54166,768
,0.0,0.0,0.0,0.0,0.0,0.0,0.0,0.0,0.12,0.09,1.0,1.0,U60642,768
,0.0,0.0,0.0,0.0,0.0,0.0,0.0,0.0,0.16,0.09,1.0,1.0,U60139,768
,0.0,0.0,0.0,0.0,0.0,0.0,0.0,0.0,0.1,0.1,1.0,1.0,U17493,768
,0.0,0.0,0.0,0.0,0.0,0.0,0.0,0.0,0.1,0.08,1.0,1.0,U21996,768
,0.0,0.0,0.0,0.0,0.0,0.0,0.0,0.0,0.16,0.09,1.0,1.0,U59655,768
,0.0,0.0,0.0,0.0,0.0,0.0,0.0,0.0,0.18,0.12,1.0,1.0,U74215,768
,0.0,0.0,0.0,0.0,0.0,0.0,0.0,0.0,0.14,0.08,1.0,1.0,U1816,768
,0.0,0.0,0.0,0.0,0.0,0.0,0.0,0.0,0.22,0.14,1.0,1.0,U91008,0
,0.0,0.0,0.0,0.0,0.0,0.0,0.0,0.0,0.18,0.11,1.0,1.0,U82141,768
,0.0,0.0,0.0,0.0,0.0,0.0,0.0,0.0,0.08,0.07,1.0,1.0,U50244,768
,0.0,0.0,0.0,0.0,0.0,0.0,0.0,0.0,0.18,0.11,1.0,1.0,U89176,768
,0.0,0.0,0.0,0.0,0.0,0.0,0.0,0.0,0.08,0.04,1.0,1.0,U90802,768
,0.0,0.0,0.0,0.0,0.0,0.0,0.0,0.0,0.18,0.11,1.0,1.0,U55104,768
,0.0,0.0,0.0,0.0,0.0,0.0,0.0,0.0,0.14,0.08,1.0,1.0,U49537,768
,0.0,0.0,0.0,0.0,0.0,0.0,0.0,0.0,0.12,0.11,1.0,1.0,U82181,768
,0.0,0.0,0.0,0.0,0.0,0.0,0.0,0.0,0.16,0.09,1.0,1.0,U43326,768
,0.0,0.0,0.0,0.0,0.0,0.0,0.0,0.0,0.14,0.09,1.0,1.0,U51810,768
,0.0,0.0,0.0,0.0,0.0,0.0,0.0,0.0,0.18,0.1,1.0,1.0,U37174,768
,0.0,0.0,0.0,0.0,0.0,0.0,0.0,0.0,0.08,0.05,1.0,1.0,U13018,768
,0.0,0.0,0.0,0.0,0.0,0.0,0.0,0.0,0.2,0.13,1.0,1.0,U59307,768
,0.0,0.0,0.0,0.0,0.0,0.0,0.0,0.0,0.16,0.09,1.0,1.0,U8773,768
,0.0,0.0,0.0,0.0,0.0,0.0,0.0,0.0,0.18,0.1,1.0,1.0,U53533,768
,0.0,0.0,0.0,0.0,0.0,0.0,0.0,0.0,0.14,0.1,1.0,1.0,U37652,768
,0.0,0.0,0.0,0.0,0.0,0.0,0.0,0.0,0.12,0.1,1.0,1.0,U37305,768
,0.0,0.0,0.0,0.0,0.0,0.0,0.0,0.0,0.12,0.08,1.0,1.0,U69942,768
,0.0,0.0,0.0,0.0,0.0,0.0,0.0,0.0,0.14,0.09,1.0,1.0,U23890,768
,0.0,0.0,0.0,0.0,0.0,0.0,0.0,0.0,0.14,0.08,1.0,1.0,U52652,768
,0.0,0.0,0.0,0.0,0.0,0.0,0.0,0.0,0.04,0.02,1.0,1.0,U61969,768
,0.0,0.0,0.0,0.0,0.0,0.0,0.0,0.0,0.04,0.04,1.0,1.0,U5315,768
,0.0,0.0,0.0,0.0,0.0,0.0,0.0,0.0,0.12,0.06,1.0,1.0,U45268,768
,0.0,0.0,0.0,0.0,0.0,0.0,0.0,0.0,0.18,0.12,1.0,1.0,U17067,768
,0.0,0.0,0.0,0.0,0.0,0.0,0.0,0.0,0.1,0.06,1.0,1.0,U14122,768
,0.0,0.0,0.0,0.0,0.0,0.0,0.0,0.0,0.16,0.11,1.0,1.0,U980,768
,0.0,0.0,0.0,0.0,0.0,0.0,0.0,0.0,0.06,0.04,1.0,1.0,U77960,768
,0.0,0.0,0.0,0.0,0.0,0.0,0.0,0.0,0.06,0.05,1.0,1.0,U87829,768
,0.0,0.0,0.0,0.0,0.0,0.0,0.0,0.0,0.08,0.06,1.0,1.0,U1277,768
,0.0,0.0,0.0,0.0,0.0,0.0,0.0,0.0,0.14,0.09,1.0,1.0,U73030,768
,0.0,0.0,0.0,0.0,0.0,0.0,0.0,0.0,0.22,0.14,1.0,1.0,U72119,0
,0.0,0.0,0.0,0.0,0.0,0.0,0.0,0.0,0.14,0.12,1.0,1.0,U92378,768
,0.0,0.0,0.0,0.0,0.0,0.0,0.0,0.0,0.12,0.06,1.0,1.0,U61839,768
,0.0,0.0,0.0,0.0,0.0,0.0,0.0,0.0,0.16,0.1,1.0,1.0,U74526,768
,0.0,0.0,0.0,0.0,0.0,0.0,0.0,0.0,0.08,0.07,1.0,1.0,U39322,768
,0.0,0.0,0.0,0.0,0.0,0.0,0.0,0.0,0.14,0.1,1.0,1.0,U20619,768
0.12060301507537688,0.005681818181818182,0.0,0.0,0.0,0.0,0.0,0.0,0.3333333333333333,0.16,0.11,1.0,1.0,U73072,768
,0.0,0.0,0.0,0.0,0.0,0.0,0.0,0.0,0.2,0.12,1.0,1.0,U49686,768
,0.0,0.0,0.0,0.0,0.0,0.0,0.0,0.0,0.22,0.11,1.0,1.0,U41501,768
,0.0,0.0,0.0,0.0,0.0,0.0,0.0,0.0,0.12,0.1,1.0,1.0,U89079,768
,0.0,0.0,0.0,0.0,0.0,0.0,0.0,0.0,0.18,0.1,1.0,1.0,U34071,768
1.0,1.0,1.0,1.0,0.5,0.5,0.5,0.5,0.5,0.16,0.1,1.0,1.0,U68819,768
,0.0,0.0,0.0,0.0,0.0,0.0,0.0,0.0,0.16,0.11,1.0,1.0,U42144,768
,0.0,0.0,0.0,0.0,0.0,0.0,0.0,0.0,0.12,0.1,1.0,1.0,U62041,768
,0.0,0.0,0.0,0.0,0.0,0.0,0.0,0.0,0.18,0.11,1.0,1.0,U89827,768
0.8944723618090452,0.045454545454545456,0.0,0.0,0.0,0.0,0.5,0.5,0.5,0.14,0.1,1.0,1.0,U57999,768
,0.0,0.0,0.0,0.0,0.0,0.0,0.0,0.0,0.14,0.11,1.0,1.0,U74999,768
,0.0,0.0,0.0,0.0,0.0,0.0,0.0,0.0,0.12,0.07,1.0,1.0,U18065,768
,0.0,0.0,0.0,0.0,0.0,0.0,0.0,0.0,0.06,0.05,1.0,1.0,U552,768
,0.0,0.0,0.0,0.0,0.0,0.0,0.0,0.0,0.14,0.1,1.0,1.0,U84376,768
,0.0,0.0,0.0,0.0,0.0,0.0,0.0,0.0,0.14,0.08,1.0,1.0,U87931,768
,0.0,0.0,0.0,0.0,0.0,0.0,0.0,0.0,0.06,0.03,1.0,1.0,U16861,768
0.6582914572864321,0.014492753623188406,0.0,0.0,0.0,0.0,0.0,0.5,0.5,0.22,0.13,1.0,1.0,U61019,768
,0.0,0.0,0.0,0.0,0.0,0.0,0.0,0.0,0.12,0.12,1.0,1.0,U72408,768
,0.0,0.0,0.0,0.0,0.0,0.0,0.0,0.0,0.04,0.03,1.0,1.0,U61750,768
,0.0,0.0,0.0,0.0,0.0,0.0,0.0,0.0,0.16,0.14,1.0,1.0,U93947,768
,0.0,0.0,0.0,0.0,0.0,0.0,0.0,0.0,0.02,0.02,1.0,1.0,U47990,768
,0.0,0.0,0.0,0.0,0.0,0.0,0.0,0.0,0.18,0.09,1.0,1.0,U45750,768
,0.0,0.0,0.0,0.0,0.0,0.0,0.0,0.0,0.18,0.12,1.0,1.0,U4485,768
,0.0,0.0,0.0,0.0,0.0,0.0,0.0,0.0,0.06,0.04,1.0,1.0,U45400,768
,0.0,0.0,0.0,0.0,0.0,0.0,0.0,0.0,0.04,0.03,1.0,1.0,U85706,768
,0.0,0.0,0.0,0.0,0.0,0.0,0.0,0.0,0.16,0.12,1.0,1.0,U7151,768
,0.0,0.0,0.0,0.0,0.0,0.0,0.0,0.0,0.14,0.09,1.0,1.0,U88299,768
,0.0,0.0,0.0,0.0,0.0,0.0,0.0,0.0,0.2,0.11,1.0,1.0,U4897,768
,0.0,0.0,0.0,0.0,0.0,0.0,0.0,0.0,0.12,0.06,1.0,1.0,U58543,768
,0.0,0.0,0.0,0.0,0.0,0.0,0.0,0.0,0.12,0.06,1.0,1.0,U21844,768
,0.0,0.0,0.0,0.0,0.0,0.0,0.0,0.0,0.12,0.07,1.0,1.0,U21387,768
,0.0,0.0,0.0,0.0,0.0,0.0,0.0,0.0,0.14,0.08,1.0,1.0,U49435,768
,0.0,0.0,0.0,0.0,0.0,0.0,0.0,0.0,0.1,0.07,1.0,1.0,U51229,768
,0.0,0.0,0.0,0.0,0.0,0.0,0.0,0.0,0.14,0.07,1.0,1.0,U21189,768
,0.0,0.0,0.0,0.0,0.0,0.0,0.0,0.0,0.18,0.1,1.0,1.0,U55624,768
,0.0,0.0,0.0,0.0,0.0,0.0,0.0,0.0,0.08,0.04,1.0,1.0,U75493,768
,0.0,0.0,0.0,0.0,0.0,0.0,0.0,0.0,0.1,0.13,1.0,1.0,U12430,768
,0.0,0.0,0.0,0.0,0.0,0.0,0.0,0.0,0.18,0.1,1.0,1.0,U10152,768
0.964824120603015,0.125,0.0,0.31546487678572877,0.0,0.5,0.5,0.5,0.5,0.2,0.13,1.0,1.0,U33527,768
,0.0,0.0,0.0,0.0,0.0,0.0,0.0,0.0,0.2,0.12,1.0,1.0,U32124,768
,0.0,0.0,0.0,0.0,0.0,0.0,0.0,0.0,0.12,0.06,1.0,1.0,U85857,768
,0.0,0.0,0.0,0.0,0.0,0.0,0.0,0.0,0.18,0.11,1.0,1.0,U86353,768
,0.0,0.0,0.0,0.0,0.0,0.0,0.0,0.0,0.18,0.13,1.0,1.0,U49663,768
,0.0,0.0,0.0,0.0,0.0,0.0,0.0,0.0,0.18,0.12,1.0,1.0,U19277,768
,0.0,0.0,0.0,0.0,0.0,0.0,0.0,0.0,0.04,0.02,1.0,1.0,U85503,768
,0.0,0.0,0.0,0.0,0.0,0.0,0.0,0.0,0.18,0.11,1.0,1.0,U63386,768
,0.0,0.0,0.0,0.0,0.0,0.0,0.0,0.0,0.16,0.11,1.0,1.0,U12325,768
,0.0,0.0,0.0,0.0,0.0,0.0,0.0,0.0,0.18,0.12,1.0,1.0,U5534,768
,0.0,0.0,0.0,0.0,0.0,0.0,0.0,0.0,0.16,0.11,1.0,1.0,U72569,768
,0.0,0.0,0.0,0.0,0.0,0.0,0.0,0.0,0.14,0.08,1.0,1.0,U80808,768
,0.0,0.0,0.0,0.0,0.0,0.0,0.0,0.0,0.18,0.11,1.0,1.0,U22758,768
,0.0,0.0,0.0,0.0,0.0,0.0,0.0,0.0,0.06,0.05,1.0,1.0,U85242,768
,0.0,0.0,0.0,0.0,0.0,0.0,0.0,0.0,0.16,0.08,1.0,1.0,U10450,768
,0.0,0.0,0.0,0.0,0.0,0.0,0.0,0.0,0.2,0.11,1.0,1.0,U79086,768
,0.0,0.0,0.0,0.0,0.0,0.0,0.0,0.0,0.08,0.08,1.0,1.0,U70770,768
,0.0,0.0,0.0,0.0,0.0,0.0,0.0,0.0,0.18,0.14,1.0,1.0,U3069,768
0.6733668341708543,0.015151515151515152,0.0,0.0,0.0,0.0,0.0,0.5,0.5,0.1,0.06,1.0,1.0,U55325,768
,0.0,0.0,0.0,0.0,0.0,0.0,0.0,0.0,0.12,0.08,1.0,1.0,U83369,768
,0.0,0.0,0.0,0.0,0.0,0.0,0.0,0.0,0.16,0.11,1.0,1.0,U54708,768
,0.0,0.0,0.0,0.0,0.0,0.0,0.0,0.0,0.2,0.11,1.0,1.0,U67578,768
,0.0,0.0,0.0,0.0,0.0,0.0,0.0,0.0,0.18,0.12,1.0,1.0,U76752,768
,0.0,0.0,0.0,0.0,0.0,0.0,0.0,0.0,0.18,0.11,1.0,1.0,U11876,768
,0.0,0.0,0.0,0.0,0.0,0.0,0.0,0.0,0.12,0.09,1.0,1.0,U57822,768
,0.0,0.0,0.0,0.0,0.0,0.0,0.0,0.0,0.2,0.1,1.0,1.0,U21804,768
,0.0,0.0,0.0,0.0,0.0,0.0,0.0,0.0,0.12,0.08,1.0,1.0,U58219,768
,0.0,0.0,0.0,0.0,0.0,0.0,0.0,0.0,0.22,0.13,1.0,1.0,U81936,768
,0.0,0.0,0.0,0.0,0.0,0.0,0.0,0.0,0.12,0.1,1.0,1.0,U464,768
,0.0,0.0,0.0,0.0,0.0,0.0,0.0,0.0,0.16,0.1,1.0,1.0,U28121,768
,0.0,0.0,0.0,0.0,0.0,0.0,0.0,0.0,0.08,0.07,1.0,1.0,U91335,768
0.2663316582914573,0.006802721088435374,0.0,0.0,0.0,0.0,0.0,0.0,1.0,0.1,0.09,1.0,1.0,U68812,768
,0.0,0.0,0.0,0.0,0.0,0.0,0.0,0.0,0.18,0.1,1.0,1.0,U88698,768
,0.0,0.0,0.0,0.0,0.0,0.0,0.0,0.0,0.14,0.1,1.0,1.0,U59453,768
,0.0,0.0,0.0,0.0,0.0,0.0,0.0,0.0,0.04,0.02,1.0,1.0,U80391,768
,0.0,0.0,0.0,0.0,0.0,0.0,0.0,0.0,0.18,0.1,1.0,1.0,U22822,768
,0.0,0.0,0.0,0.0,0.0,0.0,0.0,0.0,0.08,0.05,1.0,1.0,U15283,768
,0.0,0.0,0.0,0.0,0.0,0.0,0.0,0.0,0.16,0.1,1.0,1.0,U223,768
,0.0,0.0,0.0,0.0,0.0,0.0,0.0,0.0,0.16,0.08,1.0,1.0,U1445,768
,0.0,0.0,0.0,0.0,0.0,0.0,0.0,0.0,0.18,0.13,1.0,1.0,U87486,768
,0.0,0.0,0.0,0.0,0.0,0.0,0.0,0.0,0.22,0.11,1.0,1.0,U52059,768
,0.0,0.0,0.0,0.0,0.0,0.0,0.0,0.0,0.06,0.04,1.0,1.0,U22761,768
,0.0,0.0,0.0,0.0,0.0,0.0,0.0,0.0,0.12,0.1,1.0,1.0,U78776,768
,0.0,0.0,0.0,0.0,0.0,0.0,0.0,0.0,0.04,0.03,1.0,1.0,U46195,768
,0.0,0.0,0.0,0.0,0.0,0.0,0.0,0.0,0.14,0.09,1.0,1.0,U28126,768
,0.0,0.0,0.0,0.0,0.0,0.0,0.0,0.0,0.02,0.03,1.0,1.0,U19747,768
,0.0,0.0,0.0,0.0,0.0,0.0,0.0,0.0,0.1,0.06,1.0,1.0,U66778,768
,0.0,0.0,0.0,0.0,0.0,0.0,0.0,0.0,0.18,0.12,1.0,1.0,U19326,768
,0.0,0.0,0.0,0.0,0.0,0.0,0.0,0.0,0.08,0.06,1.0,1.0,U8211,768
,0.0,0.0,0.0,0.0,0.0,0.0,0.0,0.0,0.06,0.05,1.0,1.0,U70013,768
,0.0,0.0,0.0,0.0,0.0,0.0,0.0,0.0,0.06,0.06,1.0,1.0,U40779,768
,0.0,0.0,0.0,0.0,0.0,0.0,0.0,0.0,0.18,0.1,1.0,1.0,U76190,768
,0.0,0.0,0.0,0.0,0.0,0.0,0.0,0.0,0.12,0.1,1.0,1.0,U5349,768
0.36683417085427134,0.007874015748031496,0.0,0.0,0.0,0.0,0.0,0.0,0.3333333333333333,0.22,0.11,1.0,1.0,U2005,768
,0.0,0.0,0.0,0.0,0.0,0.0,0.0,0.0,0.08,0.04,1.0,1.0,U62614,768
,0.0,0.0,0.0,0.0,0.0,0.0,0.0,0.0,0.18,0.12,1.0,1.0,U63049,768
,0.0,0.0,0.0,0.0,0.0,0.0,0.0,0.0,0.02,0.02,1.0,1.0,U84804,768
,0.0,0.0,0.0,0.0,0.0,0.0,0.0,0.0,0.14,0.09,1.0,1.0,U87159,768
,0.0,0.0,0.0,0.0,0.0,0.0,0.0,0.0,0.16,0.1,1.0,1.0,U56598,768
,0.0,0.0,0.0,0.0,0.0,0.0,0.0,0.0,0.12,0.07,1.0,1.0,U35171,768
0.5477386934673367,0.01098901098901099,0.0,0.0,0.0,0.0,0.0,0.5,0.5,0.08,0.05,1.0,1.0,U80939,768
,0.0,0.0,0.0,0.0,0.0,0.0,0.0,0.0,0.22,0.13,1.0,1.0,U89839,0
,0.0,0.0,0.0,0.0,0.0,0.0,0.0,0.0,0.12,0.09,1.0,1.0,U35474,768
,0.0,0.0,0.0,0.0,0.0,0.0,0.0,0.0,0.12,0.06,1.0,1.0,U89988,768
,0.0,0.0,0.0,0.0,0.0,0.0,0.0,0.0,0.2,0.12,1.0,1.0,U62702,0
,0.0,0.0,0.0,0.0,0.0,0.0,0.0,0.0,0.08,0.05,1.0,1.0,U73268,768
,0.0,0.0,0.0,0.0,0.0,0.0,0.0,0.0,0.16,0.1,1.0,1.0,U16499,768
,0.0,0.0,0.0,0.0,0.0,0.0,0.0,0.0,0.14,0.1,1.0,1.0,U11465,768
,0.0,0.0,0.0,0.0,0.0,0.0,0.0,0.0,0.06,0.03,1.0,1.0,U33419,768
,0.0,0.0,0.0,0.0,0.0,0.0,0.0,0.0,0.12,0.08,1.0,1.0,U86923,768
,0.0,0.0,0.0,0.0,0.0,0.0,0.0,0.0,0.1,0.05,1.0,1.0,U54367,768
,0.0,0.0,0.0,0.0,0.0,0.0,0.0,0.0,0.14,0.09,1.0,1.0,U12425,768
,0.0,0.0,0.0,0.0,0.0,0.0,0.0,0.0,0.14,0.08,1.0,1.0,U66491,768
,0.0,0.0,0.0,0.0,0.0,0.0,0.0,0.0,0.06,0.05,1.0,1.0,U52889,768
,0.0,0.0,0.0,0.0,0.0,0.0,0.0,0.0,0.18,0.13,1.0,1.0,U91867,768
,0.0,0.0,0.0,0.0,0.0,0.0,0.0,0.0,0.04,0.02,1.0,1.0,U274,768
,0.0,0.0,0.0,0.0,0.0,0.0,0.0,0.0,0.2,0.14,1.0,1.0,U39275,768
,0.0,0.0,0.0,0.0,0.0,0.0,0.0,0.0,0.06,0.06,1.0,1.0,U23411,768
,0.0,0.0,0.0,0.0,0.0,0.0,0.0,0.0,0.18,0.1,1.0,1.0,U78818,768
,0.0,0.0,0.0,0.0,0.0,0.0,0.0,0.0,0.2,0.12,1.0,1.0,U55870,768
,0.0,0.0,0.0,0.0,0.0,0.0,0.0,0.0,0.12,0.09,1.0,1.0,U19335,768
,0.0,0.0,0.0,0.0,0.0,0.0,0.0,0.0,0.14,0.08,1.0,1.0,U63028,768
,0.0,0.0,0.0,0.0,0.0,0.0,0.0,0.0,0.12,0.08,1.0,1.0,U34308,768
,0.0,0.0,0.0,0.0,0.0,0.0,0.0,0.0,0.16,0.12,1.0,1.0,U18470,768
,0.0,0.0,0.0,0.0,0.0,0.0,0.0,0.0,0.18,0.09,1.0,1.0,U14817,768
,0.0,0.0,0.0,0.0,0.0,0.0,0.0,0.0,0.14,0.07,1.0,1.0,U21614,768
,0.0,0.0,0.0,0.0,0.0,0.0,0.0,0.0,0.24,0.14,1.0,1.0,U24126,0
,0.0,0.0,0.0,0.0,0.0,0.0,0.0,0.0,0.14,0.09,1.0,1.0,U44048,768
,0.0,0.0,0.0,0.0,0.0,0.0,0.0,0.0,0.08,0.05,1.0,1.0,U81664,768
,0.0,0.0,0.0,0.0,0.0,0.0,0.0,0.0,0.18,0.11,1.0,1.0,U69733,768
,0.0,0.0,0.0,0.0,0.0,0.0,0.0,0.0,0.1,0.07,1.0,1.0,U55714,768
,0.0,0.0,0.0,0.0,0.0,0.0,0.0,0.0,0.18,0.1,1.0,1.0,U66831,768
,0.0,0.0,0.0,0.0,0.0,0.0,0.0,0.0,0.18,0.13,1.0,1.0,U73721,768
,0.0,0.0,0.0,0.0,0.0,0.0,0.0,0.0,0.2,0.12,1.0,1.0,U75467,768
,0.0,0.0,0.0,0.0,0.0,0.0,0.0,0.0,0.22,0.13,1.0,1.0,U55798,768
,0.0,0.0,0.0,0.0,0.0,0.0,0.0,0.0,0.02,0.02,1.0,1.0,U4042,768
,0.0,0.0,0.0,0.0,0.0,0.0,0.0,0.0,0.18,0.1,1.0,1.0,U7262,768
,0.0,0.0,0.0,0.0,0.0,0.0,0.0,0.0,0.04,0.05,1.0,1.0,U53989,768
,0.0,0.0,0.0,0.0,0.0,0.0,0.0,0.0,0.1,0.07,1.0,1.0,U13720,768
,0.0,0.0,0.0,0.0,0.0,0.0,0.0,0.0,0.18,0.11,1.0,1.0,U21474,768
,0.0,0.0,0.0,0.0,0.0,0.0,0.0,0.0,0.18,0.12,1.0,1.0,U48606,768
,0.0,0.0,0.0,0.0,0.0,0.0,0.0,0.0,0.22,0.12,1.0,1.0,U84998,768
,0.0,0.0,0.0,0.0,0.0,0.0,0.0,0.0,0.14,0.1,1.0,1.0,U63184,768
,0.0,0.0,0.0,0.0,0.0,0.0,0.0,0.0,0.04,0.02,1.0,1.0,U51886,768
,0.0,0.0,0.0,0.0,0.0,0.0,0.0,0.0,0.16,0.11,1.0,1.0,U53551,768
,0.0,0.0,0.0,0.0,0.0,0.0,0.0,0.0,0.14,0.11,1.0,1.0,U58464,768
,0.0,0.0,0.0,0.0,0.0,0.0,0.0,0.0,0.06,0.05,1.0,1.0,U41407,768
,0.0,0.0,0.0,0.0,0.0,0.0,0.0,0.0,0.22,0.14,1.0,1.0,U75585,768
,0.0,0.0,0.0,0.0,0.0,0.0,0.0,0.0,0.16,0.1,1.0,1.0,U81064,768
,0.0,0.0,0.0,0.0,0.0,0.0,0.0,0.0,0.14,0.11,1.0,1.0,U29187,768
,0.0,0.0,0.0,0.0,0.0,0.0,0.0,0.0,0.08,0.05,1.0,1.0,U2056,768
,0.0,0.0,0.0,0.0,0.0,0.0,0.0,0.0,0.1,0.06,1.0,1.0,U87743,768
,0.0,0.0,0.0,0.0,0.0,0.0,0.0,0.0,0.12,0.1,1.0,1.0,U5127,768
,0.0,0.0,0.0,0.0,0.0,0.0,0.0,0.0,0.14,0.08,1.0,1.0,U22505,768
,0.0,0.0,0.0,0.0,0.0,0.0,0.0,0.0,0.12,0.1,1.0,1.0,U49856,768
,0.0,0.0,0.0,0.0,0.0,0.0,0.0,0.0,0.1,0.08,1.0,1.0,U85560,768
,0.0,0.0,0.0,0.0,0.0,0.0,0.0,0.0,0.14,0.11,1.0,1.0,U85577,768
,0.0,0.0,0.0,0.0,0.0,0.0,0.0,0.0,0.18,0.1,1.0,1.0,U70155,768
,0.0,0.0,0.0,0.0,0.0,0.0,0.0,0.0,0.14,0.09,1.0,1.0,U20128,768
,0.0,0.0,0.0,0.0,0.0,0.0,0.0,0.0,0.16,0.11,1.0,1.0,U91776,768
,0.0,0.0,0.0,0.0,0.0,0.0,0.0,0.0,0.12,0.07,1.0,1.0,U22735,768
,0.0,0.0,0.0,0.0,0.0,0.0,0.0,0.0,0.1,0.09,1.0,1.0,U26515,768
,0.0,0.0,0.0,0.0,0.0,0.0,0.0,0.0,0.04,0.03,1.0,1.0,U91808,768
,0.0,0.0,0.0,0.0,0.0,0.0,0.0,0.0,0.16,0.12,1.0,1.0,U70805,768
,0.0,0.0,0.0,0.0,0.0,0.0,0.0,0.0,0.24,0.12,1.0,1.0,U84516,0
,0.0,0.0,0.0,0.0,0.0,0.0,0.0,0.0,0.24,0.14,1.0,1.0,U35571,0
,0.0,0.0,0.0,0.0,0.0,0.0,0.0,0.0,0.12,0.08,1.0,1.0,U65228,768
,0.0,0.0,0.0,0.0,0.0,0.0,0.0,0.0,0.06,0.03,1.0,1.0,U89007,768
,0.0,0.0,0.0,0.0,0.0,0.0,0.0,0.0,0.22,0.13,1.0,1.0,U10953,0
,0.0,0.0,0.0,0.0,0.0,0.0,0.0,0.0,0.14,0.11,1.0,1.0,U68821,768
,0.0,0.0,0.0,0.0,0.0,0.0,0.0,0.0,0.06,0.07,1.0,1.0,U60964,768
,0.0,0.0,0.0,0.0,0.0,0.0,0.0,0.0,0.16,0.09,1.0,1.0,U46667,768
,0.0,0.0,0.0,0.0,0.0,0.0,0.0,0.0,0.04,0.02,1.0,1.0,U12452,768
,0.0,0.0,0.0,0.0,0.0,0.0,0.0,0.0,0.18,0.12,1.0,1.0,U87577,768
,0.0,0.0,0.0,0.0,0.0,0.0,0.0,0.0,0.1,0.07,1.0,1.0,U5890,768
,0.0,0.0,0.0,0.0,0.0,0.0,0.0,0.0,0.24,0.13,1.0,1.0,U6188,768
,0.0,0.0,0.0,0.0,0.0,0.0,0.0,0.0,0.16,0.1,1.0,1.0,U30140,768
,0.0,0.0,0.0,0.0,0.0,0.0,0.0,0.0,0.18,0.1,1.0,1.0,U67177,768
,0.0,0.0,0.0,0.0,0.0,0.0,0.0,0.0,0.2,0.12,1.0,1.0,U74363,768
,0.0,0.0,0.0,0.0,0.0,0.0,0.0,0.0,0.04,0.04,1.0,1.0,U18121,768
,0.0,0.0,0.0,0.0,0.0,0.0,0.0,0.0,0.2,0.11,1.0,1.0,U91286,768
,0.0,0.0,0.0,0.0,0.0,0.0,0.0,0.0,0.18,0.11,1.0,1.0,U67045,768
,0.0,0.0,0.0,0.0,0.0,0.0,0.0,0.0,0.12,0.08,1.0,1.0,U78469,768
,0.0,0.0,0.0,0.0,0.0,0.0,0.0,0.0,0.12,0.08,1.0,1.0,U2910,768
,0.0,0.0,0.0,0.0,0.0,0.0,0.0,0.0,0.14,0.09,1.0,1.0,U72722,768
,0.0,0.0,0.0,0.0,0.0,0.0,0.0,0.0,0.16,0.09,1.0,1.0,U81400,768
,0.0,0.0,0.0,0.0,0.0,0.0,0.0,0.0,0.1,0.09,1.0,1.0,U69317,768
,0.0,0.0,0.0,0.0,0.0,0.0,0.0,0.0,0.02,0.04,1.0,1.0,U85271,768
,0.0,0.0,0.0,0.0,0.0,0.0,0.0,0.0,0.12,0.09,1.0,1.0,U18088,768
,0.0,0.0,0.0,0.0,0.0,0.0,0.0,0.0,0.04,0.03,1.0,1.0,U58833,768
,0.0,0.0,0.0,0.0,0.0,0.0,0.0,0.0,0.2,0.11,1.0,1.0,U77431,768
,0.0,0.0,0.0,0.0,0.0,0.0,0.0,0.0,0.12,0.1,1.0,1.0,U20825,768
,0.0,0.0,0.0,0.0,0.0,0.0,0.0,0.0,0.12,0.1,1.0,1.0,U59068,768
,0.0,0.0,0.0,0.0,0.0,0.0,0.0,0.0,0.16,0.09,1.0,1.0,U74097,768
,0.0,0.0,0.0,0.0,0.0,0.0,0.0,0.0,0.1,0.08,1.0,1.0,U51129,768
,0.0,0.0,0.0,0.0,0.0,0.0,0.0,0.0,0.08,0.06,1.0,1.0,U40336,768
,0.0,0.0,0.0,0.0,0.0,0.0,0.0,0.0,0.16,0.12,1.0,1.0,U9312,768
,0.0,0.0,0.0,0.0,0.0,0.0,0.0,0.0,0.18,0.1,1.0,1.0,U25049,768
,0.0,0.0,0.0,0.0,0.0,0.0,0.0,0.0,0.18,0.11,1.0,1.0,U43330,768
,0.0,0.0,0.0,0.0,0.0,0.0,0.0,0.0,0.16,0.09,1.0,1.0,U68147,768
,0.0,0.0,0.0,0.0,0.0,0.0,0.0,0.0,0.04,0.03,1.0,1.0,U79243,768
,0.0,0.0,0.0,0.0,0.0,0.0,0.0,0.0,0.02,0.01,1.0,1.0,U62597,768
,0.0,0.0,0.0,0.0,0.0,0.0,0.0,0.0,0.16,0.1,1.0,1.0,U46472,768
,0.0,0.0,0.0,0.0,0.0,0.0,0.0,0.0,0.16,0.11,1.0,1.0,U90642,768
,0.0,0.0,0.0,0.0,0.0,0.0,0.0,0.0,0.2,0.12,1.0,1.0,U47464,768
,0.0,0.0,0.0,0.0,0.0,0.0,0.0,0.0,0.04,0.04,1.0,1.0,U45798,768
,0.0,0.0,0.0,0.0,0.0,0.0,0.0,0.0,0.18,0.11,1.0,1.0,U30149,768
,0.0,0.0,0.0,0.0,0.0,0.0,0.0,0.0,0.16,0.1,1.0,1.0,U24251,768
,0.0,0.0,0.0,0.0,0.0,0.0,0.0,0.0,0.1,0.06,1.0,1.0,U50305,768
,0.0,0.0,0.0,0.0,0.0,0.0,0.0,0.0,0.18,0.11,1.0,1.0,U65437,768
,0.0,0.0,0.0,0.0,0.0,0.0,0.0,0.0,0.08,0.06,1.0,1.0,U68922,768
,0.0,0.0,0.0,0.0,0.0,0.0,0.0,0.0,0.04,0.03,1.0,1.0,U78463,768
0.02512562814070352,0.005128205128205128,0.0,0.0,0.0,0.0,0.0,0.0,0.5,0.16,0.09,1.0,1.0,U33329,768
,0.0,0.0,0.0,0.0,0.0,0.0,0.0,0.0,0.18,0.11,1.0,1.0,U29758,768
,0.0,0.0,0.0,0.0,0.0,0.0,0.0,0.0,0.2,0.12,1.0,1.0,U44438,768
,0.0,0.0,0.0,0.0,0.0,0.0,0.0,0.0,0.12,0.09,1.0,1.0,U77682,768
,0.0,0.0,0.0,0.0,0.0,0.0,0.0,0.0,0.04,0.02,1.0,1.0,U84476,768
,0.0,0.0,0.0,0.0,0.0,0.0,0.0,0.0,0.2,0.13,1.0,1.0,U48882,768
,0.0,0.0,0.0,0.0,0.0,0.0,0.0,0.0,0.16,0.1,1.0,1.0,U63546,768
,0.0,0.0,0.0,0.0,0.0,0.0,0.0,0.0,0.14,0.09,1.0,1.0,U27994,768
,0.0,0.0,0.0,0.0,0.0,0.0,0.0,0.0,0.18,0.1,1.0,1.0,U84062,768
,0.0,0.0,0.0,0.0,0.0,0.0,0.0,0.0,0.16,0.1,1.0,1.0,U32449,768
,0.0,0.0,0.0,0.0,0.0,0.0,0.0,0.0,0.22,0.11,1.0,1.0,U67839,768
,0.0,0.0,0.0,0.0,0.0,0.0,0.0,0.0,0.14,0.08,1.0,1.0,U89925,768
,0.0,0.0,0.0,0.0,0.0,0.0,0.0,0.0,0.18,0.12,1.0,1.0,U12630,768
,0.0,0.0,0.0,0.0,0.0,0.0,0.0,0.0,0.16,0.08,1.0,1.0,U4267,768
,0.0,0.0,0.0,0.0,0.0,0.0,0.0,0.0,0.04,0.03,1.0,1.0,U44999,768
,0.0,0.0,0.0,0.0,0.0,0.0,0.0,0.0,0.06,0.03,1.0,1.0,U62086,768
,0.0,0.0,0.0,0.0,0.0,0.0,0.0,0.0,0.12,0.08,1.0,1.0,U67158,768
,0.0,0.0,0.0,0.0,0.0,0.0,0.0,0.0,0.2,0.12,1.0,1.0,U50211,768
,0.0,0.0,0.0,0.0,0.0,0.0,0.0,0.0,0.16,0.1,1.0,1.0,U71138,768
,0.0,0.0,0.0,0.0,0.0,0.0,0.0,0.0,0.2,0.12,1.0,1.0,U2867,768
,0.0,0.0,0.0,0.0,0.0,0.0,0.0,0.0,0.22,0.13,1.0,1.0,U49379,768
,0.0,0.0,0.0,0.0,0.0,0.0,0.0,0.0,0.18,0.1,1.0,1.0,U32055,768
,0.0,0.0,0.0,0.0,0.0,0.0,0.0,0.0,0.18,0.11,1.0,1.0,U31992,768
,0.0,0.0,0.0,0.0,0.0,0.0,0.0,0.0,0.22,0.12,1.0,1.0,U19004,768
,0.0,0.0,0.0,0.0,0.0,0.0,0.0,0.0,0.24,0.14,1.0,1.0,U64194,0
,0.0,0.0,0.0,0.0,0.0,0.0,0.0,0.0,0.1,0.08,1.0,1.0,U72001,768
,0.0,0.0,0.0,0.0,0.0,0.0,0.0,0.0,0.12,0.07,1.0,1.0,U20563,768
,0.0,0.0,0.0,0.0,0.0,0.0,0.0,0.0,0.2,0.1,1.0,1.0,U2703,768
,0.0,0.0,0.0,0.0,0.0,0.0,0.0,0.0,0.04,0.02,1.0,1.0,U53269,768
,0.0,0.0,0.0,0.0,0.0,0.0,0.0,0.0,0.12,0.09,1.0,1.0,U60363,768
,0.0,0.0,0.0,0.0,0.0,0.0,0.0,0.0,0.02,0.04,1.0,1.0,U82088,768
,0.0,0.0,0.0,0.0,0.0,0.0,0.0,0.0,0.14,0.08,1.0,1.0,U44911,768
,0.0,0.0,0.0,0.0,0.0,0.0,0.0,0.0,0.12,0.09,1.0,1.0,U85541,768
,0.0,0.0,0.0,0.0,0.0,0.0,0.0,0.0,0.14,0.12,1.0,1.0,U54576,768
,0.0,0.0,0.0,0.0,0.0,0.0,0.0,0.0,0.18,0.1,1.0,1.0,U18315,768
,0.0,0.0,0.0,0.0,0.0,0.0,0.0,0.0,0.12,0.09,1.0,1.0,U71912,768
,0.0,0.0,0.0,0.0,0.0,0.0,0.0,0.0,0.14,0.09,1.0,1.0,U53205,768
,0.0,0.0,0.0,0.0,0.0,0.0,0.0,0.0,0.04,0.04,1.0,1.0,U66377,768
,0.0,0.0,0.0,0.0,0.0,0.0,0.0,0.0,0.12,0.09,1.0,1.0,U79149,768
0.6085858585858586,0.014925373134328358,0.0,0.0,0.0,0.0,0.0,1.0,1.0,0.16,0.1,1.0,1.0,U45915,768
,0.0,0.0,0.0,0.0,0.0,0.0,0.0,0.0,0.08,0.07,1.0,1.0,U58051,768
,0.0,0.0,0.0,0.0,0.0,0.0,0.0,0.0,0.2,0.12,1.0,1.0,U67762,768
,0.0,0.0,0.0,0.0,0.0,0.0,0.0,0.0,0.18,0.11,1.0,1.0,U15359,768
,0.0,0.0,0.0,0.0,0.0,0.0,0.0,0.0,0.02,0.03,1.0,1.0,U10979,768
,0.0,0.0,0.0,0.0,0.0,0.0,0.0,0.0,0.04,0.02,1.0,1.0,U89254,768
,0.0,0.0,0.0,0.0,0.0,0.0,0.0,0.0,0.16,0.09,1.0,1.0,U19396,768
,0.0,0.0,0.0,0.0,0.0,0.0,0.0,0.0,0.16,0.09,1.0,1.0,U85033,768
,0.0,0.0,0.0,0.0,0.0,0.0,0.0,0.0,0.06,0.04,1.0,1.0,U89845,768
,0.0,0.0,0.0,0.0,0.0,0.0,0.0,0.0,0.2,0.12,1.0,1.0,U56774,0
,0.0,0.0,0.0,0.0,0.0,0.0,0.0,0.0,0.14,0.08,1.0,1.0,U29860,768
,0.0,0.0,0.0,0.0,0.0,0.0,0.0,0.0,0.16,0.11,1.0,1.0,U82064,768
,0.0,0.0,0.0,0.0,0.0,0.0,0.0,0.0,0.16,0.13,1.0,1.0,U64871,768
,0.0,0.0,0.0,0.0,0.0,0.0,0.0,0.0,0.12,0.12,1.0,1.0,U55657,768
,0.0,0.0,0.0,0.0,0.0,0.0,0.0,0.0,0.16,0.1,1.0,1.0,U26142,768
,0.0,0.0,0.0,0.0,0.0,0.0,0.0,0.0,0.16,0.09,1.0,1.0,U82172,768
,0.0,0.0,0.0,0.0,0.0,0.0,0.0,0.0,0.1,0.07,1.0,1.0,U4927,768
,0.0,0.0,0.0,0.0,0.0,0.0,0.0,0.0,0.22,0.12,1.0,1.0,U90591,768
,0.0,0.0,0.0,0.0,0.0,0.0,0.0,0.0,0.18,0.12,1.0,1.0,U3118,768
,0.0,0.0,0.0,0.0,0.0,0.0,0.0,0.0,0.2,0.11,1.0,1.0,U38121,768
,0.0,0.0,0.0,0.0,0.0,0.0,0.0,0.0,0.2,0.11,1.0,1.0,U92353,768
,0.0,0.0,0.0,0.0,0.0,0.0,0.0,0.0,0.1,0.06,1.0,1.0,U43325,768
,0.0,0.0,0.0,0.0,0.0,0.0,0.0,0.0,0.1,0.05,1.0,1.0,U41637,768
,0.0,0.0,0.0,0.0,0.0,0.0,0.0,0.0,0.12,0.1,1.0,1.0,U47631,768
,0.0,0.0,0.0,0.0,0.0,0.0,0.0,0.0,0.16,0.1,1.0,1.0,U72615,768
,0.0,0.0,0.0,0.0,0.0,0.0,0.0,0.0,0.22,0.12,1.0,1.0,U10191,768
,0.0,0.0,0.0,0.0,0.0,0.0,0.0,0.0,0.2,0.11,1.0,1.0,U91871,768
,0.0,0.0,0.0,0.0,0.0,0.0,0.0,0.0,0.06,0.04,1.0,1.0,U65260,768
,0.0,0.0,0.0,0.0,0.0,0.0,0.0,0.0,0.2,0.11,1.0,1.0,U22115,768
,0.0,0.0,0.0,0.0,0.0,0.0,0.0,0.0,0.1,0.08,1.0,1.0,U73418,768
,0.0,0.0,0.0,0.0,0.0,0.0,0.0,0.0,0.06,0.05,1.0,1.0,U13061,768
0.592964824120603,0.012195121951219513,0.0,0.0,0.0,0.0,0.0,0.5,0.5,0.2,0.12,1.0,1.0,U10524,768
,0.0,0.0,0.0,0.0,0.0,0.0,0.0,0.0,0.16,0.11,1.0,1.0,U32847,768
,0.0,0.0,0.0,0.0,0.0,0.0,0.0,0.0,0.12,0.1,1.0,1.0,U52392,768
,0.0,0.0,0.0,0.0,0.0,0.0,0.0,0.0,0.16,0.12,1.0,1.0,U68024,768
,0.0,0.0,0.0,0.0,0.0,0.0,0.0,0.0,0.1,0.09,1.0,1.0,U40132,768
,0.0,0.0,0.0,0.0,0.0,0.0,0.0,0.0,0.14,0.11,1.0,1.0,U71736,768
,0.0,0.0,0.0,0.0,0.0,0.0,0.0,0.0,0.24,0.14,1.0,1.0,U57099,0
,0.0,0.0,0.0,0.0,0.0,0.0,0.0,0.0,0.2,0.1,1.0,1.0,U23414,768
,0.0,0.0,0.0,0.0,0.0,0.0,0.0,0.0,0.1,0.05,1.0,1.0,U67001,768
,0.0,0.0,0.0,0.0,0.0,0.0,0.0,0.0,0.08,0.04,1.0,1.0,U60691,768
,0.0,0.0,0.0,0.0,0.0,0.0,0.0,0.0,0.2,0.11,1.0,1.0,U22199,768
,0.0,0.0,0.0,0.0,0.0,0.0,0.0,0.0,0.14,0.08,1.0,1.0,U32337,768
,0.0,0.0,0.0,0.0,0.0,0.0,0.0,0.0,0.18,0.11,1.0,1.0,U46279,768
,0.0,0.0,0.0,0.0,0.0,0.0,0.0,0.0,0.12,0.07,1.0,1.0,U11165,768
,0.0,0.0,0.0,0.0,0.0,0.0,0.0,0.0,0.18,0.12,1.0,1.0,U79007,768
,0.0,0.0,0.0,0.0,0.0,0.0,0.0,0.0,0.18,0.11,1.0,1.0,U29532,768
,0.0,0.0,0.0,0.0,0.0,0.0,0.0,0.0,0.18,0.1,1.0,1.0,U17127,768
,0.0,0.0,0.0,0.0,0.0,0.0,0.0,0.0,0.06,0.04,1.0,1.0,U34675,768
,0.0,0.0,0.0,0.0,0.0,0.0,0.0,0.0,0.18,0.12,1.0,1.0,U35581,768
,0.0,0.0,0.0,0.0,0.0,0.0,0.0,0.0,0.22,0.12,1.0,1.0,U6262,0
,0.0,0.0,0.0,0.0,0.0,0.0,0.0,0.0,0.12,0.08,1.0,1.0,U91198,768
,0.0,0.0,0.0,0.0,0.0,0.0,0.0,0.0,0.12,0.1,1.0,1.0,U77737,768
,0.0,0.0,0.0,0.0,0.0,0.0,0.0,0.0,0.08,0.08,1.0,1.0,U67943,768
,0.0,0.0,0.0,0.0,0.0,0.0,0.0,0.0,0.12,0.06,1.0,1.0,U64656,768
,0.0,0.0,0.0,0.0,0.0,0.0,0.0,0.0,0.06,0.06,1.0,1.0,U52871,768
,0.0,0.0,0.0,0.0,0.0,0.0,0.0,0.0,0.06,0.03,1.0,1.0,U28533,768
,0.0,0.0,0.0,0.0,0.0,0.0,0.0,0.0,0.16,0.12,1.0,1.0,U32886,768
0.9899497487437185,0.3333333333333333,0.5,0.5,1.0,1.0,1.0,1.0,1.0,0.22,0.12,1.0,1.0,U83523,768
,0.0,0.0,0.0,0.0,0.0,0.0,0.0,0.0,0.16,0.09,1.0,1.0,U10909,768
,0.0,0.0,0.0,0.0,0.0,0.0,0.0,0.0,0.14,0.1,1.0,1.0,U4650,768
,0.0,0.0,0.0,0.0,0.0,0.0,0.0,0.0,0.14,0.1,1.0,1.0,U6118,768
,0.0,0.0,0.0,0.0,0.0,0.0,0.0,0.0,0.22,0.13,1.0,1.0,U78954,768
,0.0,0.0,0.0,0.0,0.0,0.0,0.0,0.0,0.2,0.11,1.0,1.0,U5247,768
,0.0,0.0,0.0,0.0,0.0,0.0,0.0,0.0,0.22,0.13,1.0,1.0,U87794,768
,0.0,0.0,0.0,0.0,0.0,0.0,0.0,0.0,0.08,0.05,1.0,1.0,U31404,768
,0.0,0.0,0.0,0.0,0.0,0.0,0.0,0.0,0.22,0.13,1.0,1.0,U72347,768
,0.0,0.0,0.0,0.0,0.0,0.0,0.0,0.0,0.12,0.1,1.0,1.0,U54832,768
,0.0,0.0,0.0,0.0,0.0,0.0,0.0,0.0,0.04,0.02,1.0,1.0,U31852,768
,0.0,0.0,0.0,0.0,0.0,0.0,0.0,0.0,0.18,0.11,1.0,1.0,U89416,768
,0.0,0.0,0.0,0.0,0.0,0.0,0.0,0.0,0.18,0.1,1.0,1.0,U93049,768
,0.0,0.0,0.0,0.0,0.0,0.0,0.0,0.0,0.14,0.08,1.0,1.0,U67654,768
,0.0,0.0,0.0,0.0,0.0,0.0,0.0,0.0,0.16,0.1,1.0,1.0,U72944,768
,0.0,0.0,0.0,0.0,0.0,0.0,0.0,0.0,0.16,0.09,1.0,1.0,U59152,768
,0.0,0.0,0.0,0.0,0.0,0.0,0.0,0.0,0.04,0.03,1.0,1.0,U61222,768
,0.0,0.0,0.0,0.0,0.0,0.0,0.0,0.0,0.18,0.11,1.0,1.0,U12023,768
,0.0,0.0,0.0,0.0,0.0,0.0,0.0,0.0,0.2,0.11,1.0,1.0,U82122,768
,0.0,0.0,0.0,0.0,0.0,0.0,0.0,0.0,0.18,0.1,1.0,1.0,U37892,768
,0.0,0.0,0.0,0.0,0.0,0.0,0.0,0.0,0.16,0.09,1.0,1.0,U53200,768
,0.0,0.0,0.0,0.0,0.0,0.0,0.0,0.0,0.12,0.09,1.0,1.0,U2334,768
,0.0,0.0,0.0,0.0,0.0,0.0,0.0,0.0,0.14,0.09,1.0,1.0,U79725,768
,0.0,0.0,0.0,0.0,0.0,0.0,0.0,0.0,0.14,0.14,1.0,1.0,U44625,768
,0.0,0.0,0.0,0.0,0.0,0.0,0.0,0.0,0.18,0.1,1.0,1.0,U24019,768
,0.0,0.0,0.0,0.0,0.0,0.0,0.0,0.0,0.16,0.12,1.0,1.0,U60876,768
,0.0,0.0,0.0,0.0,0.0,0.0,0.0,0.0,0.24,0.14,1.0,1.0,U54203,0
,0.0,0.0,0.0,0.0,0.0,0.0,0.0,0.0,0.12,0.09,1.0,1.0,U47319,768
0.7236180904522613,0.017857142857142856,0.0,0.0,0.0,0.0,0.0,1.0,1.0,0.18,0.1,1.0,1.0,U56937,768
,0.0,0.0,0.0,0.0,0.0,0.0,0.0,0.0,0.16,0.1,1.0,1.0,U81334,768
0.6331658291457286,0.013513513513513514,0.0,0.0,0.0,0.0,0.0,0.2,0.2,0.2,0.1,1.0,1.0,U4234,768
,0.0,0.0,0.0,0.0,0.0,0.0,0.0,0.0,0.2,0.13,1.0,1.0,U19299,0
,0.0,0.0,0.0,0.0,0.0,0.0,0.0,0.0,0.14,0.11,1.0,1.0,U89951,768
,0.0,0.0,0.0,0.0,0.0,0.0,0.0,0.0,0.16,0.11,1.0,1.0,U84613,768
,0.0,0.0,0.0,0.0,0.0,0.0,0.0,0.0,0.2,0.13,1.0,1.0,U7197,768
,0.0,0.0,0.0,0.0,0.0,0.0,0.0,0.0,0.1,0.08,1.0,1.0,U52205,768
,0.0,0.0,0.0,0.0,0.0,0.0,0.0,0.0,0.14,0.08,1.0,1.0,U51652,768
,0.0,0.0,0.0,0.0,0.0,0.0,0.0,0.0,0.22,0.12,1.0,1.0,U51732,768
,0.0,0.0,0.0,0.0,0.0,0.0,0.0,0.0,0.16,0.1,1.0,1.0,U41110,768
,0.0,0.0,0.0,0.0,0.0,0.0,0.0,0.0,0.1,0.08,1.0,1.0,U56716,768
,0.0,0.0,0.0,0.0,0.0,0.0,0.0,0.0,0.04,0.02,1.0,1.0,U91467,768
,0.0,0.0,0.0,0.0,0.0,0.0,0.0,0.0,0.06,0.03,1.0,1.0,U85962,768
,0.0,0.0,0.0,0.0,0.0,0.0,0.0,0.0,0.18,0.12,1.0,1.0,U22283,0
,0.0,0.0,0.0,0.0,0.0,0.0,0.0,0.0,0.18,0.11,1.0,1.0,U16426,768
,0.0,0.0,0.0,0.0,0.0,0.0,0.0,0.0,0.16,0.11,1.0,1.0,U59339,768
,0.0,0.0,0.0,0.0,0.0,0.0,0.0,0.0,0.12,0.08,1.0,1.0,U59561,768
0.1507537688442211,0.0058823529411764705,0.0,0.0,0.0,0.0,0.0,0.0,0.5,0.2,0.12,1.0,1.0,U27815,768
,0.0,0.0,0.0,0.0,0.0,0.0,0.0,0.0,0.2,0.11,1.0,1.0,U20014,768
,0.0,0.0,0.0,0.0,0.0,0.0,0.0,0.0,0.16,0.08,1.0,1.0,U87740,768
,0.0,0.0,0.0,0.0,0.0,0.0,0.0,0.0,0.12,0.08,1.0,1.0,U63138,768
,0.0,0.0,0.0,0.0,0.0,0.0,0.0,0.0,0.16,0.09,1.0,1.0,U37099,768
,0.0,0.0,0.0,0.0,0.0,0.0,0.0,0.0,0.16,0.11,1.0,1.0,U24228,768
,0.0,0.0,0.0,0.0,0.0,0.0,0.0,0.0,0.14,0.1,1.0,1.0,U17664,768
,0.0,0.0,0.0,0.0,0.0,0.0,0.0,0.0,0.1,0.08,1.0,1.0,U88765,768
,0.0,0.0,0.0,0.0,0.0,0.0,0.0,0.0,0.14,0.11,1.0,1.0,U34456,768
,0.0,0.0,0.0,0.0,0.0,0.0,0.0,0.0,0.1,0.08,1.0,1.0,U1837,768
,0.0,0.0,0.0,0.0,0.0,0.0,0.0,0.0,0.16,0.1,1.0,1.0,U9603,768
,0.0,0.0,0.0,0.0,0.0,0.0,0.0,0.0,0.14,0.08,1.0,1.0,U72036,768
,0.0,0.0,0.0,0.0,0.0,0.0,0.0,0.0,0.1,0.06,1.0,1.0,U53907,768
,0.0,0.0,0.0,0.0,0.0,0.0,0.0,0.0,0.18,0.11,1.0,1.0,U36674,768
,0.0,0.0,0.0,0.0,0.0,0.0,0.0,0.0,0.22,0.13,1.0,1.0,U63902,0
,0.0,0.0,0.0,0.0,0.0,0.0,0.0,0.0,0.26,0.14,1.0,1.0,U56091,0
,0.0,0.0,0.0,0.0,0.0,0.0,0.0,0.0,0.12,0.09,1.0,1.0,U91800,768
,0.0,0.0,0.0,0.0,0.0,0.0,0.0,0.0,0.04,0.03,1.0,1.0,U51767,768
,0.0,0.0,0.0,0.0,0.0,0.0,0.0,0.0,0.12,0.09,1.0,1.0,U8255,768
,0.0,0.0,0.0,0.0,0.0,0.0,0.0,0.0,0.16,0.08,1.0,1.0,U40785,768
,0.0,0.0,0.0,0.0,0.0,0.0,0.0,0.0,0.2,0.11,1.0,1.0,U79818,768
,0.0,0.0,0.0,0.0,0.0,0.0,0.0,0.0,0.1,0.05,1.0,1.0,U78871,768
,0.0,0.0,0.0,0.0,0.0,0.0,0.0,0.0,0.2,0.12,1.0,1.0,U89684,768
,0.0,0.0,0.0,0.0,0.0,0.0,0.0,0.0,0.18,0.11,1.0,1.0,U37171,768
,0.0,0.0,0.0,0.0,0.0,0.0,0.0,0.0,0.1,0.07,1.0,1.0,U38046,768
0.6186868686868687,0.16666666666666666,0.0,0.3562071871080222,0.0,0.3333333333333333,0.3333333333333333,0.3333333333333333,0.6666666666666666,0.08,0.06,1.0,1.0,U73356,768
,0.0,0.0,0.0,0.0,0.0,0.0,0.0,0.0,0.06,0.06,1.0,1.0,U66081,768
,0.0,0.0,0.0,0.0,0.0,0.0,0.0,0.0,0.2,0.11,1.0,1.0,U72159,768
,0.0,0.0,0.0,0.0,0.0,0.0,0.0,0.0,0.08,0.06,1.0,1.0,U89396,768
,0.0,0.0,0.0,0.0,0.0,0.0,0.0,0.0,0.18,0.11,1.0,1.0,U63115,768
,0.0,0.0,0.0,0.0,0.0,0.0,0.0,0.0,0.16,0.08,1.0,1.0,U64601,768
,0.0,0.0,0.0,0.0,0.0,0.0,0.0,0.0,0.12,0.09,1.0,1.0,U26885,768
,0.0,0.0,0.0,0.0,0.0,0.0,0.0,0.0,0.16,0.1,1.0,1.0,U32245,768
,0.0,0.0,0.0,0.0,0.0,0.0,0.0,0.0,0.06,0.03,1.0,1.0,U82858,768
,0.0,0.0,0.0,0.0,0.0,0.0,0.0,0.0,0.12,0.09,1.0,1.0,U55699,768
,0.0,0.0,0.0,0.0,0.0,0.0,0.0,0.0,0.14,0.08,1.0,1.0,U61881,768
,0.0,0.0,0.0,0.0,0.0,0.0,0.0,0.0,0.16,0.11,1.0,1.0,U32917,768
,0.0,0.0,0.0,0.0,0.0,0.0,0.0,0.0,0.04,0.03,1.0,1.0,U28313,768
,0.0,0.0,0.0,0.0,0.0,0.0,0.0,0.0,0.02,0.04,1.0,1.0,U70400,768
,0.0,0.0,0.0,0.0,0.0,0.0,0.0,0.0,0.16,0.12,1.0,1.0,U2505,768
,0.0,0.0,0.0,0.0,0.0,0.0,0.0,0.0,0.22,0.12,1.0,1.0,U112,768
,0.0,0.0,0.0,0.0,0.0,0.0,0.0,0.0,0.04,0.04,1.0,1.0,U82156,768
,0.0,0.0,0.0,0.0,0.0,0.0,0.0,0.0,0.2,0.13,1.0,1.0,U24225,768
,0.0,0.0,0.0,0.0,0.0,0.0,0.0,0.0,0.18,0.12,1.0,1.0,U62076,768
,0.0,0.0,0.0,0.0,0.0,0.0,0.0,0.0,0.16,0.11,1.0,1.0,U91910,768
,0.0,0.0,0.0,0.0,0.0,0.0,0.0,0.0,0.16,0.11,1.0,1.0,U63195,768
,0.0,0.0,0.0,0.0,0.0,0.0,0.0,0.0,0.2,0.12,1.0,1.0,U53631,768
,0.0,0.0,0.0,0.0,0.0,0.0,0.0,0.0,0.18,0.1,1.0,1.0,U61244,768
,0.0,0.0,0.0,0.0,0.0,0.0,0.0,0.0,0.2,0.12,1.0,1.0,U86937,768
,0.0,0.0,0.0,0.0,0.0,0.0,0.0,0.0,0.18,0.12,1.0,1.0,U15767,768
,0.0,0.0,0.0,0.0,0.0,0.0,0.0,0.0,0.1,0.09,1.0,1.0,U83535,768
,0.0,0.0,0.0,0.0,0.0,0.0,0.0,0.0,0.16,0.09,1.0,1.0,U24036,768
,0.0,0.0,0.0,0.0,0.0,0.0,0.0,0.0,0.1,0.09,1.0,1.0,U63784,768
,0.0,0.0,0.0,0.0,0.0,0.0,0.0,0.0,0.22,0.13,1.0,1.0,U56664,768
,0.0,0.0,0.0,0.0,0.0,0.0,0.0,0.0,0.04,0.04,1.0,1.0,U77590,768
,0.0,0.0,0.0,0.0,0.0,0.0,0.0,0.0,0.16,0.1,1.0,1.0,U39987,768
,0.0,0.0,0.0,0.0,0.0,0.0,0.0,0.0,0.16,0.11,1.0,1.0,U21081,768
,0.0,0.0,0.0,0.0,0.0,0.0,0.0,0.0,0.14,0.09,1.0,1.0,U78685,768
,0.0,0.0,0.0,0.0,0.0,0.0,0.0,0.0,0.22,0.12,1.0,1.0,U85725,768
,0.0,0.0,0.0,0.0,0.0,0.0,0.0,0.0,0.18,0.11,1.0,1.0,U91912,768
,0.0,0.0,0.0,0.0,0.0,0.0,0.0,0.0,0.2,0.12,1.0,1.0,U16577,768
,0.0,0.0,0.0,0.0,0.0,0.0,0.0,0.0,0.24,0.13,1.0,1.0,U90740,0
,0.0,0.0,0.0,0.0,0.0,0.0,0.0,0.0,0.1,0.09,1.0,1.0,U45853,768
,0.0,0.0,0.0,0.0,0.0,0.0,0.0,0.0,0.16,0.09,1.0,1.0,U51079,768
,0.0,0.0,0.0,0.0,0.0,0.0,0.0,0.0,0.06,0.03,1.0,1.0,U14918,768
,0.0,0.0,0.0,0.0,0.0,0.0,0.0,0.0,0.22,0.11,1.0,1.0,U46707,768
,0.0,0.0,0.0,0.0,0.0,0.0,0.0,0.0,0.04,0.03,1.0,1.0,U63064,768
,0.0,0.0,0.0,0.0,0.0,0.0,0.0,0.0,0.1,0.06,1.0,1.0,U91725,768
,0.0,0.0,0.0,0.0,0.0,0.0,0.0,0.0,0.18,0.09,1.0,1.0,U12851,768
,0.0,0.0,0.0,0.0,0.0,0.0,0.0,0.0,0.12,0.09,1.0,1.0,U12885,768
,0.0,0.0,0.0,0.0,0.0,0.0,0.0,0.0,0.16,0.11,1.0,1.0,U62898,768
,0.0,0.0,0.0,0.0,0.0,0.0,0.0,0.0,0.12,0.08,1.0,1.0,U20900,768
,0.0,0.0,0.0,0.0,0.0,0.0,0.0,0.0,0.16,0.11,1.0,1.0,U73166,768
,0.0,0.0,0.0,0.0,0.0,0.0,0.0,0.0,0.1,0.06,1.0,1.0,U25314,768
,0.0,0.0,0.0,0.0,0.0,0.0,0.0,0.0,0.22,0.11,1.0,1.0,U63132,768
,0.0,0.0,0.0,0.0,0.0,0.0,0.0,0.0,0.22,0.12,1.0,1.0,U13983,768
,0.0,0.0,0.0,0.0,0.0,0.0,0.0,0.0,0.14,0.1,1.0,1.0,U31630,768
,0.0,0.0,0.0,0.0,0.0,0.0,0.0,0.0,0.04,0.02,1.0,1.0,U71839,768
,0.0,0.0,0.0,0.0,0.0,0.0,0.0,0.0,0.12,0.09,1.0,1.0,U28922,768
,0.0,0.0,0.0,0.0,0.0,0.0,0.0,0.0,0.22,0.14,1.0,1.0,U47193,768
,0.0,0.0,0.0,0.0,0.0,0.0,0.0,0.0,0.16,0.09,1.0,1.0,U43804,768
,0.0,0.0,0.0,0.0,0.0,0.0,0.0,0.0,0.14,0.11,1.0,1.0,U35301,768
,0.0,0.0,0.0,0.0,0.0,0.0,0.0,0.0,0.12,0.1,1.0,1.0,U1553,768
,0.0,0.0,0.0,0.0,0.0,0.0,0.0,0.0,0.14,0.1,1.0,1.0,U91794,768
,0.0,0.0,0.0,0.0,0.0,0.0,0.0,0.0,0.12,0.09,1.0,1.0,U82016,768
,0.0,0.0,0.0,0.0,0.0,0.0,0.0,0.0,0.04,0.04,1.0,1.0,U83749,768
,0.0,0.0,0.0,0.0,0.0,0.0,0.0,0.0,0.18,0.13,1.0,1.0,U64565,768
,0.0,0.0,0.0,0.0,0.0,0.0,0.0,0.0,0.12,0.08,1.0,1.0,U39449,768
,0.0,0.0,0.0,0.0,0.0,0.0,0.0,0.0,0.18,0.12,1.0,1.0,U5149,768
,0.0,0.0,0.0,0.0,0.0,0.0,0.0,0.0,0.06,0.05,1.0,1.0,U92424,768
,0.0,0.0,0.0,0.0,0.0,0.0,0.0,0.0,0.22,0.12,1.0,1.0,U38313,768
0.8140703517587939,0.02631578947368421,0.0,0.0,0.0,0.0,1.0,1.0,1.0,0.18,0.12,1.0,1.0,U93677,768
0.03015075376884422,0.005154639175257732,0.0,0.0,0.0,0.0,0.0,0.0,0.25,0.18,0.12,1.0,1.0,U75949,768
,0.0,0.0,0.0,0.0,0.0,0.0,0.0,0.0,0.2,0.1,1.0,1.0,U37794,768
1.0,1.0,1.0,1.0,1.0,1.0,1.0,1.0,1.0,0.18,0.11,1.0,1.0,U85340,768
,0.0,0.0,0.0,0.0,0.0,0.0,0.0,0.0,0.2,0.12,1.0,1.0,U46240,768
,0.0,0.0,0.0,0.0,0.0,0.0,0.0,0.0,0.14,0.09,1.0,1.0,U23676,768
,0.0,0.0,0.0,0.0,0.0,0.0,0.0,0.0,0.22,0.12,1.0,1.0,U8207,0
,0.0,0.0,0.0,0.0,0.0,0.0,0.0,0.0,0.16,0.13,1.0,1.0,U68639,768
,0.0,0.0,0.0,0.0,0.0,0.0,0.0,0.0,0.04,0.03,1.0,1.0,U5550,768
,0.0,0.0,0.0,0.0,0.0,0.0,0.0,0.0,0.16,0.09,1.0,1.0,U6860,768
,0.0,0.0,0.0,0.0,0.0,0.0,0.0,0.0,0.16,0.09,1.0,1.0,U48401,768
,0.0,0.0,0.0,0.0,0.0,0.0,0.0,0.0,0.18,0.09,1.0,1.0,U55478,768
,0.0,0.0,0.0,0.0,0.0,0.0,0.0,0.0,0.18,0.12,1.0,1.0,U84833,768
,0.0,0.0,0.0,0.0,0.0,0.0,0.0,0.0,0.04,0.02,1.0,1.0,U46179,768
0.3869346733668342,0.008130081300813009,0.0,0.0,0.0,0.0,0.0,0.0,0.3333333333333333,0.16,0.1,1.0,1.0,U87803,768
,0.0,0.0,0.0,0.0,0.0,0.0,0.0,0.0,0.14,0.09,1.0,1.0,U83487,768
,0.0,0.0,0.0,0.0,0.0,0.0,0.0,0.0,0.22,0.12,1.0,1.0,U2856,768
,0.0,0.0,0.0,0.0,0.0,0.0,0.0,0.0,0.18,0.11,1.0,1.0,U56382,768
,0.0,0.0,0.0,0.0,0.0,0.0,0.0,0.0,0.1,0.09,1.0,1.0,U82792,768
,0.0,0.0,0.0,0.0,0.0,0.0,0.0,0.0,0.2,0.11,1.0,1.0,U14496,768
,0.0,0.0,0.0,0.0,0.0,0.0,0.0,0.0,0.16,0.09,1.0,1.0,U85736,768
,0.0,0.0,0.0,0.0,0.0,0.0,0.0,0.0,0.14,0.08,1.0,1.0,U31206,768
,0.0,0.0,0.0,0.0,0.0,0.0,0.0,0.0,0.04,0.04,1.0,1.0,U26834,768
,0.0,0.0,0.0,0.0,0.0,0.0,0.0,0.0,0.12,0.09,1.0,1.0,U10185,768
,0.0,0.0,0.0,0.0,0.0,0.0,0.0,0.0,0.16,0.09,1.0,1.0,U10063,768
,0.0,0.0,0.0,0.0,0.0,0.0,0.0,0.0,0.04,0.02,1.0,1.0,U23978,768
,0.0,0.0,0.0,0.0,0.0,0.0,0.0,0.0,0.12,0.1,1.0,1.0,U85319,768
,0.0,0.0,0.0,0.0,0.0,0.0,0.0,0.0,0.14,0.08,1.0,1.0,U71285,768
,0.0,0.0,0.0,0.0,0.0,0.0,0.0,0.0,0.18,0.11,1.0,1.0,U79712,768
,0.0,0.0,0.0,0.0,0.0,0.0,0.0,0.0,0.16,0.09,1.0,1.0,U17402,768
,0.0,0.0,0.0,0.0,0.0,0.0,0.0,0.0,0.08,0.05,1.0,1.0,U10239,768
,0.0,0.0,0.0,0.0,0.0,0.0,0.0,0.0,0.16,0.13,1.0,1.0,U78579,768
0.1507537688442211,0.0058823529411764705,0.0,0.0,0.0,0.0,0.0,0.0,1.0,0.18,0.13,1.0,1.0,U47463,768
,0.0,0.0,0.0,0.0,0.0,0.0,0.0,0.0,0.12,0.08,1.0,1.0,U9671,768
,0.0,0.0,0.0,0.0,0.0,0.0,0.0,0.0,0.14,0.08,1.0,1.0,U64193,768
,0.0,0.0,0.0,0.0,0.0,0.0,0.0,0.0,0.16,0.11,1.0,1.0,U26390,768
,0.0,0.0,0.0,0.0,0.0,0.0,0.0,0.0,0.22,0.12,1.0,1.0,U16353,768
,0.0,0.0,0.0,0.0,0.0,0.0,0.0,0.0,0.1,0.06,1.0,1.0,U15053,768
,0.0,0.0,0.0,0.0,0.0,0.0,0.0,0.0,0.1,0.07,1.0,1.0,U33114,768
,0.0,0.0,0.0,0.0,0.0,0.0,0.0,0.0,0.18,0.09,1.0,1.0,U3344,768
,0.0,0.0,0.0,0.0,0.0,0.0,0.0,0.0,0.22,0.13,1.0,1.0,U66821,768
,0.0,0.0,0.0,0.0,0.0,0.0,0.0,0.0,0.18,0.1,1.0,1.0,U84284,768
,0.0,0.0,0.0,0.0,0.0,0.0,0.0,0.0,0.18,0.12,1.0,1.0,U8261,768
,0.0,0.0,0.0,0.0,0.0,0.0,0.0,0.0,0.06,0.04,1.0,1.0,U51475,768
,0.0,0.0,0.0,0.0,0.0,0.0,0.0,0.0,0.2,0.12,1.0,1.0,U89032,768
,0.0,0.0,0.0,0.0,0.0,0.0,0.0,0.0,0.14,0.09,1.0,1.0,U36368,768
,0.0,0.0,0.0,0.0,0.0,0.0,0.0,0.0,0.14,0.1,1.0,1.0,U49371,768
,0.0,0.0,0.0,0.0,0.0,0.0,0.0,0.0,0.14,0.07,1.0,1.0,U57003,768
,0.0,0.0,0.0,0.0,0.0,0.0,0.0,0.0,0.2,0.11,1.0,1.0,U82552,768
,0.0,0.0,0.0,0.0,0.0,0.0,0.0,0.0,0.14,0.1,1.0,1.0,U18878,768
,0.0,0.0,0.0,0.0,0.0,0.0,0.0,0.0,0.16,0.1,1.0,1.0,U48522,768
,0.0,0.0,0.0,0.0,0.0,0.0,0.0,0.0,0.16,0.09,1.0,1.0,U78327,768
,0.0,0.0,0.0,0.0,0.0,0.0,0.0,0.0,0.04,0.02,1.0,1.0,U58805,768
,0.0,0.0,0.0,0.0,0.0,0.0,0.0,0.0,0.12,0.1,1.0,1.0,U51931,768
,0.0,0.0,0.0,0.0,0.0,0.0,0.0,0.0,0.12,0.08,1.0,1.0,U24294,768
,0.0,0.0,0.0,0.0,0.0,0.0,0.0,0.0,0.12,0.09,1.0,1.0,U85645,768
,0.0,0.0,0.0,0.0,0.0,0.0,0.0,0.0,0.2,0.13,1.0,1.0,U8864,768
,0.0,0.0,0.0,0.0,0.0,0.0,0.0,0.0,0.18,0.11,1.0,1.0,U82323,768
,0.0,0.0,0.0,0.0,0.0,0.0,0.0,0.0,0.18,0.09,1.0,1.0,U53563,768
,0.0,0.0,0.0,0.0,0.0,0.0,0.0,0.0,0.16,0.13,1.0,1.0,U565,768
,0.0,0.0,0.0,0.0,0.0,0.0,0.0,0.0,0.12,0.07,1.0,1.0,U6268,768
,0.0,0.0,0.0,0.0,0.0,0.0,0.0,0.0,0.22,0.13,1.0,1.0,U30255,768
,0.0,0.0,0.0,0.0,0.0,0.0,0.0,0.0,0.04,0.02,1.0,1.0,U17913,768
,0.0,0.0,0.0,0.0,0.0,0.0,0.0,0.0,0.18,0.11,1.0,1.0,U5271,768
,0.0,0.0,0.0,0.0,0.0,0.0,0.0,0.0,0.16,0.14,1.0,1.0,U69821,768
,0.0,0.0,0.0,0.0,0.0,0.0,0.0,0.0,0.12,0.09,1.0,1.0,U41265,768
,0.0,0.0,0.0,0.0,0.0,0.0,0.0,0.0,0.08,0.07,1.0,1.0,U48083,768
,0.0,0.0,0.0,0.0,0.0,0.0,0.0,0.0,0.22,0.12,1.0,1.0,U41710,768
,0.0,0.0,0.0,0.0,0.0,0.0,0.0,0.0,0.18,0.1,1.0,1.0,U60003,768
,0.0,0.0,0.0,0.0,0.0,0.0,0.0,0.0,0.08,0.07,1.0,1.0,U44210,768
,0.0,0.0,0.0,0.0,0.0,0.0,0.0,0.0,0.22,0.11,1.0,1.0,U79813,768
,0.0,0.0,0.0,0.0,0.0,0.0,0.0,0.0,0.04,0.03,1.0,1.0,U51225,768
,0.0,0.0,0.0,0.0,0.0,0.0,0.0,0.0,0.12,0.1,1.0,1.0,U41121,768
,0.0,0.0,0.0,0.0,0.0,0.0,0.0,0.0,0.08,0.05,1.0,1.0,U89494,768
,0.0,0.0,0.0,0.0,0.0,0.0,0.0,0.0,0.18,0.13,1.0,1.0,U16120,0
,0.0,0.0,0.0,0.0,0.0,0.0,0.0,0.0,0.1,0.06,1.0,1.0,U88759,768
,0.0,0.0,0.0,0.0,0.0,0.0,0.0,0.0,0.08,0.06,1.0,1.0,U89368,768
,0.0,0.0,0.0,0.0,0.0,0.0,0.0,0.0,0.14,0.11,1.0,1.0,U23062,768
,0.0,0.0,0.0,0.0,0.0,0.0,0.0,0.0,0.16,0.09,1.0,1.0,U5500,768
,0.0,0.0,0.0,0.0,0.0,0.0,0.0,0.0,0.08,0.05,1.0,1.0,U13986,768
,0.0,0.0,0.0,0.0,0.0,0.0,0.0,0.0,0.12,0.09,1.0,1.0,U7991,768
,0.0,0.0,0.0,0.0,0.0,0.0,0.0,0.0,0.2,0.12,1.0,1.0,U26393,768
,0.0,0.0,0.0,0.0,0.0,0.0,0.0,0.0,0.14,0.11,1.0,1.0,U18945,768
,0.0,0.0,0.0,0.0,0.0,0.0,0.0,0.0,0.1,0.07,1.0,1.0,U49785,768
,0.0,0.0,0.0,0.0,0.0,0.0,0.0,0.0,0.18,0.11,1.0,1.0,U24392,768
,0.0,0.0,0.0,0.0,0.0,0.0,0.0,0.0,0.16,0.11,1.0,1.0,U19911,768
,0.0,0.0,0.0,0.0,0.0,0.0,0.0,0.0,0.16,0.09,1.0,1.0,U61158,768
,0.0,0.0,0.0,0.0,0.0,0.0,0.0,0.0,0.16,0.11,1.0,1.0,U35465,768
,0.0,0.0,0.0,0.0,0.0,0.0,0.0,0.0,0.14,0.1,1.0,1.0,U43391,768
,0.0,0.0,0.0,0.0,0.0,0.0,0.0,0.0,0.12,0.07,1.0,1.0,U45633,768
,0.0,0.0,0.0,0.0,0.0,0.0,0.0,0.0,0.22,0.12,1.0,1.0,U69528,768
,0.0,0.0,0.0,0.0,0.0,0.0,0.0,0.0,0.04,0.05,1.0,1.0,U73235,768
,0.0,0.0,0.0,0.0,0.0,0.0,0.0,0.0,0.08,0.07,1.0,1.0,U48107,768
,0.0,0.0,0.0,0.0,0.0,0.0,0.0,0.0,0.14,0.09,1.0,1.0,U90850,768
,0.0,0.0,0.0,0.0,0.0,0.0,0.0,0.0,0.06,0.03,1.0,1.0,U751,768
,0.0,0.0,0.0,0.0,0.0,0.0,0.0,0.0,0.08,0.07,1.0,1.0,U65056,768
,0.0,0.0,0.0,0.0,0.0,0.0,0.0,0.0,0.16,0.1,1.0,1.0,U66886,768
,0.0,0.0,0.0,0.0,0.0,0.0,0.0,0.0,0.16,0.1,1.0,1.0,U12032,768
,0.0,0.0,0.0,0.0,0.0,0.0,0.0,0.0,0.08,0.07,1.0,1.0,U35418,768
,0.0,0.0,0.0,0.0,0.0,0.0,0.0,0.0,0.2,0.12,1.0,1.0,U54894,768
,0.0,0.0,0.0,0.0,0.0,0.0,0.0,0.0,0.18,0.13,1.0,1.0,U65267,768
,0.0,0.0,0.0,0.0,0.0,0.0,0.0,0.0,0.16,0.1,1.0,1.0,U129,768
,0.0,0.0,0.0,0.0,0.0,0.0,0.0,0.0,0.2,0.11,1.0,1.0,U22920,768
,0.0,0.0,0.0,0.0,0.0,0.0,0.0,0.0,0.08,0.07,1.0,1.0,U93122,768
,0.0,0.0,0.0,0.0,0.0,0.0,0.0,0.0,0.14,0.08,1.0,1.0,U8095,768
0.9195979899497487,0.058823529411764705,0.0,0.0,0.0,0.0,1.0,1.0,1.0,0.14,0.11,1.0,1.0,U35916,768
,0.0,0.0,0.0,0.0,0.0,0.0,0.0,0.0,0.06,0.03,1.0,1.0,U31156,768
,0.0,0.0,0.0,0.0,0.0,0.0,0.0,0.0,0.2,0.12,1.0,1.0,U86508,768
,0.0,0.0,0.0,0.0,0.0,0.0,0.0,0.0,0.16,0.09,1.0,1.0,U42448,768
,0.0,0.0,0.0,0.0,0.0,0.0,0.0,0.0,0.14,0.09,1.0,1.0,U88637,768
,0.0,0.0,0.0,0.0,0.0,0.0,0.0,0.0,0.08,0.06,1.0,1.0,U14416,768
,0.0,0.0,0.0,0.0,0.0,0.0,0.0,0.0,0.22,0.12,1.0,1.0,U61032,0
,0.0,0.0,0.0,0.0,0.0,0.0,0.0,0.0,0.18,0.1,1.0,1.0,U80320,768
,0.0,0.0,0.0,0.0,0.0,0.0,0.0,0.0,0.04,0.03,1.0,1.0,U35932,768
,0.0,0.0,0.0,0.0,0.0,0.0,0.0,0.0,0.18,0.12,1.0,1.0,U23045,768
,0.0,0.0,0.0,0.0,0.0,0.0,0.0,0.0,0.06,0.05,1.0,1.0,U23628,768
,0.0,0.0,0.0,0.0,0.0,0.0,0.0,0.0,0.24,0.12,1.0,1.0,U85195,0
,0.0,0.0,0.0,0.0,0.0,0.0,0.0,0.0,0.04,0.02,1.0,1.0,U73866,768
,0.0,0.0,0.0,0.0,0.0,0.0,0.0,0.0,0.2,0.11,1.0,1.0,U5214,768
,0.0,0.0,0.0,0.0,0.0,0.0,0.0,0.0,0.1,0.08,1.0,1.0,U29057,768
,0.0,0.0,0.0,0.0,0.0,0.0,0.0,0.0,0.02,0.01,1.0,1.0,U60717,768
,0.0,0.0,0.0,0.0,0.0,0.0,0.0,0.0,0.18,0.09,1.0,1.0,U46333,768
,0.0,0.0,0.0,0.0,0.0,0.0,0.0,0.0,0.12,0.1,1.0,1.0,U68461,768
,0.0,0.0,0.0,0.0,0.0,0.0,0.0,0.0,0.12,0.11,1.0,1.0,U19407,768
,0.0,0.0,0.0,0.0,0.0,0.0,0.0,0.0,0.16,0.1,1.0,1.0,U15128,768
,0.0,0.0,0.0,0.0,0.0,0.0,0.0,0.0,0.16,0.1,1.0,1.0,U17217,768
,0.0,0.0,0.0,0.0,0.0,0.0,0.0,0.0,0.04,0.03,1.0,1.0,U3317,768
,0.0,0.0,0.0,0.0,0.0,0.0,0.0,0.0,0.18,0.12,1.0,1.0,U68905,768
,0.0,0.0,0.0,0.0,0.0,0.0,0.0,0.0,0.02,0.01,1.0,1.0,U62405,768
,0.0,0.0,0.0,0.0,0.0,0.0,0.0,0.0,0.14,0.11,1.0,1.0,U47177,768
,0.0,0.0,0.0,0.0,0.0,0.0,0.0,0.0,0.08,0.04,1.0,1.0,U56376,768
,0.0,0.0,0.0,0.0,0.0,0.0,0.0,0.0,0.2,0.12,1.0,1.0,U52584,768
,0.0,0.0,0.0,0.0,0.0,0.0,0.0,0.0,0.18,0.09,1.0,1.0,U54478,768
,0.0,0.0,0.0,0.0,0.0,0.0,0.0,0.0,0.1,0.07,1.0,1.0,U80971,768
,0.0,0.0,0.0,0.0,0.0,0.0,0.0,0.0,0.16,0.11,1.0,1.0,U82812,768
,0.0,0.0,0.0,0.0,0.0,0.0,0.0,0.0,0.16,0.11,1.0,1.0,U62605,768
,0.0,0.0,0.0,0.0,0.0,0.0,0.0,0.0,0.06,0.05,1.0,1.0,U51287,768
,0.0,0.0,0.0,0.0,0.0,0.0,0.0,0.0,0.04,0.03,1.0,1.0,U15612,768
,0.0,0.0,0.0,0.0,0.0,0.0,0.0,0.0,0.2,0.12,1.0,1.0,U31422,768
,0.0,0.0,0.0,0.0,0.0,0.0,0.0,0.0,0.2,0.11,1.0,1.0,U40454,768
,0.0,0.0,0.0,0.0,0.0,0.0,0.0,0.0,0.18,0.11,1.0,1.0,U60133,768
,0.0,0.0,0.0,0.0,0.0,0.0,0.0,0.0,0.2,0.14,1.0,1.0,U43332,768
0.8844221105527639,0.041666666666666664,0.0,0.0,0.0,0.0,0.5,0.5,0.5,0.1,0.06,1.0,1.0,U63584,768
,0.0,0.0,0.0,0.0,0.0,0.0,0.0,0.0,0.22,0.12,1.0,1.0,U58706,768
,0.0,0.0,0.0,0.0,0.0,0.0,0.0,0.0,0.1,0.05,1.0,1.0,U52195,768
,0.0,0.0,0.0,0.0,0.0,0.0,0.0,0.0,0.2,0.11,1.0,1.0,U17776,768
0.2864321608040201,0.006993006993006993,0.0,0.0,0.0,0.0,0.0,0.0,1.0,0.2,0.11,1.0,1.0,U89084,768
,0.0,0.0,0.0,0.0,0.0,0.0,0.0,0.0,0.18,0.11,1.0,1.0,U79552,768
,0.0,0.0,0.0,0.0,0.0,0.0,0.0,0.0,0.14,0.09,1.0,1.0,U30403,768
,0.0,0.0,0.0,0.0,0.0,0.0,0.0,0.0,0.04,0.02,1.0,1.0,U50327,768
,0.0,0.0,0.0,0.0,0.0,0.0,0.0,0.0,0.08,0.06,1.0,1.0,U76303,768
,0.0,0.0,0.0,0.0,0.0,0.0,0.0,0.0,0.18,0.11,1.0,1.0,U76946,768
,0.0,0.0,0.0,0.0,0.0,0.0,0.0,0.0,0.06,0.03,1.0,1.0,U21037,768
,0.0,0.0,0.0,0.0,0.0,0.0,0.0,0.0,0.1,0.09,1.0,1.0,U71539,768
,0.0,0.0,0.0,0.0,0.0,0.0,0.0,0.0,0.04,0.03,1.0,1.0,U91179,768
,0.0,0.0,0.0,0.0,0.0,0.0,0.0,0.0,0.14,0.08,1.0,1.0,U9617,768
,0.0,0.0,0.0,0.0,0.0,0.0,0.0,0.0,0.18,0.12,1.0,1.0,U17889,768
,0.0,0.0,0.0,0.0,0.0,0.0,0.0,0.0,0.22,0.11,1.0,1.0,U81634,768
,0.0,0.0,0.0,0.0,0.0,0.0,0.0,0.0,0.22,0.13,1.0,1.0,U39402,0
,0.0,0.0,0.0,0.0,0.0,0.0,0.0,0.0,0.18,0.12,1.0,1.0,U45533,768
,0.0,0.0,0.0,0.0,0.0,0.0,0.0,0.0,0.14,0.08,1.0,1.0,U79441,768
,0.0,0.0,0.0,0.0,0.0,0.0,0.0,0.0,0.2,0.1,1.0,1.0,U68897,768
,0.0,0.0,0.0,0.0,0.0,0.0,0.0,0.0,0.16,0.11,1.0,1.0,U12091,768
,0.0,0.0,0.0,0.0,0.0,0.0,0.0,0.0,0.02,0.02,1.0,1.0,U38611,768
,0.0,0.0,0.0,0.0,0.0,0.0,0.0,0.0,0.18,0.1,1.0,1.0,U39670,768
,0.0,0.0,0.0,0.0,0.0,0.0,0.0,0.0,0.14,0.09,1.0,1.0,U15624,768
,0.0,0.0,0.0,0.0,0.0,0.0,0.0,0.0,0.1,0.06,1.0,1.0,U39986,768
,0.0,0.0,0.0,0.0,0.0,0.0,0.0,0.0,0.16,0.12,1.0,1.0,U23942,768
,0.0,0.0,0.0,0.0,0.0,0.0,0.0,0.0,0.04,0.04,1.0,1.0,U28965,768
,0.0,0.0,0.0,0.0,0.0,0.0,0.0,0.0,0.14,0.11,1.0,1.0,U1621,768
,0.0,0.0,0.0,0.0,0.0,0.0,0.0,0.0,0.18,0.1,1.0,1.0,U65910,768
,0.0,0.0,0.0,0.0,0.0,0.0,0.0,0.0,0.18,0.09,1.0,1.0,U2061,768
,0.0,0.0,0.0,0.0,0.0,0.0,0.0,0.0,0.18,0.11,1.0,1.0,U42259,768
,0.0,0.0,0.0,0.0,0.0,0.0,0.0,0.0,0.16,0.1,1.0,1.0,U63537,768
,0.0,0.0,0.0,0.0,0.0,0.0,0.0,0.0,0.1,0.08,1.0,1.0,U88152,768
0.33668341708542715,0.007518796992481203,0.0,0.0,0.0,0.0,0.0,0.0,1.0,0.02,0.02,1.0,1.0,U78514,768
,0.0,0.0,0.0,0.0,0.0,0.0,0.0,0.0,0.12,0.08,1.0,1.0,U38143,768
,0.0,0.0,0.0,0.0,0.0,0.0,0.0,0.0,0.22,0.12,1.0,1.0,U57719,768
,0.0,0.0,0.0,0.0,0.0,0.0,0.0,0.0,0.14,0.09,1.0,1.0,U73727,768
,0.0,0.0,0.0,0.0,0.0,0.0,0.0,0.0,0.1,0.07,1.0,1.0,U22214,768
,0.0,0.0,0.0,0.0,0.0,0.0,0.0,0.0,0.12,0.1,1.0,1.0,U51779,768
,0.0,0.0,0.0,0.0,0.0,0.0,0.0,0.0,0.22,0.12,1.0,1.0,U38290,0
,0.0,0.0,0.0,0.0,0.0,0.0,0.0,0.0,0.18,0.1,1.0,1.0,U69987,768
,0.0,0.0,0.0,0.0,0.0,0.0,0.0,0.0,0.2,0.12,1.0,1.0,U54517,768
,0.0,0.0,0.0,0.0,0.0,0.0,0.0,0.0,0.18,0.11,1.0,1.0,U30632,768
,0.0,0.0,0.0,0.0,0.0,0.0,0.0,0.0,0.12,0.06,1.0,1.0,U28814,768
,0.0,0.0,0.0,0.0,0.0,0.0,0.0,0.0,0.14,0.1,1.0,1.0,U83616,768
,0.0,0.0,0.0,0.0,0.0,0.0,0.0,0.0,0.18,0.1,1.0,1.0,U3396,768
,0.0,0.0,0.0,0.0,0.0,0.0,0.0,0.0,0.14,0.08,1.0,1.0,U25849,768
,0.0,0.0,0.0,0.0,0.0,0.0,0.0,0.0,0.12,0.08,1.0,1.0,U31988,768
,0.0,0.0,0.0,0.0,0.0,0.0,0.0,0.0,0.16,0.09,1.0,1.0,U92379,768
,0.0,0.0,0.0,0.0,0.0,0.0,0.0,0.0,0.14,0.1,1.0,1.0,U52877,768
0.33668341708542715,0.007518796992481203,0.0,0.0,0.0,0.0,0.0,0.0,1.0,0.12,0.07,1.0,1.0,U67912,768
,0.0,0.0,0.0,0.0,0.0,0.0,0.0,0.0,0.18,0.11,1.0,1.0,U10306,768
,0.0,0.0,0.0,0.0,0.0,0.0,0.0,0.0,0.04,0.02,1.0,1.0,U67203,768
,0.0,0.0,0.0,0.0,0.0,0.0,0.0,0.0,0.1,0.06,1.0,1.0,U31871,768
,0.0,0.0,0.0,0.0,0.0,0.0,0.0,0.0,0.12,0.06,1.0,1.0,U73871,768
0.45226130653266333,0.00909090909090909,0.0,0.0,0.0,0.0,0.0,0.0,1.0,0.1,0.07,1.0,1.0,U78696,768
,0.0,0.0,0.0,0.0,0.0,0.0,0.0,0.0,0.06,0.04,1.0,1.0,U10855,768
,0.0,0.0,0.0,0.0,0.0,0.0,0.0,0.0,0.1,0.06,1.0,1.0,U33835,768
,0.0,0.0,0.0,0.0,0.0,0.0,0.0,0.0,0.22,0.12,1.0,1.0,U18324,768
,0.0,0.0,0.0,0.0,0.0,0.0,0.0,0.0,0.12,0.09,1.0,1.0,U4934,768
,0.0,0.0,0.0,0.0,0.0,0.0,0.0,0.0,0.22,0.11,1.0,1.0,U8283,768
,0.0,0.0,0.0,0.0,0.0,0.0,0.0,0.0,0.12,0.09,1.0,1.0,U31885,768
,0.0,0.0,0.0,0.0,0.0,0.0,0.0,0.0,0.04,0.02,1.0,1.0,U6179,768
,0.0,0.0,0.0,0.0,0.0,0.0,0.0,0.0,0.12,0.11,1.0,1.0,U75163,768
,0.0,0.0,0.0,0.0,0.0,0.0,0.0,0.0,0.14,0.1,1.0,1.0,U38041,768
,0.0,0.0,0.0,0.0,0.0,0.0,0.0,0.0,0.06,0.03,1.0,1.0,U34012,768
,0.0,0.0,0.0,0.0,0.0,0.0,0.0,0.0,0.18,0.12,1.0,1.0,U27453,768
,0.0,0.0,0.0,0.0,0.0,0.0,0.0,0.0,0.16,0.1,1.0,1.0,U25205,768
,0.0,0.0,0.0,0.0,0.0,0.0,0.0,0.0,0.16,0.1,1.0,1.0,U17447,768
,0.0,0.0,0.0,0.0,0.0,0.0,0.0,0.0,0.18,0.12,1.0,1.0,U62984,768
,0.0,0.0,0.0,0.0,0.0,0.0,0.0,0.0,0.02,0.01,1.0,1.0,U85131,768
,0.0,0.0,0.0,0.0,0.0,0.0,0.0,0.0,0.2,0.12,1.0,1.0,U50300,768
,0.0,0.0,0.0,0.0,0.0,0.0,0.0,0.0,0.22,0.13,1.0,1.0,U31965,0
,0.0,0.0,0.0,0.0,0.0,0.0,0.0,0.0,0.08,0.06,1.0,1.0,U90204,768
,0.0,0.0,0.0,0.0,0.0,0.0,0.0,0.0,0.1,0.07,1.0,1.0,U83240,768
,0.0,0.0,0.0,0.0,0.0,0.0,0.0,0.0,0.18,0.1,1.0,1.0,U79967,768
,0.0,0.0,0.0,0.0,0.0,0.0,0.0,0.0,0.18,0.11,1.0,1.0,U12732,768
,0.0,0.0,0.0,0.0,0.0,0.0,0.0,0.0,0.22,0.14,1.0,1.0,U88498,768
,0.0,0.0,0.0,0.0,0.0,0.0,0.0,0.0,0.1,0.08,1.0,1.0,U27457,768
,0.0,0.0,0.0,0.0,0.0,0.0,0.0,0.0,0.08,0.07,1.0,1.0,U58613,768
,0.0,0.0,0.0,0.0,0.0,0.0,0.0,0.0,0.16,0.09,1.0,1.0,U84058,768
,0.0,0.0,0.0,0.0,0.0,0.0,0.0,0.0,0.12,0.09,1.0,1.0,U56825,768
,0.0,0.0,0.0,0.0,0.0,0.0,0.0,0.0,0.02,0.02,1.0,1.0,U41262,768
,0.0,0.0,0.0,0.0,0.0,0.0,0.0,0.0,0.16,0.12,1.0,1.0,U6138,768
,0.0,0.0,0.0,0.0,0.0,0.0,0.0,0.0,0.1,0.07,1.0,1.0,U26162,768
,0.0,0.0,0.0,0.0,0.0,0.0,0.0,0.0,0.1,0.11,1.0,1.0,U28433,768
,0.0,0.0,0.0,0.0,0.0,0.0,0.0,0.0,0.16,0.1,1.0,1.0,U92759,768
,0.0,0.0,0.0,0.0,0.0,0.0,0.0,0.0,0.14,0.08,1.0,1.0,U51320,768
,0.0,0.0,0.0,0.0,0.0,0.0,0.0,0.0,0.14,0.11,1.0,1.0,U48853,768
,0.0,0.0,0.0,0.0,0.0,0.0,0.0,0.0,0.18,0.12,1.0,1.0,U11963,768
,0.0,0.0,0.0,0.0,0.0,0.0,0.0,0.0,0.14,0.11,1.0,1.0,U25861,768
,0.0,0.0,0.0,0.0,0.0,0.0,0.0,0.0,0.16,0.12,1.0,1.0,U59762,768
,0.0,0.0,0.0,0.0,0.0,0.0,0.0,0.0,0.04,0.02,1.0,1.0,U22092,768
,0.0,0.0,0.0,0.0,0.0,0.0,0.0,0.0,0.18,0.11,1.0,1.0,U81571,768
,0.0,0.0,0.0,0.0,0.0,0.0,0.0,0.0,0.1,0.08,1.0,1.0,U28727,768
,0.0,0.0,0.0,0.0,0.0,0.0,0.0,0.0,0.22,0.12,1.0,1.0,U27037,768
,0.0,0.0,0.0,0.0,0.0,0.0,0.0,0.0,0.2,0.11,1.0,1.0,U69569,768
,0.0,0.0,0.0,0.0,0.0,0.0,0.0,0.0,0.1,0.1,1.0,1.0,U75893,768
0.9547738693467337,0.1,0.0,0.2890648263178879,0.0,0.3333333333333333,0.3333333333333333,0.3333333333333333,0.3333333333333333,0.2,0.11,1.0,1.0,U41476,768
,0.0,0.0,0.0,0.0,0.0,0.0,0.0,0.0,0.04,0.03,1.0,1.0,U43382,768
,0.0,0.0,0.0,0.0,0.0,0.0,0.0,0.0,0.16,0.11,1.0,1.0,U32793,768
,0.0,0.0,0.0,0.0,0.0,0.0,0.0,0.0,0.08,0.09,1.0,1.0,U12367,768
,0.0,0.0,0.0,0.0,0.0,0.0,0.0,0.0,0.2,0.1,1.0,1.0,U74974,768
,0.0,0.0,0.0,0.0,0.0,0.0,0.0,0.0,0.22,0.12,1.0,1.0,U52449,0
,0.0,0.0,0.0,0.0,0.0,0.0,0.0,0.0,0.1,0.06,1.0,1.0,U90130,768
,0.0,0.0,0.0,0.0,0.0,0.0,0.0,0.0,0.14,0.1,1.0,1.0,U74527,768
,0.0,0.0,0.0,0.0,0.0,0.0,0.0,0.0,0.18,0.11,1.0,1.0,U46870,768
,0.0,0.0,0.0,0.0,0.0,0.0,0.0,0.0,0.22,0.12,1.0,1.0,U41142,768
,0.0,0.0,0.0,0.0,0.0,0.0,0.0,0.0,0.2,0.11,1.0,1.0,U49404,768
,0.0,0.0,0.0,0.0,0.0,0.0,0.0,0.0,0.14,0.1,1.0,1.0,U58379,768
0.6532663316582915,0.014285714285714285,0.0,0.0,0.0,0.0,0.0,1.0,1.0,0.16,0.09,1.0,1.0,U65180,768
,0.0,0.0,0.0,0.0,0.0,0.0,0.0,0.0,0.14,0.08,1.0,1.0,U7395,768
,0.0,0.0,0.0,0.0,0.0,0.0,0.0,0.0,0.12,0.08,1.0,1.0,U34957,768
,0.0,0.0,0.0,0.0,0.0,0.0,0.0,0.0,0.16,0.08,1.0,1.0,U20098,768
,0.0,0.0,0.0,0.0,0.0,0.0,0.0,0.0,0.12,0.1,1.0,1.0,U23974,768
,0.0,0.0,0.0,0.0,0.0,0.0,0.0,0.0,0.04,0.02,1.0,1.0,U89828,768
0.542713567839196,0.010869565217391304,0.0,0.0,0.0,0.0,0.0,1.0,1.0,0.14,0.09,1.0,1.0,U58349,768
,0.0,0.0,0.0,0.0,0.0,0.0,0.0,0.0,0.2,0.12,1.0,1.0,U28180,768
,0.0,0.0,0.0,0.0,0.0,0.0,0.0,0.0,0.04,0.02,1.0,1.0,U16310,768
,0.0,0.0,0.0,0.0,0.0,0.0,0.0,0.0,0.2,0.11,1.0,1.0,U77187,768
,0.0,0.0,0.0,0.0,0.0,0.0,0.0,0.0,0.1,0.09,1.0,1.0,U74620,768
,0.0,0.0,0.0,0.0,0.0,0.0,0.0,0.0,0.12,0.11,1.0,1.0,U21722,768
,0.0,0.0,0.0,0.0,0.0,0.0,0.0,0.0,0.14,0.12,1.0,1.0,U66370,768
,0.0,0.0,0.0,0.0,0.0,0.0,0.0,0.0,0.2,0.12,1.0,1.0,U92471,768
,0.0,0.0,0.0,0.0,0.0,0.0,0.0,0.0,0.08,0.05,1.0,1.0,U84264,768
,0.0,0.0,0.0,0.0,0.0,0.0,0.0,0.0,0.08,0.08,1.0,1.0,U48099,768
,0.0,0.0,0.0,0.0,0.0,0.0,0.0,0.0,0.24,0.14,1.0,1.0,U24,0
,0.0,0.0,0.0,0.0,0.0,0.0,0.0,0.0,0.1,0.07,1.0,1.0,U59274,768
,0.0,0.0,0.0,0.0,0.0,0.0,0.0,0.0,0.18,0.11,1.0,1.0,U22836,768
,0.0,0.0,0.0,0.0,0.0,0.0,0.0,0.0,0.16,0.1,1.0,1.0,U37410,768
0.3015075376884422,0.007142857142857143,0.0,0.0,0.0,0.0,0.0,0.0,0.1,0.18,0.09,1.0,1.0,U1992,768
,0.0,0.0,0.0,0.0,0.0,0.0,0.0,0.0,0.08,0.08,1.0,1.0,U76089,768
,0.0,0.0,0.0,0.0,0.0,0.0,0.0,0.0,0.12,0.09,1.0,1.0,U19797,768
,0.0,0.0,0.0,0.0,0.0,0.0,0.0,0.0,0.18,0.1,1.0,1.0,U45290,768
,0.0,0.0,0.0,0.0,0.0,0.0,0.0,0.0,0.2,0.12,1.0,1.0,U28876,768
,0.0,0.0,0.0,0.0,0.0,0.0,0.0,0.0,0.18,0.11,1.0,1.0,U31508,768
,0.0,0.0,0.0,0.0,0.0,0.0,0.0,0.0,0.22,0.12,1.0,1.0,U63060,0
,0.0,0.0,0.0,0.0,0.0,0.0,0.0,0.0,0.14,0.12,1.0,1.0,U5121,768
,0.0,0.0,0.0,0.0,0.0,0.0,0.0,0.0,0.2,0.13,1.0,1.0,U18690,768
,0.0,0.0,0.0,0.0,0.0,0.0,0.0,0.0,0.2,0.11,1.0,1.0,U15879,768
,0.0,0.0,0.0,0.0,0.0,0.0,0.0,0.0,0.12,0.1,1.0,1.0,U77752,768
,0.0,0.0,0.0,0.0,0.0,0.0,0.0,0.0,0.18,0.12,1.0,1.0,U61873,768
,0.0,0.0,0.0,0.0,0.0,0.0,0.0,0.0,0.06,0.04,1.0,1.0,U74813,768
,0.0,0.0,0.0,0.0,0.0,0.0,0.0,0.0,0.2,0.11,1.0,1.0,U89284,768
